signal time=1773323112.595013 sender=org.freedesktop.DBus -> destination=:1.974 serial=4294967295 path=/org/freedesktop/DBus; interface=org.freedesktop.DBus; member=NameAcquired
   string ":1.974"
signal time=1773323112.595111 sender=org.freedesktop.DBus -> destination=:1.974 serial=4294967295 path=/org/freedesktop/DBus; interface=org.freedesktop.DBus; member=NameLost
   string ":1.974"
method call time=1773323135.161005 sender=:1.975 -> destination=org.freedesktop.Notifications serial=4 path=/org/freedesktop/Notifications; interface=org.freedesktop.Notifications; member=GetCapabilities
method call time=1773323148.725007 sender=:1.529 -> destination=:1.5 serial=553 path=/org/freedesktop/Notifications; interface=org.freedesktop.Notifications; member=Notify
   string "LibreWolf"
   uint32 0
   string ""
   str
   
   string "You are now connected to Windscribe (Bucharest No Vampires)"
   array [
      string "default"
      string "Activate"
   ]
   array [
      dict entry(
         string "desktop-entry"
         variant             string "LibreWolf"
      )
      dict entry(
         string "suppress-sound"
         variant             boolean false
      )
      dict entry(
         string "image-data"
         variant             struct {
               int32 128
               int32 128
               int32 512
               boolean true
               int32 8
               int32 4
               array of bytes [
                  00 00 00 00 00 00 00 00 00 00 00 00 00 00 00 00 00 00 00 00
                  00 00 00 00 00 00 00 00 00 00 00 00 00 00 00 00 00 00 00 00
                  00 00 00 00 00 00 00 00 00 00 00 00 00 00 00 00 00 00 00 00
                  00 00 00 00 00 00 00 00 00 00 00 00 00 00 00 00 00 00 00 00
                  00 00 00 00 00 00 00 00 00 00 00 00 00 00 00 00 00 00 00 00
                  00 00 00 00 00 00 00 00 00 00 00 00 00 00 00 00 00 00 00 00
                  00 00 00 00 00 00 00 00 00 00 00 00 00 00 00 00 00 00 00 00
                  00 00 00 00 00 00 00 00 00 00 00 00 00 00 00 00 00 00 00 00
                  00 00 00 00 00 00 00 00 00 00 00 00 00 00 00 00 00 00 00 00
                  00 00 00 00 00 00 00 00 00 00 00 00 00 00 00 00 00 00 00 00
                  00 00 00 00 00 00 00 00 00 00 00 00 00 00 00 0d 00 00 00 54
                  00 00 00 90 00 00 00 c8 00 00 00 ef 00 00 00 ff 00 00 00 ff
                  00 00 00 ee 00 00 00 c4 00 00 00 83 00 00 00 30 00 00 00 00
                  00 00 00 00 00 00 00 00 00 00 00 00 00 00 00 00 00 00 00 00
                  00 00 00 00 00 00 00 00 00 00 00 00 00 00 00 00 00 00 00 00
                  00 00 00 00 00 00 00 00 00 00 00 00 00 00 00 00 00 00 00 00
                  00 00 00 00 00 00 00 00 00 00 00 00 00 00 00 00 00 00 00 00
                  00 00 00 00 00 00 00 00 00 00 00 00 00 00 00 00 00 00 00 00
                  00 00 00 00 00 00 00 00 00 00 00 00 00 00 00 00 00 00 00 00
                  00 00 00 00 00 00 00 00 00 00 00 00 00 00 00 00 00 00 00 00
                  00 00 00 00 00 00 00 00 00 00 00 00 00 00 00 00 00 00 00 00
                  00 00 00 00 00 00 00 00 00 00 00 00 00 00 00 00 00 00 00 00
                  00 00 00 00 00 00 00 00 00 00 00 00 00 00 00 00 00 00 00 00
                  00 00 00 00 00 00 00 00 00 00 00 00 00 00 00 00 00 00 00 00
                  00 00 00 00 00 00 00 00 00 00 00 00 00 00 00 00 00 00 00 00
                  00 00 00 00 00 00 00 00 00 00 00 00 00 00 00 00 00 00 00 00
                  00 00 00 00 00 00 00 00 00 00 00 00 00 00 00 00 00 00 00 00
                  00 00 00 00 00 00 00 00 00 00 00 00 00 00 00 00 00 00 00 00
                  00 00 00 00 00 00 00 00 00 00 00 00 00 00 00 00 00 00 00 00
                  00 00 00 00 00 00 00 00 00 00 00 00 00 00 00 00 00 00 00 00
                  00 00 00 00 00 00 00 00 00 00 00 00 00 00 00 00 00 00 00 00
                  00 00 00 00 00 00 00 00 00 00 00 00 00 00 00 00 00 00 00 00
                  00 00 00 00 00 00 00 00 00 00 00 00 00 00 00 00 00 00 00 00
                  00 00 00 00 00 00 00 00 00 00 00 00 00 00 00 00 00 00 00 00
                  00 00 00 00 00 00 00 00 00 00 00 00 00 00 00 00 00 00 00 00
                  00 00 00 00 00 00 00 00 00 00 00 00 00 00 00 00 00 00 00 00
                  00 00 00 00 00 00 00 00 00 00 00 00 00 00 00 00 00 00 00 29
                  00 00 00 93 00 00 00 f2 00 00 00 ff 00 00 00 ff 00 00 00 ff
                  00 00 00 ff 00 00 00 ff 00 00 00 ff 00 00 00 ff 00 00 00 ff
                  00 00 00 ff 00 00 00 ff 00 00 00 cf 00 00 00 66 00 00 00 0b
                  00 00 00 00 00 00 00 00 00 00 00 00 00 00 00 00 00 00 00 00
                  00 00 00 00 00 00 00 00 00 00 00 00 00 00 00 00 00 00 00 00
                  00 00 00 00 00 00 00 00 00 00 00 00 00 00 00 00 00 00 00 00
                  00 00 00 00 00 00 00 00 00 00 00 00 00 00 00 00 00 00 00 00
                  00 00 00 00 00 00 00 00 00 00 00 00 00 00 00 00 00 00 00 00
                  00 00 00 00 00 00 00 00 00 00 00 00 00 00 00 00 00 00 00 00
                  00 00 00 00 00 00 00 00 00 00 00 00 00 00 00 00 00 00 00 00
                  00 00 00 00 00 00 00 00 00 00 00 00 00 00 00 00 00 00 00 00
                  00 00 00 00 00 00 00 00 00 00 00 00 00 00 00 00 00 00 00 00
                  00 00 00 00 00 00 00 00 00 00 00 00 00 00 00 00 00 00 00 00
                  00 00 00 00 00 00 00 00 00 00 00 00 00 00 00 00 00 00 00 00
                  00 00 00 00 00 00 00 00 00 00 00 00 00 00 00 00 00 00 00 00
                  00 00 00 00 00 00 00 00 00 00 00 00 00 00 00 00 00 00 00 00
                  00 00 00 00 00 00 00 00 00 00 00 00 00 00 00 00 00 00 00 00
                  00 00 00 00 00 00 00 00 00 00 00 00 00 00 00 00 00 00 00 00
                  00 00 00 00 00 00 00 00 00 00 00 00 00 00 00 00 00 00 00 00
                  00 00 00 00 00 00 00 00 00 00 00 00 00 00 00 00 00 00 00 00
                  00 00 00 00 00 00 00 00 00 00 00 00 00 00 00 00 00 00 00 00
                  00 00 00 00 00 00 00 00 00 00 00 00 00 00 00 00 00 00 00 00
                  00 00 00 00 00 00 00 00 00 00 00 00 00 00 00 00 00 00 00 00
                  00 00 00 00 00 00 00 00 00 00 00 00 00 00 00 00 00 00 00 00
                  00 00 00 00 00 00 00 00 00 00 00 00 00 00 00 00 00 00 00 03
                  00 00 00 50 00 00 00 bc 00 00 00 ff 00 00 00 ff 00 00 00 ff
                  00 00 00 ff 00 00 00 ff 00 00 00 ff 00 00 00 ff 00 00 00 ff
                  00 00 00 ff 00 00 00 ff 00 00 00 ff 00 00 00 ff 00 00 00 ff
                  00 00 00 ff 00 00 00 ff 00 00 00 f2 00 00 00 93 00 00 00 2a
                  00 00 00 00 00 00 00 00 00 00 00 00 00 00 00 00 00 00 00 00
                  00 00 00 00 00 00 00 00 00 00 00 00 00 00 00 00 00 00 00 00
                  00 00 00 00 00 00 00 00 00 00 00 00 00 00 00 00 00 00 00 00
                  00 00 00 00 00 00 00 00 00 00 00 00 00 00 00 00 00 00 00 00
                  00 00 00 00 00 00 00 00 00 00 00 00 00 00 00 00 00 00 00 00
                  00 00 00 00 00 00 00 00 00 00 00 00 00 00 00 00 00 00 00 00
                  00 00 00 00 00 00 00 00 00 00 00 00 00 00 00 00 00 00 00 00
                  00 00 00 00 00 00 00 00 00 00 00 00 00 00 00 00 00 00 00 00
                  00 00 00 00 00 00 00 00 00 00 00 00 00 00 00 00 00 00 00 00
                  00 00 00 00 00 00 00 00 00 00 00 00 00 00 00 00 00 00 00 00
                  00 00 00 00 00 00 00 00 00 00 00 00 00 00 00 00 00 00 00 00
                  00 00 00 00 00 00 00 00 00 00 00 00 00 00 00 00 00 00 00 00
                  00 00 00 00 00 00 00 00 00 00 00 00 00 00 00 00 00 00 00 00
                  00 00 00 00 00 00 00 00 00 00 00 00 00 00 00 00 00 00 00 00
                  00 00 00 00 00 00 00 00 00 00 00 00 00 00 00 00 00 00 00 00
                  00 00 00 00 00 00 00 00 00 00 00 00 00 00 00 00 00 00 00 00
                  00 00 00 00 00 00 00 00 00 00 00 00 00 00 00 00 00 00 00 00
                  00 00 00 00 00 00 00 00 00 00 00 00 00 00 00 00 00 00 00 00
                  00 00 00 00 00 00 00 00 00 00 00 00 00 00 00 00 00 00 00 00
                  00 00 00 00 00 00 00 00 00 00 00 00 00 00 00 00 00 00 00 00
                  00 00 00 00 00 00 00 00 00 00 00 00 00 00 00 00 00 00 00 00
                  00 00 00 15 00 00 00 78 00 00 00 e1 00 00 00 ff 00 00 00 ff
                  00 00 00 ff 00 00 00 ff 00 00 00 ff 00 00 00 ff 00 00 00 ff
                  00 00 00 ff 00 00 00 ff 00 00 00 ff 00 00 00 ff 00 00 00 ff
                  00 00 00 ff 00 00 00 ff 00 00 00 ff 00 00 00 ff 00 00 00 ff
                  00 00 00 ff 00 00 00 ff 00 00 00 ff 00 00 00 c0 00 00 00 57
                  00 00 00 06 00 00 00 00 00 00 00 00 00 00 00 00 00 00 00 00
                  00 00 00 00 00 00 00 00 00 00 00 00 00 00 00 00 00 00 00 00
                  00 00 00 00 00 00 00 00 00 00 00 00 00 00 00 00 00 00 00 00
                  00 00 00 00 00 00 00 00 00 00 00 00 00 00 00 00 00 00 00 00
                  00 00 00 00 00 00 00 00 00 00 00 00 00 00 00 00 00 00 00 00
                  00 00 00 00 00 00 00 00 00 00 00 00 00 00 00 00 00 00 00 00
                  00 00 00 00 00 00 00 00 00 00 00 00 00 00 00 00 00 00 00 00
                  00 00 00 00 00 00 00 00 00 00 00 00 00 00 00 00 00 00 00 00
                  00 00 00 00 00 00 00 00 00 00 00 00 00 00 00 00 00 00 00 00
                  00 00 00 00 00 00 00 00 00 00 00 00 00 00 00 00 00 00 00 00
                  00 00 00 00 00 00 00 00 00 00 00 00 00 00 00 00 00 00 00 00
                  00 00 00 00 00 00 00 00 00 00 00 00 00 00 00 00 00 00 00 00
                  00 00 00 00 00 00 00 00 00 00 00 00 00 00 00 00 00 00 00 00
                  00 00 00 00 00 00 00 00 00 00 00 00 00 00 00 00 00 00 00 00
                  00 00 00 00 00 00 00 00 00 00 00 00 00 00 00 00 00 00 00 00
                  00 00 00 00 00 00 00 00 00 00 00 00 00 00 00 00 00 00 00 00
                  00 00 00 00 00 00 00 00 00 00 00 00 00 00 00 00 00 00 00 00
                  00 00 00 00 00 00 00 00 00 00 00 00 00 00 00 00 00 00 00 00
                  00 00 00 00 00 00 00 00 00 00 00 00 00 00 00 00 00 00 00 00
                  00 00 00 00 00 00 00 00 00 00 00 00 00 00 00 00 00 00 00 00
                  00 00 00 00 00 00 00 36 00 00 00 a1 00 00 00 f9 00 00 00 ff
                  00 00 00 ff 00 00 00 ff 00 00 00 ff 00 00 00 ff 00 00 00 ff
                  00 00 00 ff 00 00 00 ff 00 00 00 ff 00 00 00 ff 00 00 00 ff
                  00 00 00 ff 00 00 00 ff 00 00 00 ff 00 00 00 ff 00 00 00 ff
                  00 00 00 ff 00 00 00 ff 00 00 00 ff 00 00 00 ff 00 00 00 ff
                  00 00 00 ff 00 00 00 ff 00 00 00 ff 00 00 00 e8 00 00 00 84
                  00 00 00 1e 00 00 00 00 00 00 00 00 00 00 00 00 00 00 00 00
                  00 00 00 00 00 00 00 00 00 00 00 00 00 00 00 00 00 00 00 00
                  00 00 00 00 00 00 00 00 00 00 00 00 00 00 00 00 00 00 00 00
                  00 00 00 00 00 00 00 00 00 00 00 00 00 00 00 00 00 00 00 00
                  00 00 00 00 00 00 00 00 00 00 00 00 00 00 00 00 00 00 00 00
                  00 00 00 00 00 00 00 00 00 00 00 00 00 00 00 00 00 00 00 00
                  00 00 00 00 00 00 00 00 00 00 00 00 00 00 00 00 00 00 00 00
                  00 00 00 00 00 00 00 00 00 00 00 00 00 00 00 00 00 00 00 00
                  00 00 00 00 00 00 00 00 00 00 00 00 00 00 00 00 00 00 00 00
                  00 00 00 00 00 00 00 00 00 00 00 00 00 00 00 00 00 00 00 00
                  00 00 00 00 00 00 00 00 00 00 00 00 00 00 00 00 00 00 00 00
                  00 00 00 00 00 00 00 00 00 00 00 00 00 00 00 00 00 00 00 00
                  00 00 00 00 00 00 00 00 00 00 00 00 00 00 00 00 00 00 00 00
                  00 00 00 00 00 00 00 00 00 00 00 00 00 00 00 00 00 00 00 00
                  00 00 00 00 00 00 00 00 00 00 00 00 00 00 00 00 00 00 00 00
                  00 00 00 00 00 00 00 00 00 00 00 00 00 00 00 00 00 00 00 00
                  00 00 00 00 00 00 00 00 00 00 00 00 00 00 00 00 00 00 00 00
                  00 00 00 00 00 00 00 00 00 00 00 00 00 00 00 00 00 00 00 00
                  00 00 00 00 00 00 00 00 00 00 00 00 00 00 00 00 00 00 00 00
                  00 00 00 00 00 00 00 07 00 00 00 5f 00 00 00 ca 00 00 00 ff
                  00 00 00 ff 00 00 00 ff 00 00 00 ff 00 00 00 ff 00 00 00 ff
                  00 00 00 ff 00 00 00 ff 00 00 00 ff 00 00 00 ff 00 00 00 ff
                  00 00 00 ff 00 00 00 ff 00 00 00 ff 00 00 00 ff 00 00 00 ff
                  00 00 00 ff 00 00 00 ff 00 00 00 ff 00 00 00 ff 00 00 00 ff
                  00 00 00 ff 00 00 00 ff 00 00 00 ff 00 00 00 ff 00 00 00 ff
                  00 00 00 ff 00 00 00 ff 00 00 00 ff 00 00 00 fd 00 00 00 b1
                  00 00 00 48 00 00 00 02 00 00 00 00 00 00 00 00 00 00 00 00
                  00 00 00 00 00 00 00 00 00 00 00 00 00 00 00 00 00 00 00 00
                  00 00 00 00 00 00 00 00 00 00 00 00 00 00 00 00 00 00 00 00
                  00 00 00 00 00 00 00 00 00 00 00 00 00 00 00 00 00 00 00 00
                  00 00 00 00 00 00 00 00 00 00 00 00 00 00 00 00 00 00 00 00
                  00 00 00 00 00 00 00 00 00 00 00 00 00 00 00 00 00 00 00 00
                  00 00 00 00 00 00 00 00 00 00 00 00 00 00 00 00 00 00 00 00
                  00 00 00 00 00 00 00 00 00 00 00 00 00 00 00 00 00 00 00 00
                  00 00 00 00 00 00 00 00 00 00 00 00 00 00 00 00 00 00 00 00
                  00 00 00 00 00 00 00 00 00 00 00 00 00 00 00 00 00 00 00 00
                  00 00 00 00 00 00 00 00 00 00 00 00 00 00 00 00 00 00 00 00
                  00 00 00 00 00 00 00 00 00 00 00 00 00 00 00 00 00 00 00 00
                  00 00 00 00 00 00 00 00 00 00 00 00 00 00 00 00 00 00 00 00
                  00 00 00 00 00 00 00 00 00 00 00 00 00 00 00 00 00 00 00 00
                  00 00 00 00 00 00 00 00 00 00 00 00 00 00 00 00 00 00 00 00
                  00 00 00 00 00 00 00 00 00 00 00 00 00 00 00 00 00 00 00 00
                  00 00 00 00 00 00 00 00 00 00 00 00 00 00 00 00 00 00 00 00
                  00 00 00 00 00 00 00 00 00 00 00 00 00 00 00 00 00 00 00 00
                  00 00 00 00 00 00 00 00 00 00 00 1f 00 00 00 87 00 00 00 eb
                  00 00 00 ff 00 00 00 ff 00 00 00 ff 00 00 00 ff 00 00 00 ff
                  00 00 00 ff 00 00 00 ff 00 00 00 ff 00 00 00 ff 00 00 00 ff
                  00 00 00 ff 00 00 00 ff 07 07 00 ff 5b 55 01 ff a7 9c 01 ff
                  dd ce 02 ff f9 e8 02 ff fe ed 02 ff d8 ca 02 ff 88 7f 01 ff
                  2d 2a 00 ff 00 00 00 ff 00 00 00 ff 00 00 00 ff 00 00 00 ff
                  00 00 00 ff 00 00 00 ff 00 00 00 ff 00 00 00 ff 00 00 00 ff
                  00 00 00 ff 00 00 00 ff 00 00 00 ff 00 00 00 ff 00 00 00 dd
                  00 00 00 75 00 00 00 14 00 00 00 00 00 00 00 00 00 00 00 00
                  00 00 00 00 00 00 00 00 00 00 00 00 00 00 00 00 00 00 00 00
                  00 00 00 00 00 00 00 00 00 00 00 00 00 00 00 00 00 00 00 00
                  00 00 00 00 00 00 00 00 00 00 00 00 00 00 00 00 00 00 00 00
                  00 00 00 00 00 00 00 00 00 00 00 00 00 00 00 00 00 00 00 00
                  00 00 00 00 00 00 00 00 00 00 00 00 00 00 00 00 00 00 00 00
                  00 00 00 00 00 00 00 00 00 00 00 00 00 00 00 00 00 00 00 00
                  00 00 00 00 00 00 00 00 00 00 00 00 00 00 00 00 00 00 00 00
                  00 00 00 00 00 00 00 00 00 00 00 00 00 00 00 00 00 00 00 00
                  00 00 00 00 00 00 00 00 00 00 00 00 00 00 00 00 00 00 00 00
                  00 00 00 00 00 00 00 00 00 00 00 00 00 00 00 00 00 00 00 00
                  00 00 00 00 00 00 00 00 00 00 00 00 00 00 00 00 00 00 00 00
                  00 00 00 00 00 00 00 00 00 00 00 00 00 00 00 00 00 00 00 00
                  00 00 00 00 00 00 00 00 00 00 00 00 00 00 00 00 00 00 00 00
                  00 00 00 00 00 00 00 00 00 00 00 00 00 00 00 00 00 00 00 00
                  00 00 00 00 00 00 00 00 00 00 00 00 00 00 00 00 00 00 00 00
                  00 00 00 00 00 00 00 00 00 00 00 00 00 00 00 00 00 00 00 00
                  00 00 00 00 00 00 00 00 00 00 00 01 00 00 00 44 00 00 00 b0
                  00 00 00 fd 00 00 00 ff 00 00 00 ff 00 00 00 ff 00 00 00 ff
                  00 00 00 ff 00 00 00 ff 00 00 00 ff 00 00 00 ff 00 00 00 ff
                  00 00 00 ff 00 00 00 ff 00 00 00 ff 1d 1b 00 ff 85 7c 01 ff
                  ea da 02 ff ff ee 02 ff ff ee 02 ff ff ee 02 ff ff ee 02 ff
                  ff ee 02 ff ff ee 02 ff ff ee 02 ff ff ee 02 ff c4 b7 02 ff
                  5b 55 01 ff 07 07 00 ff 00 00 00 ff 00 00 00 ff 00 00 00 ff
                  00 00 00 ff 00 00 00 ff 00 00 00 ff 00 00 00 ff 00 00 00 ff
                  00 00 00 ff 00 00 00 ff 00 00 00 ff 00 00 00 ff 00 00 00 f8
                  00 00 00 a2 00 00 00 39 00 00 00 00 00 00 00 00 00 00 00 00
                  00 00 00 00 00 00 00 00 00 00 00 00 00 00 00 00 00 00 00 00
                  00 00 00 00 00 00 00 00 00 00 00 00 00 00 00 00 00 00 00 00
                  00 00 00 00 00 00 00 00 00 00 00 00 00 00 00 00 00 00 00 00
                  00 00 00 00 00 00 00 00 00 00 00 00 00 00 00 00 00 00 00 00
                  00 00 00 00 00 00 00 00 00 00 00 00 00 00 00 00 00 00 00 00
                  00 00 00 00 00 00 00 00 00 00 00 00 00 00 00 00 00 00 00 00
                  00 00 00 00 00 00 00 00 00 00 00 00 00 00 00 00 00 00 00 00
                  00 00 00 00 00 00 00 00 00 00 00 00 00 00 00 00 00 00 00 00
                  00 00 00 00 00 00 00 00 00 00 00 00 00 00 00 00 00 00 00 00
                  00 00 00 00 00 00 00 00 00 00 00 00 00 00 00 00 00 00 00 00
                  00 00 00 00 00 00 00 00 00 00 00 00 00 00 00 00 00 00 00 00
                  00 00 00 00 00 00 00 00 00 00 00 00 00 00 00 00 00 00 00 00
                  00 00 00 00 00 00 00 00 00 00 00 00 00 00 00 00 00 00 00 00
                  00 00 00 00 00 00 00 00 00 00 00 00 00 00 00 00 00 00 00 00
                  00 00 00 00 00 00 00 00 00 00 00 00 00 00 00 00 00 00 00 00
                  00 00 00 00 00 00 00 00 00 00 00 00 00 00 00 0e 00 00 00 6d
                  00 00 00 d7 00 00 00 ff 00 00 00 ff 00 00 00 ff 00 00 00 ff
                  00 00 00 ff 00 00 00 ff 00 00 00 ff 00 00 00 ff 00 00 00 ff
                  00 00 00 ff 00 00 00 ff 00 00 00 ff 01 01 00 ff 41 3d 01 ff
                  ae a2 01 ff fc eb 02 ff ff ee 02 ff ff ee 02 ff ff ee 02 ff
                  ff ee 02 ff ff ee 02 ff ff ee 02 ff ff ee 02 ff ff ee 02 ff
                  ff ee 02 ff ff ee 02 ff ff ee 02 ff ff ee 02 ff ea da 02 ff
                  88 7f 01 ff 21 1f 00 ff 00 00 00 ff 00 00 00 ff 00 00 00 ff
                  00 00 00 ff 00 00 00 ff 00 00 00 ff 00 00 00 ff 00 00 00 ff
                  00 00 00 ff 00 00 00 ff 00 00 00 ff 00 00 00 ff 00 00 00 ff
                  00 00 00 d0 00 00 00 66 00 00 00 0b 00 00 00 00 00 00 00 00
                  00 00 00 00 00 00 00 00 00 00 00 00 00 00 00 00 00 00 00 00
                  00 00 00 00 00 00 00 00 00 00 00 00 00 00 00 00 00 00 00 00
                  00 00 00 00 00 00 00 00 00 00 00 00 00 00 00 00 00 00 00 00
                  00 00 00 00 00 00 00 00 00 00 00 00 00 00 00 00 00 00 00 00
                  00 00 00 00 00 00 00 00 00 00 00 00 00 00 00 00 00 00 00 00
                  00 00 00 00 00 00 00 00 00 00 00 00 00 00 00 00 00 00 00 00
                  00 00 00 00 00 00 00 00 00 00 00 00 00 00 00 00 00 00 00 00
                  00 00 00 00 00 00 00 00 00 00 00 00 00 00 00 00 00 00 00 00
                  00 00 00 00 00 00 00 00 00 00 00 00 00 00 00 00 00 00 00 00
                  00 00 00 00 00 00 00 00 00 00 00 00 00 00 00 00 00 00 00 00
                  00 00 00 00 00 00 00 00 00 00 00 00 00 00 00 00 00 00 00 00
                  00 00 00 00 00 00 00 00 00 00 00 00 00 00 00 00 00 00 00 00
                  00 00 00 00 00 00 00 00 00 00 00 00 00 00 00 00 00 00 00 00
                  00 00 00 00 00 00 00 00 00 00 00 00 00 00 00 00 00 00 00 00
                  00 00 00 00 00 00 00 00 00 00 00 00 00 00 00 00 00 00 00 2b
                  00 00 00 95 00 00 00 f3 00 00 00 ff 00 00 00 ff 00 00 00 ff
                  00 00 00 ff 00 00 00 ff 00 00 00 ff 00 00 00 ff 00 00 00 ff
                  00 00 00 ff 00 00 00 ff 00 00 00 ff 00 00 00 ff 0d 0c 00 ff
                  6b 64 01 ff d5 c7 02 ff ff ee 02 ff ff ee 02 ff ff ee 02 ff
                  ff ee 02 ff ff ee 02 ff ff ee 02 ff ff ee 02 ff ff ee 02 ff
                  ff ee 02 ff ff ee 02 ff ff ee 02 ff ff ee 02 ff ff ee 02 ff
                  ff ee 02 ff ff ee 02 ff ff ee 02 ff ff ee 02 ff fe ed 02 ff
                  b5 a9 01 ff 4c 47 01 ff 02 02 00 ff 00 00 00 ff 00 00 00 ff
                  00 00 00 ff 00 00 00 ff 00 00 00 ff 00 00 00 ff 00 00 00 ff
                  00 00 00 ff 00 00 00 ff 00 00 00 ff 00 00 00 ff 00 00 00 ff
                  00 00 00 f2 00 00 00 93 00 00 00 2a 00 00 00 00 00 00 00 00
                  00 00 00 00 00 00 00 00 00 00 00 00 00 00 00 00 00 00 00 00
                  00 00 00 00 00 00 00 00 00 00 00 00 00 00 00 00 00 00 00 00
                  00 00 00 00 00 00 00 00 00 00 00 00 00 00 00 00 00 00 00 00
                  00 00 00 00 00 00 00 00 00 00 00 00 00 00 00 00 00 00 00 00
                  00 00 00 00 00 00 00 00 00 00 00 00 00 00 00 00 00 00 00 00
                  00 00 00 00 00 00 00 00 00 00 00 00 00 00 00 00 00 00 00 00
                  00 00 00 00 00 00 00 00 00 00 00 00 00 00 00 00 00 00 00 00
                  00 00 00 00 00 00 00 00 00 00 00 00 00 00 00 00 00 00 00 00
                  00 00 00 00 00 00 00 00 00 00 00 00 00 00 00 00 00 00 00 00
                  00 00 00 00 00 00 00 00 00 00 00 00 00 00 00 00 00 00 00 00
                  00 00 00 00 00 00 00 00 00 00 00 00 00 00 00 00 00 00 00 00
                  00 00 00 00 00 00 00 00 00 00 00 00 00 00 00 00 00 00 00 00
                  00 00 00 00 00 00 00 00 00 00 00 00 00 00 00 00 00 00 00 00
                  00 00 00 00 00 00 00 00 00 00 00 00 00 00 00 00 00 00 00 04
                  00 00 00 52 00 00 00 bf 00 00 00 ff 00 00 00 ff 00 00 00 ff
                  00 00 00 ff 00 00 00 ff 00 00 00 ff 00 00 00 ff 00 00 00 ff
                  00 00 00 ff 00 00 00 ff 00 00 00 ff 00 00 00 ff 00 00 00 ff
                  29 26 00 ff 93 89 01 ff f2 e2 02 ff ff ee 02 ff ff ee 02 ff
                  ff ee 02 ff ff ee 02 ff ff ee 02 ff ff ee 02 ff ff ee 02 ff
                  ff ee 02 ff ff ee 02 ff ff ee 02 ff ff ee 02 ff ff ee 02 ff
                  ff ee 02 ff ff ee 02 ff ff ee 02 ff ff ee 02 ff ff ee 02 ff
                  ff ee 02 ff ff ee 02 ff ff ee 02 ff ff ee 02 ff ff ee 02 ff
                  e0 d1 02 ff 79 71 01 ff 16 15 00 ff 00 00 00 ff 00 00 00 ff
                  00 00 00 ff 00 00 00 ff 00 00 00 ff 00 00 00 ff 00 00 00 ff
                  00 00 00 ff 00 00 00 ff 00 00 00 ff 00 00 00 ff 00 00 00 ff
                  00 00 00 ff 00 00 00 c0 00 00 00 57 00 00 00 06 00 00 00 00
                  00 00 00 00 00 00 00 00 00 00 00 00 00 00 00 00 00 00 00 00
                  00 00 00 00 00 00 00 00 00 00 00 00 00 00 00 00 00 00 00 00
                  00 00 00 00 00 00 00 00 00 00 00 00 00 00 00 00 00 00 00 00
                  00 00 00 00 00 00 00 00 00 00 00 00 00 00 00 00 00 00 00 00
                  00 00 00 00 00 00 00 00 00 00 00 00 00 00 00 00 00 00 00 00
                  00 00 00 00 00 00 00 00 00 00 00 00 00 00 00 00 00 00 00 00
                  00 00 00 00 00 00 00 00 00 00 00 00 00 00 00 00 00 00 00 00
                  00 00 00 00 00 00 00 00 00 00 00 00 00 00 00 00 00 00 00 00
                  00 00 00 00 00 00 00 00 00 00 00 00 00 00 00 00 00 00 00 00
                  00 00 00 00 00 00 00 00 00 00 00 00 00 00 00 00 00 00 00 00
                  00 00 00 00 00 00 00 00 00 00 00 00 00 00 00 00 00 00 00 00
                  00 00 00 00 00 00 00 00 00 00 00 00 00 00 00 00 00 00 00 00
                  00 00 00 00 00 00 00 00 00 00 00 00 00 00 00 00 00 00 00 00
                  00 00 00 16 00 00 00 7b 00 00 00 e3 00 00 00 ff 00 00 00 ff
                  00 00 00 ff 00 00 00 ff 00 00 00 ff 00 00 00 ff 00 00 00 ff
                  00 00 00 ff 00 00 00 ff 00 00 00 ff 00 00 00 ff 00 00 00 ff
                  03 03 00 ff 50 4b 01 ff bc af 01 ff ff ee 02 ff ff ee 02 ff
                  ff ee 02 ff ff ee 02 ff ff ee 02 ff ff ee 02 ff ff ee 02 ff
                  ff ee 02 ff ff ee 02 ff ff ee 02 ff ff ee 02 ff ff ee 02 ff
                  ff ee 02 ff ff ee 02 ff ff ee 02 ff ff ee 02 ff ff ee 02 ff
                  ff ee 02 ff ff ee 02 ff ff ee 02 ff ff ee 02 ff ff ee 02 ff
                  ff ee 02 ff ff ee 02 ff ff ee 02 ff ff ee 02 ff ff ee 02 ff
                  fa e9 02 ff a6 9b 01 ff 3d 39 00 ff 00 00 00 ff 00 00 00 ff
                  00 00 00 ff 00 00 00 ff 00 00 00 ff 00 00 00 ff 00 00 00 ff
                  00 00 00 ff 00 00 00 ff 00 00 00 ff 00 00 00 ff 00 00 00 ff
                  00 00 00 ff 00 00 00 e8 00 00 00 84 00 00 00 1e 00 00 00 00
                  00 00 00 00 00 00 00 00 00 00 00 00 00 00 00 00 00 00 00 00
                  00 00 00 00 00 00 00 00 00 00 00 00 00 00 00 00 00 00 00 00
                  00 00 00 00 00 00 00 00 00 00 00 00 00 00 00 00 00 00 00 00
                  00 00 00 00 00 00 00 00 00 00 00 00 00 00 00 00 00 00 00 00
                  00 00 00 00 00 00 00 00 00 00 00 00 00 00 00 00 00 00 00 00
                  00 00 00 00 00 00 00 00 00 00 00 00 00 00 00 00 00 00 00 00
                  00 00 00 00 00 00 00 00 00 00 00 00 00 00 00 00 00 00 00 00
                  00 00 00 00 00 00 00 00 00 00 00 00 00 00 00 00 00 00 00 00
                  00 00 00 00 00 00 00 00 00 00 00 00 00 00 00 00 00 00 00 00
                  00 00 00 00 00 00 00 00 00 00 00 00 00 00 00 00 00 00 00 00
                  00 00 00 00 00 00 00 00 00 00 00 00 00 00 00 00 00 00 00 00
                  00 00 00 00 00 00 00 00 00 00 00 00 00 00 00 00 00 00 00 00
                  00 00 00 00 00 00 00 38 00 00 00 a3 00 00 00 f9 00 00 00 ff
                  00 00 00 ff 00 00 00 ff 00 00 00 ff 00 00 00 ff 00 00 00 ff
                  00 00 00 ff 00 00 00 ff 00 00 00 ff 00 00 00 ff 00 00 00 ff
                  00 00 00 ff 15 14 00 ff 79 71 01 ff e1 d2 02 ff ff ee 02 ff
                  ff ee 02 ff ff ee 02 ff ff ee 02 ff ff ee 02 ff ff ee 02 ff
                  ff ee 02 ff ff ee 02 ff ff ee 02 ff ff ee 02 ff ff ee 02 ff
                  ff ee 02 ff ff ee 02 ff fa e9 02 ff a7 9c 01 ff 52 4d 01 ff
                  42 3e 01 ff 94 8a 01 ff f2 e2 02 ff ff ee 02 ff ff ee 02 ff
                  ff ee 02 ff ff ee 02 ff ff ee 02 ff ff ee 02 ff ff ee 02 ff
                  ff ee 02 ff ff ee 02 ff ff ee 02 ff ff ee 02 ff ff ee 02 ff
                  ff ee 02 ff d3 c5 02 ff 6a 63 01 ff 0d 0c 00 ff 00 00 00 ff
                  00 00 00 ff 00 00 00 ff 00 00 00 ff 00 00 00 ff 00 00 00 ff
                  00 00 00 ff 00 00 00 ff 00 00 00 ff 00 00 00 ff 00 00 00 ff
                  00 00 00 ff 00 00 00 fd 00 00 00 b1 00 00 00 48 00 00 00 02
                  00 00 00 00 00 00 00 00 00 00 00 00 00 00 00 00 00 00 00 00
                  00 00 00 00 00 00 00 00 00 00 00 00 00 00 00 00 00 00 00 00
                  00 00 00 00 00 00 00 00 00 00 00 00 00 00 00 00 00 00 00 00
                  00 00 00 00 00 00 00 00 00 00 00 00 00 00 00 00 00 00 00 00
                  00 00 00 00 00 00 00 00 00 00 00 00 00 00 00 00 00 00 00 00
                  00 00 00 00 00 00 00 00 00 00 00 00 00 00 00 00 00 00 00 00
                  00 00 00 00 00 00 00 00 00 00 00 00 00 00 00 00 00 00 00 00
                  00 00 00 00 00 00 00 00 00 00 00 00 00 00 00 00 00 00 00 00
                  00 00 00 00 00 00 00 00 00 00 00 00 00 00 00 00 00 00 00 00
                  00 00 00 00 00 00 00 00 00 00 00 00 00 00 00 00 00 00 00 00
                  00 00 00 00 00 00 00 00 00 00 00 00 00 00 00 00 00 00 00 00
                  00 00 00 00 00 00 00 08 00 00 00 61 00 00 00 cd 00 00 00 ff
                  00 00 00 ff 00 00 00 ff 00 00 00 ff 00 00 00 ff 00 00 00 ff
                  00 00 00 ff 00 00 00 ff 00 00 00 ff 00 00 00 ff 00 00 00 ff
                  00 00 00 ff 00 00 00 ff 36 32 00 ff a1 96 01 ff f9 e8 02 ff
                  ff ee 02 ff ff ee 02 ff ff ee 02 ff ff ee 02 ff ff ee 02 ff
                  ff ee 02 ff ff ee 02 ff ff ee 02 ff ff ee 02 ff ff ee 02 ff
                  ff ee 02 ff ff ee 02 ff ff ee 02 ff e3 d4 02 ff 7c 74 01 ff
                  17 15 00 ff 00 00 00 ff 00 00 00 ff 00 00 00 ff 00 00 00 ff
                  0d 0c 00 ff 69 62 01 ff d4 c6 02 ff ff ee 02 ff ff ee 02 ff
                  ff ee 02 ff ff ee 02 ff ff ee 02 ff ff ee 02 ff ff ee 02 ff
                  ff ee 02 ff ff ee 02 ff ff ee 02 ff ff ee 02 ff ff ee 02 ff
                  ff ee 02 ff f3 e3 02 ff 97 8d 01 ff 2e 2b 00 ff 00 00 00 ff
                  00 00 00 ff 00 00 00 ff 00 00 00 ff 00 00 00 ff 00 00 00 ff
                  00 00 00 ff 00 00 00 ff 00 00 00 ff 00 00 00 ff 00 00 00 ff
                  00 00 00 ff 00 00 00 ff 00 00 00 dd 00 00 00 75 00 00 00 14
                  00 00 00 00 00 00 00 00 00 00 00 00 00 00 00 00 00 00 00 00
                  00 00 00 00 00 00 00 00 00 00 00 00 00 00 00 00 00 00 00 00
                  00 00 00 00 00 00 00 00 00 00 00 00 00 00 00 00 00 00 00 00
                  00 00 00 00 00 00 00 00 00 00 00 00 00 00 00 00 00 00 00 00
                  00 00 00 00 00 00 00 00 00 00 00 00 00 00 00 00 00 00 00 00
                  00 00 00 00 00 00 00 00 00 00 00 00 00 00 00 00 00 00 00 00
                  00 00 00 00 00 00 00 00 00 00 00 00 00 00 00 00 00 00 00 00
                  00 00 00 00 00 00 00 00 00 00 00 00 00 00 00 00 00 00 00 00
                  00 00 00 00 00 00 00 00 00 00 00 00 00 00 00 00 00 00 00 00
                  00 00 00 00 00 00 00 00 00 00 00 00 00 00 00 00 00 00 00 00
                  00 00 00 00 00 00 00 00 00 00 00 20 00 00 00 89 00 00 00 ed
                  00 00 00 ff 00 00 00 ff 00 00 00 ff 00 00 00 ff 00 00 00 ff
                  00 00 00 ff 00 00 00 ff 00 00 00 ff 00 00 00 ff 00 00 00 ff
                  00 00 00 ff 00 00 00 ff 07 07 00 ff 5f 59 01 ff ca bd 02 ff
                  ff ee 02 ff ff ee 02 ff ff ee 02 ff ff ee 02 ff ff ee 02 ff
                  ff ee 02 ff ff ee 02 ff ff ee 02 ff ff ee 02 ff ff ee 02 ff
                  ff ee 02 ff ff ee 02 ff ff ee 02 ff ff ee 02 ff bc af 01 ff
                  51 4c 01 ff 04 04 00 ff 00 00 00 ff 00 00 00 ff 00 00 00 ff
                  00 00 00 ff 00 00 00 ff 00 00 00 ff 00 00 00 ff 00 00 00 ff
                  00 00 00 ff 3f 3b 00 ff a9 9e 01 ff fb ea 02 ff ff ee 02 ff
                  ff ee 02 ff ff ee 02 ff ff ee 02 ff ff ee 02 ff ff ee 02 ff
                  ff ee 02 ff ff ee 02 ff ff ee 02 ff ff ee 02 ff ff ee 02 ff
                  ff ee 02 ff ff ee 02 ff c4 b7 02 ff 5b 55 01 ff 07 07 00 ff
                  00 00 00 ff 00 00 00 ff 00 00 00 ff 00 00 00 ff 00 00 00 ff
                  00 00 00 ff 00 00 00 ff 00 00 00 ff 00 00 00 ff 00 00 00 ff
                  00 00 00 ff 00 00 00 ff 00 00 00 f8 00 00 00 a2 00 00 00 39
                  00 00 00 00 00 00 00 00 00 00 00 00 00 00 00 00 00 00 00 00
                  00 00 00 00 00 00 00 00 00 00 00 00 00 00 00 00 00 00 00 00
                  00 00 00 00 00 00 00 00 00 00 00 00 00 00 00 00 00 00 00 00
                  00 00 00 00 00 00 00 00 00 00 00 00 00 00 00 00 00 00 00 00
                  00 00 00 00 00 00 00 00 00 00 00 00 00 00 00 00 00 00 00 00
                  00 00 00 00 00 00 00 00 00 00 00 00 00 00 00 00 00 00 00 00
                  00 00 00 00 00 00 00 00 00 00 00 00 00 00 00 00 00 00 00 00
                  00 00 00 00 00 00 00 00 00 00 00 00 00 00 00 00 00 00 00 00
                  00 00 00 00 00 00 00 00 00 00 00 00 00 00 00 00 00 00 00 00
                  00 00 00 00 00 00 00 00 00 00 00 01 00 00 00 46 00 00 00 b1
                  00 00 00 fe 00 00 00 ff 00 00 00 ff 00 00 00 ff 00 00 00 ff
                  00 00 00 ff 00 00 00 ff 00 00 00 ff 00 00 00 ff 00 00 00 ff
                  00 00 00 ff 00 00 00 ff 00 00 00 ff 1f 1d 00 ff 88 7f 01 ff
                  eb db 02 ff ff ee 02 ff ff ee 02 ff ff ee 02 ff ff ee 02 ff
                  ff ee 02 ff ff ee 02 ff ff ee 02 ff ff ee 02 ff ff ee 02 ff
                  ff ee 02 ff ff ee 02 ff ff ee 02 ff ff ee 02 ff f1 e1 02 ff
                  91 87 01 ff 28 25 00 ff 00 00 00 ff 00 00 00 ff 00 00 00 ff
                  00 00 00 ff 00 00 00 ff 00 00 00 ff 00 00 00 ff 00 00 00 ff
                  00 00 00 ff 00 00 00 ff 00 00 00 ff 00 00 00 ff 00 00 00 ff
                  00 00 00 ff 19 17 00 ff 7f 77 01 ff e5 d6 02 ff ff ee 02 ff
                  ff ee 02 ff ff ee 02 ff ff ee 02 ff ff ee 02 ff ff ee 02 ff
                  ff ee 02 ff ff ee 02 ff ff ee 02 ff ff ee 02 ff ff ee 02 ff
                  ff ee 02 ff ff ee 02 ff ea da 02 ff 88 7f 01 ff 21 1f 00 ff
                  00 00 00 ff 00 00 00 ff 00 00 00 ff 00 00 00 ff 00 00 00 ff
                  00 00 00 ff 00 00 00 ff 00 00 00 ff 00 00 00 ff 00 00 00 ff
                  00 00 00 ff 00 00 00 ff 00 00 00 ff 00 00 00 d0 00 00 00 66
                  00 00 00 09 00 00 00 00 00 00 00 00 00 00 00 00 00 00 00 00
                  00 00 00 00 00 00 00 00 00 00 00 00 00 00 00 00 00 00 00 00
                  00 00 00 00 00 00 00 00 00 00 00 00 00 00 00 00 00 00 00 00
                  00 00 00 00 00 00 00 00 00 00 00 00 00 00 00 00 00 00 00 00
                  00 00 00 00 00 00 00 00 00 00 00 00 00 00 00 00 00 00 00 00
                  00 00 00 00 00 00 00 00 00 00 00 00 00 00 00 00 00 00 00 00
                  00 00 00 00 00 00 00 00 00 00 00 00 00 00 00 00 00 00 00 00
                  00 00 00 00 00 00 00 00 00 00 00 00 00 00 00 00 00 00 00 00
                  00 00 00 00 00 00 00 00 00 00 00 00 00 00 00 00 00 00 00 48
                  00 00 00 d0 00 00 00 ff 00 00 00 ff 00 00 00 ff 00 00 00 ff
                  00 00 00 ff 00 00 00 ff 00 00 00 ff 00 00 00 ff 00 00 00 ff
                  00 00 00 ff 00 00 00 ff 00 00 00 ff 01 01 00 ff 44 3f 01 ff
                  b0 a4 01 ff fd ec 02 ff ff ee 02 ff ff ee 02 ff ff ee 02 ff
                  ff ee 02 ff ff ee 02 ff ff ee 02 ff ff ee 02 ff ff ee 02 ff
                  ff ee 02 ff ff ee 02 ff ff ee 02 ff ff ee 02 ff ff ee 02 ff
                  d0 c2 02 ff 65 5e 01 ff 0b 0a 00 ff 00 00 00 ff 00 00 00 ff
                  00 00 00 ff 00 00 00 ff 00 00 00 ff 00 00 00 ff 00 00 00 ff
                  00 00 00 ff 00 00 00 ff 00 00 00 ff 00 00 00 ff 00 00 00 ff
                  00 00 00 ff 00 00 00 ff 00 00 00 ff 00 00 00 ff 00 00 00 ff
                  00 00 00 ff 04 04 00 ff 54 4e 01 ff be b1 01 ff ff ee 02 ff
                  ff ee 02 ff ff ee 02 ff ff ee 02 ff ff ee 02 ff ff ee 02 ff
                  ff ee 02 ff ff ee 02 ff ff ee 02 ff ff ee 02 ff ff ee 02 ff
                  ff ee 02 ff ff ee 02 ff fe ed 02 ff b5 a9 01 ff 4c 47 01 ff
                  02 02 00 ff 00 00 00 ff 00 00 00 ff 00 00 00 ff 00 00 00 ff
                  00 00 00 ff 00 00 00 ff 00 00 00 ff 00 00 00 ff 00 00 00 ff
                  00 00 00 ff 00 00 00 ff 00 00 00 ff 00 00 00 e4 00 00 00 5d
                  00 00 00 00 00 00 00 00 00 00 00 00 00 00 00 00 00 00 00 00
                  00 00 00 00 00 00 00 00 00 00 00 00 00 00 00 00 00 00 00 00
                  00 00 00 00 00 00 00 00 00 00 00 00 00 00 00 00 00 00 00 00
                  00 00 00 00 00 00 00 00 00 00 00 00 00 00 00 00 00 00 00 00
                  00 00 00 00 00 00 00 00 00 00 00 00 00 00 00 00 00 00 00 00
                  00 00 00 00 00 00 00 00 00 00 00 00 00 00 00 00 00 00 00 00
                  00 00 00 00 00 00 00 00 00 00 00 00 00 00 00 00 00 00 00 00
                  00 00 00 00 00 00 00 00 00 00 00 00 00 00 00 00 00 00 00 00
                  00 00 00 0b 00 00 00 9f 00 00 00 ff 00 00 00 ff 00 00 00 ff
                  00 00 00 ff 00 00 00 ff 00 00 00 ff 00 00 00 ff 00 00 00 ff
                  00 00 00 ff 00 00 00 ff 00 00 00 ff 00 00 00 ff 0e 0d 00 ff
                  6d 66 01 ff d7 c9 02 ff ff ee 02 ff ff ee 02 ff ff ee 02 ff
                  ff ee 02 ff ff ee 02 ff ff ee 02 ff ff ee 02 ff ff ee 02 ff
                  ff ee 02 ff ff ee 02 ff ff ee 02 ff ff ee 02 ff ff ee 02 ff
                  fa e9 02 ff a5 9a 01 ff 3b 37 00 ff 00 00 00 ff 00 00 00 ff
                  00 00 00 ff 00 00 00 ff 00 00 00 ff 00 00 00 ff 00 00 00 ff
                  00 00 00 ff 00 00 00 ff 00 00 00 ff 00 00 00 ff 00 00 00 ff
                  00 00 00 ff 00 00 00 ff 00 00 00 ff 00 00 00 ff 00 00 00 ff
                  00 00 00 ff 00 00 00 ff 00 00 00 ff 00 00 00 ff 00 00 00 ff
                  00 00 00 ff 00 00 00 ff 29 26 00 ff 92 88 01 ff f2 e2 02 ff
                  ff ee 02 ff ff ee 02 ff ff ee 02 ff ff ee 02 ff ff ee 02 ff
                  ff ee 02 ff ff ee 02 ff ff ee 02 ff ff ee 02 ff ff ee 02 ff
                  ff ee 02 ff ff ee 02 ff ff ee 02 ff e0 d1 02 ff 79 71 01 ff
                  16 15 00 ff 00 00 00 ff 00 00 00 ff 00 00 00 ff 00 00 00 ff
                  00 00 00 ff 00 00 00 ff 00 00 00 ff 00 00 00 ff 00 00 00 ff
                  00 00 00 ff 00 00 00 ff 00 00 00 ff 00 00 00 b3 00 00 00 11
                  00 00 00 00 00 00 00 00 00 00 00 00 00 00 00 00 00 00 00 00
                  00 00 00 00 00 00 00 00 00 00 00 00 00 00 00 00 00 00 00 00
                  00 00 00 00 00 00 00 00 00 00 00 00 00 00 00 00 00 00 00 00
                  00 00 00 00 00 00 00 00 00 00 00 00 00 00 00 00 00 00 00 00
                  00 00 00 00 00 00 00 00 00 00 00 00 00 00 00 00 00 00 00 00
                  00 00 00 00 00 00 00 00 00 00 00 00 00 00 00 00 00 00 00 00
                  00 00 00 00 00 00 00 00 00 00 00 00 00 00 00 00 00 00 00 00
                  00 00 00 00 00 00 00 00 00 00 00 15 00 00 00 cb 00 00 00 ff
                  00 00 00 ff 00 00 00 ff 00 00 00 ff 00 00 00 ff 00 00 00 ff
                  00 00 00 ff 00 00 00 ff 00 00 00 ff 00 00 00 ff 00 00 00 ff
                  2b 28 00 ff 95 8b 01 ff f3 e3 02 ff ff ee 02 ff ff ee 02 ff
                  ff ee 02 ff ff ee 02 ff ff ee 02 ff ff ee 02 ff ff ee 02 ff
                  ff ee 02 ff ff ee 02 ff ff ee 02 ff ff ee 02 ff ff ee 02 ff
                  ff ee 02 ff e2 d3 02 ff 7b 73 01 ff 16 15 00 ff 00 00 00 ff
                  00 00 00 ff 00 00 00 ff 00 00 00 ff 00 00 00 ff 00 00 00 ff
                  00 00 00 ff 00 00 00 ff 00 00 00 ff 00 00 00 ff 00 00 00 ff
                  00 00 00 ff 00 00 00 ff 00 00 00 ff 00 00 00 ff 00 00 00 ff
                  00 00 00 ff 00 00 00 ff 00 00 00 ff 00 00 00 ff 00 00 00 ff
                  00 00 00 ff 00 00 00 ff 00 00 00 ff 00 00 00 ff 00 00 00 ff
                  00 00 00 ff 00 00 00 ff 0c 0b 00 ff 68 61 01 ff d2 c4 02 ff
                  ff ee 02 ff ff ee 02 ff ff ee 02 ff ff ee 02 ff ff ee 02 ff
                  ff ee 02 ff ff ee 02 ff ff ee 02 ff ff ee 02 ff ff ee 02 ff
                  ff ee 02 ff ff ee 02 ff ff ee 02 ff fa e9 02 ff a6 9b 01 ff
                  3d 39 00 ff 00 00 00 ff 00 00 00 ff 00 00 00 ff 00 00 00 ff
                  00 00 00 ff 00 00 00 ff 00 00 00 ff 00 00 00 ff 00 00 00 ff
                  00 00 00 ff 00 00 00 ff 00 00 00 da 00 00 00 1d 00 00 00 00
                  00 00 00 00 00 00 00 00 00 00 00 00 00 00 00 00 00 00 00 00
                  00 00 00 00 00 00 00 00 00 00 00 00 00 00 00 00 00 00 00 00
                  00 00 00 00 00 00 00 00 00 00 00 00 00 00 00 00 00 00 00 00
                  00 00 00 00 00 00 00 00 00 00 00 00 00 00 00 00 00 00 00 00
                  00 00 00 00 00 00 00 00 00 00 00 00 00 00 00 00 00 00 00 00
                  00 00 00 00 00 00 00 00 00 00 00 00 00 00 00 00 00 00 00 00
                  00 00 00 00 00 00 00 00 00 00 00 00 00 00 00 00 00 00 00 0c
                  00 00 00 cb 00 00 00 ff 00 00 00 ff 00 00 00 ff 00 00 00 ff
                  00 00 00 ff 00 00 00 ff 00 00 00 ff 00 00 00 ff 00 00 00 ff
                  04 04 00 ff 52 4d 01 ff bf b2 01 ff ff ee 02 ff ff ee 02 ff
                  ff ee 02 ff ff ee 02 ff ff ee 02 ff ff ee 02 ff ff ee 02 ff
                  ff ee 02 ff ff ee 02 ff ff ee 02 ff ff ee 02 ff ff ee 02 ff
                  ff ee 02 ff ff ee 02 ff bb af 01 ff 50 4b 01 ff 03 03 00 ff
                  00 00 00 ff 00 00 00 ff 00 00 00 ff 00 00 00 ff 00 00 00 ff
                  00 00 00 ff 00 00 00 ff 00 00 00 ff 00 00 00 ff 00 00 00 ff
                  00 00 00 ff 00 00 00 ff 00 00 00 ff 00 00 00 ff 00 00 00 ff
                  00 00 00 ff 00 00 00 ff 00 00 00 ff 00 00 00 ff 00 00 00 ff
                  00 00 00 ff 00 00 00 ff 00 00 00 ff 00 00 00 ff 00 00 00 ff
                  00 00 00 ff 00 00 00 ff 00 00 00 ff 00 00 00 ff 00 00 00 ff
                  00 00 00 ff 00 00 00 ff 00 00 00 ff 3e 3a 00 ff a8 9d 01 ff
                  fa e9 02 ff ff ee 02 ff ff ee 02 ff ff ee 02 ff ff ee 02 ff
                  ff ee 02 ff ff ee 02 ff ff ee 02 ff ff ee 02 ff ff ee 02 ff
                  ff ee 02 ff ff ee 02 ff ff ee 02 ff ff ee 02 ff d3 c5 02 ff
                  6a 63 01 ff 0d 0c 00 ff 00 00 00 ff 00 00 00 ff 00 00 00 ff
                  00 00 00 ff 00 00 00 ff 00 00 00 ff 00 00 00 ff 00 00 00 ff
                  00 00 00 ff 00 00 00 dd 00 00 00 16 00 00 00 00 00 00 00 00
                  00 00 00 00 00 00 00 00 00 00 00 00 00 00 00 00 00 00 00 00
                  00 00 00 00 00 00 00 00 00 00 00 00 00 00 00 00 00 00 00 00
                  00 00 00 00 00 00 00 00 00 00 00 00 00 00 00 00 00 00 00 00
                  00 00 00 00 00 00 00 00 00 00 00 00 00 00 00 00 00 00 00 00
                  00 00 00 00 00 00 00 00 00 00 00 00 00 00 00 00 00 00 00 00
                  00 00 00 00 00 00 00 00 00 00 00 00 00 00 00 00 00 00 00 00
                  00 00 00 00 00 00 00 00 00 00 00 a4 00 00 00 ff 00 00 00 ff
                  00 00 00 ff 00 00 00 ff 00 00 00 ff 00 00 00 ff 00 00 00 ff
                  00 00 00 ff 16 15 00 ff 7b 73 01 ff e3 d4 02 ff ff ee 02 ff
                  ff ee 02 ff ff ee 02 ff ff ee 02 ff ff ee 02 ff ff ee 02 ff
                  ff ee 02 ff ff ee 02 ff ff ee 02 ff ff ee 02 ff ff ee 02 ff
                  ff ee 02 ff ff ee 02 ff f0 e0 02 ff 90 86 01 ff 26 23 00 ff
                  00 00 00 ff 00 00 00 ff 00 00 00 ff 00 00 00 ff 00 00 00 ff
                  00 00 00 ff 00 00 00 ff 00 00 00 ff 00 00 00 ff 00 00 00 ff
                  00 00 00 ff 00 00 00 ff 00 00 00 ff 00 00 00 ff 00 00 00 ff
                  00 00 00 ff 00 00 00 ff 00 00 00 ff 00 00 00 ff 00 00 00 ff
                  00 00 00 ff 00 00 00 ff 00 00 00 ff 00 00 00 ff 00 00 00 ff
                  00 00 00 ff 00 00 00 ff 00 00 00 ff 00 00 00 ff 00 00 00 ff
                  00 00 00 ff 00 00 00 ff 00 00 00 ff 00 00 00 ff 00 00 00 ff
                  00 00 00 ff 00 00 00 ff 00 00 00 ff 18 16 00 ff 7e 76 01 ff
                  e4 d5 02 ff ff ee 02 ff ff ee 02 ff ff ee 02 ff ff ee 02 ff
                  ff ee 02 ff ff ee 02 ff ff ee 02 ff ff ee 02 ff ff ee 02 ff
                  ff ee 02 ff ff ee 02 ff ff ee 02 ff ff ee 02 ff f3 e3 02 ff
                  97 8d 01 ff 2e 2b 00 ff 00 00 00 ff 00 00 00 ff 00 00 00 ff
                  00 00 00 ff 00 00 00 ff 00 00 00 ff 00 00 00 ff 00 00 00 ff
                  00 00 00 c0 00 00 00 03 00 00 00 00 00 00 00 00 00 00 00 00
                  00 00 00 00 00 00 00 00 00 00 00 00 00 00 00 00 00 00 00 00
                  00 00 00 00 00 00 00 00 00 00 00 00 00 00 00 00 00 00 00 00
                  00 00 00 00 00 00 00 00 00 00 00 00 00 00 00 00 00 00 00 00
                  00 00 00 00 00 00 00 00 00 00 00 00 00 00 00 00 00 00 00 00
                  00 00 00 00 00 00 00 00 00 00 00 00 00 00 00 00 00 00 00 00
                  00 00 00 00 00 00 00 00 00 00 00 00 00 00 00 00 00 00 00 4b
                  00 00 00 ff 00 00 00 ff 00 00 00 ff 00 00 00 ff 00 00 00 ff
                  00 00 00 ff 00 00 00 ff 1e 1c 00 ff 9e 93 01 ff f9 e8 02 ff
                  ff ee 02 ff ff ee 02 ff ff ee 02 ff ff ee 02 ff ff ee 02 ff
                  ff ee 02 ff ff ee 02 ff ff ee 02 ff ff ee 02 ff ff ee 02 ff
                  ff ee 02 ff ff ee 02 ff ff ee 02 ff cf c1 02 ff 64 5d 01 ff
                  0b 0a 00 ff 00 00 00 ff 00 00 00 ff 00 00 00 ff 00 00 00 ff
                  00 00 00 ff 00 00 00 ff 00 00 00 ff 00 00 00 ff 00 00 00 ff
                  00 00 00 ff 00 00 00 ff 00 00 00 ff 00 00 00 ff 00 00 00 ff
                  00 00 00 ff 00 00 00 ff 00 00 00 ff 00 00 00 ff 00 00 00 ff
                  00 00 00 ff 00 00 00 ff 00 00 00 ff 00 00 00 ff 00 00 00 ff
                  00 00 00 ff 00 00 00 ff 00 00 00 ff 00 00 00 ff 00 00 00 ff
                  00 00 00 ff 00 00 00 ff 00 00 00 ff 00 00 00 ff 00 00 00 ff
                  00 00 00 ff 00 00 00 ff 00 00 00 ff 00 00 00 ff 00 00 00 ff
                  00 00 00 ff 00 00 00 ff 00 00 00 ff 04 04 00 ff 52 4d 01 ff
                  bd b0 01 ff ff ee 02 ff ff ee 02 ff ff ee 02 ff ff ee 02 ff
                  ff ee 02 ff ff ee 02 ff ff ee 02 ff ff ee 02 ff ff ee 02 ff
                  ff ee 02 ff ff ee 02 ff ff ee 02 ff ff ee 02 ff ff ee 02 ff
                  bd b0 01 ff 2d 2a 00 ff 00 00 00 ff 00 00 00 ff 00 00 00 ff
                  00 00 00 ff 00 00 00 ff 00 00 00 ff 00 00 00 ff 00 00 00 6b
                  00 00 00 00 00 00 00 00 00 00 00 00 00 00 00 00 00 00 00 00
                  00 00 00 00 00 00 00 00 00 00 00 00 00 00 00 00 00 00 00 00
                  00 00 00 00 00 00 00 00 00 00 00 00 00 00 00 00 00 00 00 00
                  00 00 00 00 00 00 00 00 00 00 00 00 00 00 00 00 00 00 00 00
                  00 00 00 00 00 00 00 00 00 00 00 00 00 00 00 00 00 00 00 00
                  00 00 00 00 00 00 00 00 00 00 00 00 00 00 00 00 00 00 00 00
                  00 00 00 00 00 00 00 01 00 00 00 d5 00 00 00 ff 00 00 00 ff
                  00 00 00 ff 00 00 00 ff 00 00 00 ff 00 00 00 ff 5e 58 01 ff
                  f7 e7 02 ff ff ee 02 ff ff ee 02 ff ff ee 02 ff ff ee 02 ff
                  ff ee 02 ff ff ee 02 ff ff ee 02 ff ff ee 02 ff ff ee 02 ff
                  ff ee 02 ff ff ee 02 ff ff ee 02 ff f9 e8 02 ff a4 99 01 ff
                  39 35 00 ff 00 00 00 ff 00 00 00 ff 00 00 00 ff 00 00 00 ff
                  00 00 00 ff 00 00 00 ff 00 00 00 ff 00 00 00 ff 00 00 00 ff
                  00 00 00 ff 00 00 00 ff 00 00 00 ff 00 00 00 ff 00 00 00 ff
                  00 00 00 ff 00 00 00 ff 00 00 00 ff 00 00 00 ff 00 00 00 ff
                  00 00 00 ff 00 00 00 ff 00 00 00 ff 00 00 00 ff 00 00 00 ff
                  00 00 00 ff 00 00 00 ff 00 00 00 ff 00 00 00 ff 00 00 00 ff
                  00 00 00 ff 00 00 00 ff 00 00 00 ff 00 00 00 ff 00 00 00 ff
                  00 00 00 ff 00 00 00 ff 00 00 00 ff 00 00 00 ff 00 00 00 ff
                  00 00 00 ff 00 00 00 ff 00 00 00 ff 00 00 00 ff 00 00 00 ff
                  00 00 00 ff 00 00 00 ff 00 00 00 ff 00 00 00 ff 28 25 00 ff
                  91 87 01 ff f1 e1 02 ff ff ee 02 ff ff ee 02 ff ff ee 02 ff
                  ff ee 02 ff ff ee 02 ff ff ee 02 ff ff ee 02 ff ff ee 02 ff
                  ff ee 02 ff ff ee 02 ff ff ee 02 ff ff ee 02 ff fb ea 02 ff
                  6c 65 01 ff 00 00 00 ff 00 00 00 ff 00 00 00 ff 00 00 00 ff
                  00 00 00 ff 00 00 00 ff 00 00 00 ec 00 00 00 0b 00 00 00 00
                  00 00 00 00 00 00 00 00 00 00 00 00 00 00 00 00 00 00 00 00
                  00 00 00 00 00 00 00 00 00 00 00 00 00 00 00 00 00 00 00 00
                  00 00 00 00 00 00 00 00 00 00 00 00 00 00 00 00 00 00 00 00
                  00 00 00 00 00 00 00 00 00 00 00 00 00 00 00 00 00 00 00 00
                  00 00 00 00 00 00 00 00 00 00 00 00 00 00 00 00 00 00 00 00
                  00 00 00 00 00 00 00 00 00 00 00 00 00 00 00 00 00 00 00 4a
                  00 00 00 ff 00 00 00 ff 00 00 00 ff 00 00 00 ff 00 00 00 ff
                  00 00 00 ff 5f 59 01 ff ff ee 02 ff ff ee 02 ff ff ee 02 ff
                  ff ee 02 ff ff ee 02 ff ff ee 02 ff ff ee 02 ff ff ee 02 ff
                  ff ee 02 ff ff ee 02 ff ff ee 02 ff ff ee 02 ff e1 d2 02 ff
                  79 71 01 ff 16 15 00 ff 00 00 00 ff 00 00 00 ff 00 00 00 ff
                  00 00 00 ff 00 00 00 ff 00 00 00 ff 00 00 00 ff 00 00 00 ff
                  00 00 00 ff 00 00 00 ff 00 00 00 ff 00 00 00 ff 00 00 00 ff
                  00 00 00 ff 00 00 00 ff 00 00 00 ff 00 00 00 ff 00 00 00 ff
                  00 00 00 ff 00 00 00 ff 00 00 00 ff 00 00 00 ff 00 00 00 ff
                  00 00 00 ff 00 00 00 ff 00 00 00 ff 00 00 00 ff 00 00 00 ff
                  00 00 00 ff 00 00 00 ff 00 00 00 ff 00 00 00 ff 00 00 00 ff
                  00 00 00 ff 00 00 00 ff 00 00 00 ff 00 00 00 ff 00 00 00 ff
                  00 00 00 ff 00 00 00 ff 00 00 00 ff 00 00 00 ff 00 00 00 ff
                  00 00 00 ff 00 00 00 ff 00 00 00 ff 00 00 00 ff 00 00 00 ff
                  00 00 00 ff 00 00 00 ff 00 00 00 ff 00 00 00 ff 0b 0a 00 ff
                  67 60 01 ff d1 c3 02 ff ff ee 02 ff ff ee 02 ff ff ee 02 ff
                  ff ee 02 ff ff ee 02 ff ff ee 02 ff ff ee 02 ff ff ee 02 ff
                  ff ee 02 ff ff ee 02 ff ff ee 02 ff ff ee 02 ff 7c 74 01 ff
                  00 00 00 ff 00 00 00 ff 00 00 00 ff 00 00 00 ff 00 00 00 ff
                  00 00 00 ff 00 00 00 69 00 00 00 00 00 00 00 00 00 00 00 00
                  00 00 00 00 00 00 00 00 00 00 00 00 00 00 00 00 00 00 00 00
                  00 00 00 00 00 00 00 00 00 00 00 00 00 00 00 00 00 00 00 00
                  00 00 00 00 00 00 00 00 00 00 00 00 00 00 00 00 00 00 00 00
                  00 00 00 00 00 00 00 00 00 00 00 00 00 00 00 00 00 00 00 00
                  00 00 00 00 00 00 00 00 00 00 00 00 00 00 00 00 00 00 00 00
                  00 00 00 00 00 00 00 00 00 00 00 b5 00 00 00 ff 00 00 00 ff
                  00 00 00 ff 00 00 00 ff 00 00 00 ff 21 1f 00 ff f8 e7 02 ff
                  ff ee 02 ff ff ee 02 ff ff ee 02 ff ff ee 02 ff ff ee 02 ff
                  ff ee 02 ff ff ee 02 ff ff ee 02 ff ff ee 02 ff ff ee 02 ff
                  b9 ad 01 ff 4f 4a 01 ff 03 03 00 ff 00 00 00 ff 00 00 00 ff
                  00 00 00 ff 00 00 00 ff 00 00 00 ff 00 00 00 ff 00 00 00 ff
                  00 00 00 ff 00 00 00 ff 00 00 00 ff 00 00 00 ff 00 00 00 ff
                  00 00 00 ff 00 00 00 ff 00 00 00 ff 00 00 00 ff 00 00 00 ff
                  00 00 00 ff 00 00 00 ff 00 00 00 ff 00 00 00 ff 00 00 00 ff
                  00 00 00 ff 00 00 00 ff 00 00 00 ff 00 00 00 ff 00 00 00 ff
                  00 00 00 ff 00 00 00 ff 00 00 00 ff 00 00 00 ff 00 00 00 ff
                  00 00 00 ff 00 00 00 ff 00 00 00 ff 00 00 00 ff 00 00 00 ff
                  00 00 00 ff 00 00 00 ff 00 00 00 ff 00 00 00 ff 00 00 00 ff
                  00 00 00 ff 00 00 00 ff 00 00 00 ff 00 00 00 ff 00 00 00 ff
                  00 00 00 ff 00 00 00 ff 00 00 00 ff 00 00 00 ff 00 00 00 ff
                  00 00 00 ff 00 00 00 ff 00 00 00 ff 00 00 00 ff 00 00 00 ff
                  3c 38 00 ff a7 9c 01 ff fa e9 02 ff ff ee 02 ff ff ee 02 ff
                  ff ee 02 ff ff ee 02 ff ff ee 02 ff ff ee 02 ff ff ee 02 ff
                  ff ee 02 ff ff ee 02 ff ff ee 02 ff 3e 3a 00 ff 00 00 00 ff
                  00 00 00 ff 00 00 00 ff 00 00 00 ff 00 00 00 ff 00 00 00 d4
                  00 00 00 00 00 00 00 00 00 00 00 00 00 00 00 00 00 00 00 00
                  00 00 00 00 00 00 00 00 00 00 00 00 00 00 00 00 00 00 00 00
                  00 00 00 00 00 00 00 00 00 00 00 00 00 00 00 00 00 00 00 00
                  00 00 00 00 00 00 00 00 00 00 00 00 00 00 00 00 00 00 00 00
                  00 00 00 00 00 00 00 00 00 00 00 00 00 00 00 00 00 00 00 00
                  00 00 00 00 00 00 00 00 00 00 00 00 00 00 00 00 00 00 00 23
                  00 00 00 fe 00 00 00 ff 00 00 00 ff 00 00 00 ff 00 00 00 ff
                  00 00 00 ff a2 97 01 ff ff ee 02 ff ff ee 02 ff ff ee 02 ff
                  ff ee 02 ff ff ee 02 ff ff ee 02 ff ff ee 02 ff ff ee 02 ff
                  ef df 02 ff 8f 85 01 ff 25 23 00 ff 00 00 00 ff 00 00 00 ff
                  00 00 00 ff 00 00 00 ff 00 00 00 ff 00 00 00 ff 00 00 00 ff
                  00 00 00 ff 00 00 00 ff 00 00 00 ff 00 00 00 ff 00 00 00 ff
                  00 00 00 ff 00 00 00 ff 00 00 00 ff 00 00 00 ff 00 00 00 ff
                  00 00 00 ff 00 00 00 ff 00 00 00 ff 00 00 00 ff 00 00 00 ff
                  00 00 00 ff 00 00 00 ff 00 00 00 ff 00 00 00 ff 00 00 00 ff
                  00 00 00 ff 00 00 00 ff 00 00 00 ff 00 00 00 ff 00 00 00 ff
                  00 00 00 ff 00 00 00 ff 00 00 00 ff 00 00 00 ff 00 00 00 ff
                  00 00 00 ff 00 00 00 ff 00 00 00 ff 00 00 00 ff 00 00 00 ff
                  00 00 00 ff 00 00 00 ff 00 00 00 ff 00 00 00 ff 00 00 00 ff
                  00 00 00 ff 00 00 00 ff 00 00 00 ff 00 00 00 ff 00 00 00 ff
                  00 00 00 ff 00 00 00 ff 00 00 00 ff 00 00 00 ff 00 00 00 ff
                  00 00 00 ff 00 00 00 ff 00 00 00 ff 00 00 00 ff 00 00 00 ff
                  17 15 00 ff 7c 74 01 ff e3 d4 02 ff ff ee 02 ff ff ee 02 ff
                  ff ee 02 ff ff ee 02 ff ff ee 02 ff ff ee 02 ff ff ee 02 ff
                  ff ee 02 ff c6 b9 02 ff 00 00 00 ff 00 00 00 ff 00 00 00 ff
                  00 00 00 ff 00 00 00 ff 00 00 00 ff 00 00 00 3e 00 00 00 00
                  00 00 00 00 00 00 00 00 00 00 00 00 00 00 00 00 00 00 00 00
                  00 00 00 00 00 00 00 00 00 00 00 00 00 00 00 00 00 00 00 00
                  00 00 00 00 00 00 00 00 00 00 00 00 00 00 00 00 00 00 00 00
                  00 00 00 00 00 00 00 00 00 00 00 00 00 00 00 00 00 00 00 00
                  00 00 00 00 00 00 00 00 00 00 00 00 00 00 00 00 00 00 00 00
                  00 00 00 00 00 00 00 00 00 00 00 8c 00 00 00 ff 00 00 00 ff
                  00 00 00 ff 00 00 00 ff 00 00 00 ff 1a 18 00 ff fb ea 02 ff
                  ff ee 02 ff ff ee 02 ff ff ee 02 ff ff ee 02 ff ff ee 02 ff
                  ff ee 02 ff d2 c4 02 ff 62 5b 01 ff 0a 09 00 ff 00 00 00 ff
                  00 00 00 ff 00 00 00 ff 00 00 00 ff 00 00 00 ff 00 00 00 ff
                  00 00 00 ff 00 00 00 ff 00 00 00 ff 00 00 00 ff 00 00 00 ff
                  00 00 00 ff 00 00 00 ff 00 00 00 ff 00 00 00 ff 00 00 00 ff
                  00 00 00 ff 00 00 00 ff 00 00 00 ff 00 00 00 ff 00 00 00 ff
                  00 00 00 ff 00 00 00 ff 00 00 00 ff 00 00 00 ff 00 00 00 ff
                  00 00 00 ff 00 00 00 ff 00 00 00 ff 00 00 00 ff 00 00 00 ff
                  00 00 00 ff 00 00 00 ff 00 00 00 ff 00 00 00 ff 00 00 00 ff
                  00 00 00 ff 00 00 00 ff 00 00 00 ff 00 00 00 ff 00 00 00 ff
                  00 00 00 ff 00 00 00 ff 00 00 00 ff 00 00 00 ff 00 00 00 ff
                  00 00 00 ff 00 00 00 ff 00 00 00 ff 00 00 00 ff 00 00 00 ff
                  00 00 00 ff 00 00 00 ff 00 00 00 ff 00 00 00 ff 00 00 00 ff
                  00 00 00 ff 00 00 00 ff 00 00 00 ff 00 00 00 ff 00 00 00 ff
                  00 00 00 ff 00 00 00 ff 00 00 00 ff 00 00 00 ff 00 00 00 ff
                  04 04 00 ff 51 4c 01 ff bf b2 01 ff ff ee 02 ff ff ee 02 ff
                  ff ee 02 ff ff ee 02 ff ff ee 02 ff ff ee 02 ff ff ee 02 ff
                  32 2f 00 ff 00 00 00 ff 00 00 00 ff 00 00 00 ff 00 00 00 ff
                  00 00 00 ff 00 00 00 a7 00 00 00 00 00 00 00 00 00 00 00 00
                  00 00 00 00 00 00 00 00 00 00 00 00 00 00 00 00 00 00 00 00
                  00 00 00 00 00 00 00 00 00 00 00 00 00 00 00 00 00 00 00 00
                  00 00 00 00 00 00 00 00 00 00 00 00 00 00 00 00 00 00 00 00
                  00 00 00 00 00 00 00 00 00 00 00 00 00 00 00 00 00 00 00 00
                  00 00 00 00 00 00 00 00 00 00 00 00 00 00 00 00 00 00 00 09
                  00 00 00 ee 00 00 00 ff 00 00 00 ff 00 00 00 ff 00 00 00 ff
                  00 00 00 ff 80 77 01 ff ff ee 02 ff ff ee 02 ff ff ee 02 ff
                  ff ee 02 ff ff ee 02 ff ff ee 02 ff 98 8e 01 ff 03 03 00 ff
                  00 00 00 ff 00 00 00 ff 00 00 00 ff 00 00 00 ff 00 00 00 ff
                  00 00 00 ff 00 00 00 ff 00 00 00 ff 00 00 00 ff 00 00 00 ff
                  00 00 00 ff 00 00 00 ff 00 00 00 ff 00 00 00 ff 00 00 00 ff
                  00 00 00 ff 00 00 00 ff 00 00 00 ff 00 00 00 ff 00 00 00 ff
                  00 00 00 ff 00 00 00 ff 00 00 00 ff 00 00 00 ff 00 00 00 ff
                  00 00 00 ff 00 00 00 ff 00 00 00 ff 00 00 00 ff 00 00 00 ff
                  00 00 00 ff 00 00 00 ff 00 00 00 ff 00 00 00 ff 00 00 00 ff
                  00 00 00 ff 00 00 00 ff 00 00 00 ff 00 00 00 ff 00 00 00 ff
                  00 00 00 ff 00 00 00 ff 00 00 00 ff 00 00 00 ff 00 00 00 ff
                  00 00 00 ff 00 00 00 ff 00 00 00 ff 00 00 00 ff 00 00 00 ff
                  00 00 00 ff 00 00 00 ff 00 00 00 ff 00 00 00 ff 00 00 00 ff
                  00 00 00 ff 00 00 00 ff 00 00 00 ff 00 00 00 ff 00 00 00 ff
                  00 00 00 ff 00 00 00 ff 00 00 00 ff 00 00 00 ff 00 00 00 ff
                  00 00 00 ff 00 00 00 ff 00 00 00 ff 00 00 00 ff 00 00 00 ff
                  00 00 00 ff 6e 67 01 ff ff ee 02 ff ff ee 02 ff ff ee 02 ff
                  ff ee 02 ff ff ee 02 ff ff ee 02 ff 9d 93 01 ff 00 00 00 ff
                  00 00 00 ff 00 00 00 ff 00 00 00 ff 00 00 00 ff 00 00 00 fa
                  00 00 00 16 00 00 00 00 00 00 00 00 00 00 00 00 00 00 00 00
                  00 00 00 00 00 00 00 00 00 00 00 00 00 00 00 00 00 00 00 00
                  00 00 00 00 00 00 00 00 00 00 00 00 00 00 00 00 00 00 00 00
                  00 00 00 00 00 00 00 00 00 00 00 00 00 00 00 00 00 00 00 00
                  00 00 00 00 00 00 00 00 00 00 00 00 00 00 00 00 00 00 00 00
                  00 00 00 00 00 00 00 00 00 00 00 61 00 00 00 ff 00 00 00 ff
                  00 00 00 ff 00 00 00 ff 00 00 00 ff 05 05 00 ff e6 d7 02 ff
                  ff ee 02 ff ff ee 02 ff ff ee 02 ff ff ee 02 ff ff ee 02 ff
                  df d0 02 ff 06 06 00 ff 00 00 00 ff 00 00 00 ff 00 00 00 ff
                  00 00 00 ff 00 00 00 ff 00 00 00 ff 00 00 00 ff 00 00 00 ff
                  00 00 00 ff 00 00 00 ff 00 00 00 ff 00 00 00 ff 00 00 00 ff
                  00 00 00 ff 00 00 00 ff 00 00 00 ff 00 00 00 ff 00 00 00 ff
                  00 00 00 ff 00 00 00 ff 00 00 00 ff 00 00 00 ff 00 00 00 ff
                  00 00 00 ff 00 00 00 ff 00 00 00 ff 00 00 00 ff 00 00 00 ff
                  00 00 00 ff 00 00 00 ff 00 00 00 ff 00 00 00 ff 00 00 00 ff
                  00 00 00 ff 00 00 00 ff 00 00 00 ff 00 00 00 ff 00 00 00 ff
                  00 00 00 ff 00 00 00 ff 00 00 00 ff 00 00 00 ff 00 00 00 ff
                  00 00 00 ff 00 00 00 ff 00 00 00 ff 00 00 00 ff 00 00 00 ff
                  00 00 00 ff 00 00 00 ff 00 00 00 ff 00 00 00 ff 00 00 00 ff
                  00 00 00 ff 00 00 00 ff 00 00 00 ff 00 00 00 ff 00 00 00 ff
                  00 00 00 ff 00 00 00 ff 00 00 00 ff 00 00 00 ff 00 00 00 ff
                  00 00 00 ff 00 00 00 ff 00 00 00 ff 00 00 00 ff 00 00 00 ff
                  00 00 00 ff 00 00 00 ff 00 00 00 ff 00 00 00 ff 00 00 00 ff
                  ba ae 01 ff ff ee 02 ff ff ee 02 ff ff ee 02 ff ff ee 02 ff
                  ff ee 02 ff f6 e6 02 ff 10 0f 00 ff 00 00 00 ff 00 00 00 ff
                  00 00 00 ff 00 00 00 ff 00 00 00 ff 00 00 00 7a 00 00 00 00
                  00 00 00 00 00 00 00 00 00 00 00 00 00 00 00 00 00 00 00 00
                  00 00 00 00 00 00 00 00 00 00 00 00 00 00 00 00 00 00 00 00
                  00 00 00 00 00 00 00 00 00 00 00 00 00 00 00 00 00 00 00 00
                  00 00 00 00 00 00 00 00 00 00 00 00 00 00 00 00 00 00 00 00
                  00 00 00 00 00 00 00 00 00 00 00 00 00 00 00 00 00 00 00 00
                  00 00 00 cc 00 00 00 ff 00 00 00 ff 00 00 00 ff 00 00 00 ff
                  00 00 00 ff 55 4f 01 ff ff ee 02 ff ff ee 02 ff ff ee 02 ff
                  ff ee 02 ff ff ee 02 ff ff ee 02 ff 77 6f 01 ff 00 00 00 ff
                  00 00 00 ff 00 00 00 ff 00 00 00 ff 00 00 00 ff 00 00 00 ff
                  00 00 00 ff 00 00 00 ff 00 00 00 ff 00 00 00 ff 00 00 00 ff
                  00 00 00 ff 00 00 00 ff 00 00 00 ff 00 00 00 ff 00 00 00 ff
                  00 00 00 ff 00 00 00 ff 00 00 00 ff 00 00 00 ff 00 00 00 ff
                  00 00 00 ff 00 00 00 ff 00 00 00 ff 00 00 00 ff 00 00 00 ff
                  00 00 00 ff 00 00 00 ff 00 00 00 ff 00 00 00 ff 00 00 00 ff
                  00 00 00 ff 00 00 00 ff 00 00 00 ff 00 00 00 ff 00 00 00 ff
                  00 00 00 ff 00 00 00 ff 00 00 00 ff 00 00 00 ff 00 00 00 ff
                  00 00 00 ff 00 00 00 ff 00 00 00 ff 00 00 00 ff 00 00 00 ff
                  00 00 00 ff 00 00 00 ff 00 00 00 ff 00 00 00 ff 00 00 00 ff
                  00 00 00 ff 00 00 00 ff 00 00 00 ff 00 00 00 ff 00 00 00 ff
                  00 00 00 ff 00 00 00 ff 00 00 00 ff 00 00 00 ff 00 00 00 ff
                  00 00 00 ff 00 00 00 ff 00 00 00 ff 00 00 00 ff 00 00 00 ff
                  00 00 00 ff 00 00 00 ff 00 00 00 ff 00 00 00 ff 00 00 00 ff
                  00 00 00 ff 00 00 00 ff 00 00 00 ff 4b 46 01 ff ff ee 02 ff
                  ff ee 02 ff ff ee 02 ff ff ee 02 ff ff ee 02 ff ff ee 02 ff
                  70 69 01 ff 00 00 00 ff 00 00 00 ff 00 00 00 ff 00 00 00 ff
                  00 00 00 ff 00 00 00 e1 00 00 00 02 00 00 00 00 00 00 00 00
                  00 00 00 00 00 00 00 00 00 00 00 00 00 00 00 00 00 00 00 00
                  00 00 00 00 00 00 00 00 00 00 00 00 00 00 00 00 00 00 00 00
                  00 00 00 00 00 00 00 00 00 00 00 00 00 00 00 00 00 00 00 00
                  00 00 00 00 00 00 00 00 00 00 00 00 00 00 00 00 00 00 00 00
                  00 00 00 00 00 00 00 00 00 00 00 37 00 00 00 ff 00 00 00 ff
                  00 00 00 ff 00 00 00 ff 00 00 00 ff 00 00 00 ff c0 b3 02 ff
                  ff ee 02 ff ff ee 02 ff ff ee 02 ff ff ee 02 ff ff ee 02 ff
                  f8 e7 02 ff 14 13 00 ff 00 00 00 ff 00 00 00 ff 00 00 00 ff
                  00 00 00 ff 00 00 00 ff 00 00 00 ff 00 00 00 ff 00 00 00 ff
                  00 00 00 ff 00 00 00 ff 00 00 00 ff 00 00 00 ff 00 00 00 ff
                  00 00 00 ff 00 00 00 ff 00 00 00 ff 00 00 00 ff 00 00 00 ff
                  00 00 00 ff 00 00 00 ff 00 00 00 ff 00 00 00 ff 00 00 00 ff
                  00 00 00 ff 00 00 00 ff 00 00 00 ff 00 00 00 ff 00 00 00 ff
                  00 00 00 ff 00 00 00 ff 00 00 00 ff 00 00 00 ff 00 00 00 ff
                  00 00 00 ff 00 00 00 ff 00 00 00 ff 00 00 00 ff 00 00 00 ff
                  00 00 00 ff 00 00 00 ff 00 00 00 ff 00 00 00 ff 00 00 00 ff
                  00 00 00 ff 00 00 00 ff 00 00 00 ff 00 00 00 ff 00 00 00 ff
                  00 00 00 ff 00 00 00 ff 00 00 00 ff 00 00 00 ff 00 00 00 ff
                  00 00 00 ff 00 00 00 ff 00 00 00 ff 00 00 00 ff 00 00 00 ff
                  00 00 00 ff 00 00 00 ff 00 00 00 ff 00 00 00 ff 00 00 00 ff
                  00 00 00 ff 00 00 00 ff 00 00 00 ff 00 00 00 ff 00 00 00 ff
                  00 00 00 ff 00 00 00 ff 00 00 00 ff 00 00 00 ff 00 00 00 ff
                  00 00 00 ff 02 02 00 ff de cf 02 ff ff ee 02 ff ff ee 02 ff
                  ff ee 02 ff ff ee 02 ff ff ee 02 ff d8 ca 02 ff 01 01 00 ff
                  00 00 00 ff 00 00 00 ff 00 00 00 ff 00 00 00 ff 00 00 00 ff
                  00 00 00 4e 00 00 00 00 00 00 00 00 00 00 00 00 00 00 00 00
                  00 00 00 00 00 00 00 00 00 00 00 00 00 00 00 00 00 00 00 00
                  00 00 00 00 00 00 00 00 00 00 00 00 00 00 00 00 00 00 00 00
                  00 00 00 00 00 00 00 00 00 00 00 00 00 00 00 00 00 00 00 00
                  00 00 00 00 00 00 00 00 00 00 00 00 00 00 00 00 00 00 00 00
                  00 00 00 a1 00 00 00 ff 00 00 00 ff 00 00 00 ff 00 00 00 ff
                  00 00 00 ff 2b 28 00 ff ff ee 02 ff ff ee 02 ff ff ee 02 ff
                  ff ee 02 ff ff ee 02 ff ff ee 02 ff a1 96 01 ff 00 00 00 ff
                  00 00 00 ff 00 00 00 ff 00 00 00 ff 00 00 00 ff 00 00 00 ff
                  00 00 00 ff 00 00 00 ff 00 00 00 ff 00 00 00 ff 00 00 00 ff
                  00 00 00 ff 00 00 00 ff 00 00 00 ff 00 00 00 ff 00 00 00 ff
                  00 00 00 ff 00 00 00 ff 00 00 00 ff 00 00 00 ff 00 00 00 ff
                  00 00 00 ff 00 00 00 ff 00 00 00 ff 00 00 00 ff 00 00 00 ff
                  00 00 00 ff 00 00 00 ff 00 00 00 ff 00 00 00 ff 00 00 00 ff
                  00 00 00 ff 00 00 00 ff 00 00 00 ff 00 00 00 ff 00 00 00 ff
                  00 00 00 ff 00 00 00 ff 00 00 00 ff 00 00 00 ff 00 00 00 ff
                  00 00 00 ff 00 00 00 ff 00 00 00 ff 00 00 00 ff 00 00 00 ff
                  00 00 00 ff 00 00 00 ff 00 00 00 ff 00 00 00 ff 00 00 00 ff
                  00 00 00 ff 00 00 00 ff 00 00 00 ff 00 00 00 ff 00 00 00 ff
                  00 00 00 ff 00 00 00 ff 00 00 00 ff 00 00 00 ff 00 00 00 ff
                  00 00 00 ff 00 00 00 ff 00 00 00 ff 00 00 00 ff 00 00 00 ff
                  00 00 00 ff 00 00 00 ff 00 00 00 ff 00 00 00 ff 00 00 00 ff
                  00 00 00 ff 00 00 00 ff 00 00 00 ff 00 00 00 ff 00 00 00 ff
                  75 6d 01 ff ff ee 02 ff ff ee 02 ff ff ee 02 ff ff ee 02 ff
                  ff ee 02 ff ff ee 02 ff 42 3e 01 ff 00 00 00 ff 00 00 00 ff
                  00 00 00 ff 00 00 00 ff 00 00 00 ff 00 00 00 b7 00 00 00 00
                  00 00 00 00 00 00 00 00 00 00 00 00 00 00 00 00 00 00 00 00
                  00 00 00 00 00 00 00 00 00 00 00 00 00 00 00 00 00 00 00 00
                  00 00 00 00 00 00 00 00 00 00 00 00 00 00 00 00 00 00 00 00
                  00 00 00 00 00 00 00 00 00 00 00 00 00 00 00 00 00 00 00 00
                  00 00 00 00 00 00 00 00 00 00 00 14 00 00 00 f8 00 00 00 ff
                  00 00 00 ff 00 00 00 ff 00 00 00 ff 00 00 00 ff 95 8b 01 ff
                  ff ee 02 ff ff ee 02 ff ff ee 02 ff ff ee 02 ff ff ee 02 ff
                  ff ee 02 ff 37 33 00 ff 00 00 00 ff 00 00 00 ff 00 00 00 ff
                  00 00 00 ff 00 00 00 ff 00 00 00 ff 00 00 00 ff 00 00 00 ff
                  00 00 00 ff 00 00 00 ff 00 00 00 ff 00 00 00 ff 00 00 00 ff
                  00 00 00 ff 00 00 00 ff 00 00 00 ff 00 00 00 ff 00 00 00 ff
                  00 00 00 ff 00 00 00 ff 00 00 00 ff 00 00 00 ff 00 00 00 ff
                  00 00 00 ff 00 00 00 ff 00 00 00 ff 00 00 00 ff 00 00 00 ff
                  00 00 00 ff 00 00 00 ff 00 00 00 ff 00 00 00 ff 00 00 00 ff
                  00 00 00 ff 00 00 00 ff 00 00 00 ff 00 00 00 ff 00 00 00 ff
                  00 00 00 ff 00 00 00 ff 00 00 00 ff 00 00 00 ff 00 00 00 ff
                  00 00 00 ff 00 00 00 ff 00 00 00 ff 00 00 00 ff 00 00 00 ff
                  00 00 00 ff 00 00 00 ff 00 00 00 ff 00 00 00 ff 00 00 00 ff
                  00 00 00 ff 00 00 00 ff 00 00 00 ff 00 00 00 ff 00 00 00 ff
                  00 00 00 ff 00 00 00 ff 00 00 00 ff 00 00 00 ff 00 00 00 ff
                  00 00 00 ff 00 00 00 ff 00 00 00 ff 00 00 00 ff 00 00 00 ff
                  00 00 00 ff 00 00 00 ff 00 00 00 ff 00 00 00 ff 00 00 00 ff
                  00 00 00 ff 00 00 00 ff 00 00 00 ff 13 12 00 ff f8 e7 02 ff
                  ff ee 02 ff ff ee 02 ff ff ee 02 ff ff ee 02 ff ff ee 02 ff
                  ac a1 01 ff 00 00 00 ff 00 00 00 ff 00 00 00 ff 00 00 00 ff
                  00 00 00 ff 00 00 00 fe 00 00 00 22 00 00 00 00 00 00 00 00
                  00 00 00 00 00 00 00 00 00 00 00 00 00 00 00 00 00 00 00 00
                  00 00 00 00 00 00 00 00 00 00 00 00 00 00 00 00 00 00 00 00
                  00 00 00 00 00 00 00 00 00 00 00 00 00 00 00 00 00 00 00 00
                  00 00 00 00 00 00 00 00 00 00 00 00 00 00 00 00 00 00 00 00
                  00 00 00 77 00 00 00 ff 00 00 00 ff 00 00 00 ff 00 00 00 ff
                  00 00 00 ff 0d 0c 00 ff f3 e3 02 ff ff ee 02 ff ff ee 02 ff
                  ff ee 02 ff ff ee 02 ff ff ee 02 ff cc be 02 ff 00 00 00 ff
                  00 00 00 ff 00 00 00 ff 00 00 00 ff 00 00 00 ff 00 00 00 ff
                  00 00 00 ff 00 00 00 ff 00 00 00 ff 00 00 00 ff 00 00 00 ff
                  00 00 00 ff 00 00 00 ff 00 00 00 ff 00 00 00 ff 00 00 00 ff
                  00 00 00 ff 00 00 00 ff 00 00 00 ff 00 00 00 ff 00 00 00 ff
                  00 00 00 ff 00 00 00 ff 00 00 00 ff 00 00 00 ff 00 00 00 ff
                  00 00 00 ff 00 00 00 ff 00 00 00 ff 00 00 00 ff 00 00 00 ff
                  00 00 00 ff 00 00 00 ff 00 00 00 ff 00 00 00 ff 00 00 00 ff
                  00 00 00 ff 00 00 00 ff 00 00 00 ff 00 00 00 ff 00 00 00 ff
                  00 00 00 ff 00 00 00 ff 00 00 00 ff 00 00 00 ff 00 00 00 ff
                  00 00 00 ff 00 00 00 ff 00 00 00 ff 00 00 00 ff 00 00 00 ff
                  00 00 00 ff 00 00 00 ff 00 00 00 ff 00 00 00 ff 00 00 00 ff
                  00 00 00 ff 00 00 00 ff 00 00 00 ff 00 00 00 ff 00 00 00 ff
                  00 00 00 ff 00 00 00 ff 00 00 00 ff 00 00 00 ff 00 00 00 ff
                  00 00 00 ff 00 00 00 ff 00 00 00 ff 00 00 00 ff 00 00 00 ff
                  00 00 00 ff 00 00 00 ff 00 00 00 ff 00 00 00 ff 00 00 00 ff
                  00 00 00 ff 00 00 00 ff a0 95 01 ff ff ee 02 ff ff ee 02 ff
                  ff ee 02 ff ff ee 02 ff ff ee 02 ff fc eb 02 ff 1a 18 00 ff
                  00 00 00 ff 00 00 00 ff 00 00 00 ff 00 00 00 ff 00 00 00 ff
                  00 00 00 8a 00 00 00 00 00 00 00 00 00 00 00 00 00 00 00 00
                  00 00 00 00 00 00 00 00 00 00 00 00 00 00 00 00 00 00 00 00
                  00 00 00 00 00 00 00 00 00 00 00 00 00 00 00 00 00 00 00 00
                  00 00 00 00 00 00 00 00 00 00 00 00 00 00 00 00 00 00 00 00
                  00 00 00 00 00 00 00 00 00 00 00 02 00 00 00 df 00 00 00 ff
                  00 00 00 ff 00 00 00 ff 00 00 00 ff 00 00 00 ff 6b 64 01 ff
                  ff ee 02 ff ff ee 02 ff ff ee 02 ff ff ee 02 ff ff ee 02 ff
                  ff ee 02 ff 61 5b 01 ff 00 00 00 ff 00 00 00 ff 00 00 00 ff
                  00 00 00 ff 00 00 00 ff 00 00 00 ff 00 00 00 ff 00 00 00 ff
                  00 00 00 ff 00 00 00 ff 00 00 00 ff 00 00 00 ff 00 00 00 ff
                  00 00 00 ff 00 00 00 ff 00 00 00 ff 00 00 00 ff 00 00 00 ff
                  00 00 00 ff 00 00 00 ff 00 00 00 ff 00 00 00 ff 00 00 00 ff
                  00 00 00 ff 00 00 00 ff 00 00 00 ff 00 00 00 ff 00 00 00 ff
                  00 00 00 ff 00 00 00 ff 00 00 00 ff 00 00 00 ff 00 00 00 ff
                  00 00 00 ff 00 00 00 ff 00 00 00 ff 00 00 00 ff 00 00 00 ff
                  00 00 00 ff 00 00 00 ff 00 00 00 ff 00 00 00 ff 00 00 00 ff
                  00 00 00 ff 00 00 00 ff 00 00 00 ff 00 00 00 ff 00 00 00 ff
                  00 00 00 ff 00 00 00 ff 00 00 00 ff 00 00 00 ff 00 00 00 ff
                  00 00 00 ff 00 00 00 ff 00 00 00 ff 00 00 00 ff 00 00 00 ff
                  00 00 00 ff 00 00 00 ff 00 00 00 ff 00 00 00 ff 00 00 00 ff
                  00 00 00 ff 00 00 00 ff 00 00 00 ff 00 00 00 ff 00 00 00 ff
                  00 00 00 ff 00 00 00 ff 00 00 00 ff 00 00 00 ff 00 00 00 ff
                  00 00 00 ff 00 00 00 ff 00 00 00 ff 00 00 00 ff 00 00 00 ff
                  35 31 00 ff ff ee 02 ff ff ee 02 ff ff ee 02 ff ff ee 02 ff
                  ff ee 02 ff ff ee 02 ff 80 77 01 ff 00 00 00 ff 00 00 00 ff
                  00 00 00 ff 00 00 00 ff 00 00 00 ff 00 00 00 ec 00 00 00 07
                  00 00 00 00 00 00 00 00 00 00 00 00 00 00 00 00 00 00 00 00
                  00 00 00 00 00 00 00 00 00 00 00 00 00 00 00 00 00 00 00 00
                  00 00 00 00 00 00 00 00 00 00 00 00 00 00 00 00 00 00 00 00
                  00 00 00 00 00 00 00 00 00 00 00 00 00 00 00 00 00 00 00 00
                  00 00 00 4c 00 00 00 ff 00 00 00 ff 00 00 00 ff 00 00 00 ff
                  00 00 00 ff 00 00 00 ff d5 c7 02 ff ff ee 02 ff ff ee 02 ff
                  ff ee 02 ff ff ee 02 ff ff ee 02 ff ee de 02 ff 09 08 00 ff
                  00 00 00 ff 00 00 00 ff 00 00 00 ff 00 00 00 ff 00 00 00 ff
                  00 00 00 ff 00 00 00 ff 00 00 00 ff 00 00 00 ff 00 00 00 ff
                  00 00 00 ff 00 00 00 ff 00 00 00 ff 00 00 00 ff 00 00 00 ff
                  00 00 00 ff 00 00 00 ff 00 00 00 ff 00 00 00 ff 00 00 00 ff
                  00 00 00 ff 00 00 00 ff 00 00 00 ff 00 00 00 ff 00 00 00 ff
                  00 00 00 ff 00 00 00 ff 00 00 00 ff 00 00 00 ff 00 00 00 ff
                  00 00 00 ff 00 00 00 ff 00 00 00 ff 00 00 00 ff 00 00 00 ff
                  00 00 00 ff 00 00 00 ff 00 00 00 ff 00 00 00 ff 00 00 00 ff
                  00 00 00 ff 00 00 00 ff 00 00 00 ff 00 00 00 ff 00 00 00 ff
                  00 00 00 ff 00 00 00 ff 00 00 00 ff 00 00 00 ff 00 00 00 ff
                  00 00 00 ff 00 00 00 ff 00 00 00 ff 00 00 00 ff 00 00 00 ff
                  00 00 00 ff 00 00 00 ff 00 00 00 ff 00 00 00 ff 00 00 00 ff
                  00 00 00 ff 00 00 00 ff 00 00 00 ff 00 00 00 ff 00 00 00 ff
                  00 00 00 ff 00 00 00 ff 00 00 00 ff 00 00 00 ff 00 00 00 ff
                  00 00 00 ff 00 00 00 ff 00 00 00 ff 00 00 00 ff 00 00 00 ff
                  00 00 00 ff 00 00 00 ff 00 00 00 ff 00 00 00 ff c9 bc 02 ff
                  ff ee 02 ff ff ee 02 ff ff ee 02 ff ff ee 02 ff ff ee 02 ff
                  e5 d6 02 ff 04 04 00 ff 00 00 00 ff 00 00 00 ff 00 00 00 ff
                  00 00 00 ff 00 00 00 ff 00 00 00 5d 00 00 00 00 00 00 00 00
                  00 00 00 00 00 00 00 00 00 00 00 00 00 00 00 00 00 00 00 00
                  00 00 00 00 00 00 00 00 00 00 00 00 00 00 00 00 00 00 00 00
                  00 00 00 00 00 00 00 00 00 00 00 00 00 00 00 00 00 00 00 00
                  00 00 00 00 00 00 00 00 00 00 00 00 00 00 00 b7 00 00 00 ff
                  00 00 00 ff 00 00 00 ff 00 00 00 ff 00 00 00 ff 40 3c 01 ff
                  ff ee 02 ff ff ee 02 ff ff ee 02 ff ff ee 02 ff ff ee 02 ff
                  ff ee 02 ff 8c 83 01 ff 00 00 00 ff 00 00 00 ff 00 00 00 ff
                  00 00 00 ff 00 00 00 ff 00 00 00 ff 00 00 00 ff 00 00 00 ff
                  42 3e 01 ff 60 5a 01 ff 60 5a 01 ff 60 5a 01 ff 60 5a 01 ff
                  60 5a 01 ff 60 5a 01 ff 60 5a 01 ff 60 5a 01 ff 60 5a 01 ff
                  60 5a 01 ff 60 5a 01 ff 0c 0b 00 ff 00 00 00 ff 00 00 00 ff
                  00 00 00 ff 00 00 00 ff 00 00 00 ff 00 00 00 ff 00 00 00 ff
                  00 00 00 ff 00 00 00 ff 00 00 00 ff 00 00 00 ff 00 00 00 ff
                  00 00 00 ff 00 00 00 ff 00 00 00 ff 00 00 00 ff 00 00 00 ff
                  00 00 00 ff 00 00 00 ff 00 00 00 ff 00 00 00 ff 00 00 00 ff
                  00 00 00 ff 00 00 00 ff 00 00 00 ff 00 00 00 ff 00 00 00 ff
                  00 00 00 ff 00 00 00 ff 00 00 00 ff 00 00 00 ff 00 00 00 ff
                  00 00 00 ff 00 00 00 ff 00 00 00 ff 00 00 00 ff 00 00 00 ff
                  00 00 00 ff 00 00 00 ff 54 4e 01 ff 60 5a 01 ff 60 5a 01 ff
                  60 5a 01 ff 60 5a 01 ff 60 5a 01 ff 60 5a 01 ff 60 5a 01 ff
                  60 5a 01 ff 60 5a 01 ff 60 5a 01 ff 60 5a 01 ff 00 00 00 ff
                  00 00 00 ff 00 00 00 ff 00 00 00 ff 00 00 00 ff 00 00 00 ff
                  00 00 00 ff 00 00 00 ff 5f 59 01 ff ff ee 02 ff ff ee 02 ff
                  ff ee 02 ff ff ee 02 ff ff ee 02 ff ff ee 02 ff 52 4d 01 ff
                  00 00 00 ff 00 00 00 ff 00 00 00 ff 00 00 00 ff 00 00 00 ff
                  00 00 00 c7 00 00 00 00 00 00 00 00 00 00 00 00 00 00 00 00
                  00 00 00 00 00 00 00 00 00 00 00 00 00 00 00 00 00 00 00 00
                  00 00 00 00 00 00 00 00 00 00 00 00 00 00 00 00 00 00 00 00
                  00 00 00 00 00 00 00 00 00 00 00 00 00 00 00 00 00 00 00 00
                  00 00 00 23 00 00 00 fe 00 00 00 ff 00 00 00 ff 00 00 00 ff
                  00 00 00 ff 00 00 00 ff ab a0 01 ff ff ee 02 ff ff ee 02 ff
                  ff ee 02 ff ff ee 02 ff ff ee 02 ff fe ed 02 ff 23 21 00 ff
                  00 00 00 ff 00 00 00 ff 00 00 00 ff 00 00 00 ff 00 00 00 ff
                  00 00 00 ff 00 00 00 ff 00 00 00 ff b0 a4 01 ff ff ee 02 ff
                  ff ee 02 ff ff ee 02 ff ff ee 02 ff ff ee 02 ff ff ee 02 ff
                  ff ee 02 ff ff ee 02 ff ff ee 02 ff ff ee 02 ff ff ee 02 ff
                  20 1e 00 ff 00 00 00 ff 00 00 00 ff 00 00 00 ff 00 00 00 ff
                  00 00 00 ff 00 00 00 ff 00 00 00 ff 00 00 00 ff 00 00 00 ff
                  00 00 00 ff 00 00 00 ff 00 00 00 ff 00 00 00 ff 00 00 00 ff
                  00 00 00 ff 00 00 00 ff 00 00 00 ff 00 00 00 ff 00 00 00 ff
                  00 00 00 ff 00 00 00 ff 00 00 00 ff 00 00 00 ff 00 00 00 ff
                  00 00 00 ff 00 00 00 ff 00 00 00 ff 00 00 00 ff 00 00 00 ff
                  00 00 00 ff 00 00 00 ff 00 00 00 ff 00 00 00 ff 00 00 00 ff
                  00 00 00 ff 00 00 00 ff 00 00 00 ff 00 00 00 ff 00 00 00 ff
                  e0 d1 02 ff ff ee 02 ff ff ee 02 ff ff ee 02 ff ff ee 02 ff
                  ff ee 02 ff ff ee 02 ff ff ee 02 ff ff ee 02 ff ff ee 02 ff
                  ff ee 02 ff ff ee 02 ff 00 00 00 ff 00 00 00 ff 00 00 00 ff
                  00 00 00 ff 00 00 00 ff 00 00 00 ff 00 00 00 ff 00 00 00 ff
                  08 07 00 ff ec dc 02 ff ff ee 02 ff ff ee 02 ff ff ee 02 ff
                  ff ee 02 ff ff ee 02 ff bc af 01 ff 00 00 00 ff 00 00 00 ff
                  00 00 00 ff 00 00 00 ff 00 00 00 ff 00 00 00 ff 00 00 00 30
                  00 00 00 00 00 00 00 00 00 00 00 00 00 00 00 00 00 00 00 00
                  00 00 00 00 00 00 00 00 00 00 00 00 00 00 00 00 00 00 00 00
                  00 00 00 00 00 00 00 00 00 00 00 00 00 00 00 00 00 00 00 00
                  00 00 00 00 00 00 00 00 00 00 00 00 00 00 00 8d 00 00 00 ff
                  00 00 00 ff 00 00 00 ff 00 00 00 ff 00 00 00 ff 1b 19 00 ff
                  fc eb 02 ff ff ee 02 ff ff ee 02 ff ff ee 02 ff ff ee 02 ff
                  ff ee 02 ff b7 ab 01 ff 00 00 00 ff 00 00 00 ff 00 00 00 ff
                  00 00 00 ff 00 00 00 ff 00 00 00 ff 00 00 00 ff 00 00 00 ff
                  00 00 00 ff b0 a4 01 ff ff ee 02 ff ff ee 02 ff ff ee 02 ff
                  ff ee 02 ff ff ee 02 ff ff ee 02 ff ff ee 02 ff ff ee 02 ff
                  ff ee 02 ff ff ee 02 ff ff ee 02 ff 20 1e 00 ff 00 00 00 ff
                  00 00 00 ff 00 00 00 ff 00 00 00 ff 00 00 00 ff 00 00 00 ff
                  00 00 00 ff 00 00 00 ff 00 00 00 ff 00 00 00 ff 00 00 00 ff
                  00 00 00 ff 00 00 00 ff 00 00 00 ff 00 00 00 ff 00 00 00 ff
                  00 00 00 ff 00 00 00 ff 00 00 00 ff 00 00 00 ff 00 00 00 ff
                  00 00 00 ff 00 00 00 ff 00 00 00 ff 00 00 00 ff 00 00 00 ff
                  00 00 00 ff 00 00 00 ff 00 00 00 ff 00 00 00 ff 00 00 00 ff
                  00 00 00 ff 00 00 00 ff 00 00 00 ff 00 00 00 ff 00 00 00 ff
                  00 00 00 ff 00 00 00 ff 00 00 00 ff e0 d1 02 ff ff ee 02 ff
                  ff ee 02 ff ff ee 02 ff ff ee 02 ff ff ee 02 ff ff ee 02 ff
                  ff ee 02 ff ff ee 02 ff ff ee 02 ff ff ee 02 ff ff ee 02 ff
                  00 00 00 ff 00 00 00 ff 00 00 00 ff 00 00 00 ff 00 00 00 ff
                  00 00 00 ff 00 00 00 ff 00 00 00 ff 00 00 00 ff 89 80 01 ff
                  ff ee 02 ff ff ee 02 ff ff ee 02 ff ff ee 02 ff ff ee 02 ff
                  ff ee 02 ff 26 23 00 ff 00 00 00 ff 00 00 00 ff 00 00 00 ff
                  00 00 00 ff 00 00 00 ff 00 00 00 9a 00 00 00 00 00 00 00 00
                  00 00 00 00 00 00 00 00 00 00 00 00 00 00 00 00 00 00 00 00
                  00 00 00 00 00 00 00 00 00 00 00 00 00 00 00 00 00 00 00 00
                  00 00 00 00 00 00 00 00 00 00 00 00 00 00 00 00 00 00 00 00
                  00 00 00 0a 00 00 00 ee 00 00 00 ff 00 00 00 ff 00 00 00 ff
                  00 00 00 ff 00 00 00 ff 81 78 01 ff ff ee 02 ff ff ee 02 ff
                  ff ee 02 ff ff ee 02 ff ff ee 02 ff ff ee 02 ff 4c 47 01 ff
                  00 00 00 ff 00 00 00 ff 00 00 00 ff 00 00 00 ff 00 00 00 ff
                  00 00 00 ff 00 00 00 ff 00 00 00 ff 00 00 00 ff b0 a4 01 ff
                  ff ee 02 ff ff ee 02 ff ff ee 02 ff ff ee 02 ff ff ee 02 ff
                  ff ee 02 ff ff ee 02 ff ff ee 02 ff ff ee 02 ff ff ee 02 ff
                  ff ee 02 ff 20 1e 00 ff 00 00 00 ff 00 00 00 ff 00 00 00 ff
                  00 00 00 ff 00 00 00 ff 00 00 00 ff 00 00 00 ff 00 00 00 ff
                  00 00 00 ff 00 00 00 ff 00 00 00 ff 00 00 00 ff 00 00 00 ff
                  00 00 00 ff 00 00 00 ff 00 00 00 ff 00 00 00 ff 00 00 00 ff
                  00 00 00 ff 00 00 00 ff 00 00 00 ff 00 00 00 ff 00 00 00 ff
                  00 00 00 ff 00 00 00 ff 00 00 00 ff 00 00 00 ff 00 00 00 ff
                  00 00 00 ff 00 00 00 ff 00 00 00 ff 00 00 00 ff 00 00 00 ff
                  00 00 00 ff 00 00 00 ff 00 00 00 ff 00 00 00 ff 00 00 00 ff
                  00 00 00 ff e0 d1 02 ff ff ee 02 ff ff ee 02 ff ff ee 02 ff
                  ff ee 02 ff ff ee 02 ff ff ee 02 ff ff ee 02 ff ff ee 02 ff
                  ff ee 02 ff ff ee 02 ff ff ee 02 ff 00 00 00 ff 00 00 00 ff
                  00 00 00 ff 00 00 00 ff 00 00 00 ff 00 00 00 ff 00 00 00 ff
                  00 00 00 ff 00 00 00 ff 21 1f 00 ff fe ed 02 ff ff ee 02 ff
                  ff ee 02 ff ff ee 02 ff ff ee 02 ff ff ee 02 ff 90 86 01 ff
                  00 00 00 ff 00 00 00 ff 00 00 00 ff 00 00 00 ff 00 00 00 ff
                  00 00 00 f5 00 00 00 0e 00 00 00 00 00 00 00 00 00 00 00 00
                  00 00 00 00 00 00 00 00 00 00 00 00 00 00 00 00 00 00 00 00
                  00 00 00 00 00 00 00 00 00 00 00 00 00 00 00 00 00 00 00 00
                  00 00 00 00 00 00 00 00 00 00 00 00 00 00 00 62 00 00 00 ff
                  00 00 00 ff 00 00 00 ff 00 00 00 ff 00 00 00 ff 05 05 00 ff
                  e7 d8 02 ff ff ee 02 ff ff ee 02 ff ff ee 02 ff ff ee 02 ff
                  ff ee 02 ff df d0 02 ff 02 02 00 ff 00 00 00 ff 00 00 00 ff
                  00 00 00 ff 00 00 00 ff 00 00 00 ff 00 00 00 ff 00 00 00 ff
                  00 00 00 ff 00 00 00 ff b0 a4 01 ff ff ee 02 ff ff ee 02 ff
                  ff ee 02 ff ff ee 02 ff ff ee 02 ff ff ee 02 ff ff ee 02 ff
                  ff ee 02 ff ff ee 02 ff ff ee 02 ff ff ee 02 ff 20 1e 00 ff
                  00 00 00 ff 00 00 00 ff 00 00 00 ff 00 00 00 ff 00 00 00 ff
                  00 00 00 ff 00 00 00 ff 00 00 00 ff 00 00 00 ff 00 00 00 ff
                  00 00 00 ff 00 00 00 ff 00 00 00 ff 00 00 00 ff 00 00 00 ff
                  00 00 00 ff 00 00 00 ff 00 00 00 ff 00 00 00 ff 00 00 00 ff
                  00 00 00 ff 00 00 00 ff 00 00 00 ff 00 00 00 ff 00 00 00 ff
                  00 00 00 ff 00 00 00 ff 00 00 00 ff 00 00 00 ff 00 00 00 ff
                  00 00 00 ff 00 00 00 ff 00 00 00 ff 00 00 00 ff 00 00 00 ff
                  00 00 00 ff 00 00 00 ff 00 00 00 ff 00 00 00 ff e0 d1 02 ff
                  ff ee 02 ff ff ee 02 ff ff ee 02 ff ff ee 02 ff ff ee 02 ff
                  ff ee 02 ff ff ee 02 ff ff ee 02 ff ff ee 02 ff ff ee 02 ff
                  ff ee 02 ff 00 00 00 ff 00 00 00 ff 00 00 00 ff 00 00 00 ff
                  00 00 00 ff 00 00 00 ff 00 00 00 ff 00 00 00 ff 00 00 00 ff
                  00 00 00 ff b4 a8 01 ff ff ee 02 ff ff ee 02 ff ff ee 02 ff
                  ff ee 02 ff ff ee 02 ff ef df 02 ff 0a 09 00 ff 00 00 00 ff
                  00 00 00 ff 00 00 00 ff 00 00 00 ff 00 00 00 ff 00 00 00 6d
                  00 00 00 00 00 00 00 00 00 00 00 00 00 00 00 00 00 00 00 00
                  00 00 00 00 00 00 00 00 00 00 00 00 00 00 00 00 00 00 00 00
                  00 00 00 00 00 00 00 00 00 00 00 00 00 00 00 00 00 00 00 00
                  00 00 00 00 00 00 00 ce 00 00 00 ff 00 00 00 ff 00 00 00 ff
                  00 00 00 ff 00 00 00 ff 57 51 01 ff ff ee 02 ff ff ee 02 ff
                  ff ee 02 ff ff ee 02 ff ff ee 02 ff ff ee 02 ff 77 6f 01 ff
                  00 00 00 ff 00 00 00 ff 00 00 00 ff 00 00 00 ff 00 00 00 ff
                  00 00 00 ff 00 00 00 ff 00 00 00 ff 00 00 00 ff 00 00 00 ff
                  b0 a4 01 ff ff ee 02 ff ff ee 02 ff ff ee 02 ff ff ee 02 ff
                  ff ee 02 ff ff ee 02 ff ff ee 02 ff ff ee 02 ff ff ee 02 ff
                  ff ee 02 ff ff ee 02 ff 20 1e 00 ff 00 00 00 ff 00 00 00 ff
                  00 00 00 ff 00 00 00 ff 00 00 00 ff 00 00 00 ff 00 00 00 ff
                  00 00 00 ff 00 00 00 ff 00 00 00 ff 00 00 00 ff 00 00 00 ff
                  00 00 00 ff 00 00 00 ff 00 00 00 ff 00 00 00 ff 00 00 00 ff
                  00 00 00 ff 00 00 00 ff 00 00 00 ff 00 00 00 ff 00 00 00 ff
                  00 00 00 ff 00 00 00 ff 00 00 00 ff 00 00 00 ff 00 00 00 ff
                  00 00 00 ff 00 00 00 ff 00 00 00 ff 00 00 00 ff 00 00 00 ff
                  00 00 00 ff 00 00 00 ff 00 00 00 ff 00 00 00 ff 00 00 00 ff
                  00 00 00 ff 00 00 00 ff e0 d1 02 ff ff ee 02 ff ff ee 02 ff
                  ff ee 02 ff ff ee 02 ff ff ee 02 ff ff ee 02 ff ff ee 02 ff
                  ff ee 02 ff ff ee 02 ff ff ee 02 ff ff ee 02 ff 00 00 00 ff
                  00 00 00 ff 00 00 00 ff 00 00 00 ff 00 00 00 ff 00 00 00 ff
                  00 00 00 ff 00 00 00 ff 00 00 00 ff 00 00 00 ff 49 44 01 ff
                  ff ee 02 ff ff ee 02 ff ff ee 02 ff ff ee 02 ff ff ee 02 ff
                  ff ee 02 ff 62 5b 01 ff 00 00 00 ff 00 00 00 ff 00 00 00 ff
                  00 00 00 ff 00 00 00 ff 00 00 00 d6 00 00 00 00 00 00 00 00
                  00 00 00 00 00 00 00 00 00 00 00 00 00 00 00 00 00 00 00 00
                  00 00 00 00 00 00 00 00 00 00 00 00 00 00 00 00 00 00 00 00
                  00 00 00 00 00 00 00 00 00 00 00 00 00 00 00 38 00 00 00 ff
                  00 00 00 ff 00 00 00 ff 00 00 00 ff 00 00 00 ff 00 00 00 ff
                  c1 b4 02 ff ff ee 02 ff ff ee 02 ff ff ee 02 ff ff ee 02 ff
                  ff ee 02 ff f8 e7 02 ff 14 13 00 ff 00 00 00 ff 00 00 00 ff
                  00 00 00 ff 00 00 00 ff 00 00 00 ff 00 00 00 ff 00 00 00 ff
                  00 00 00 ff 00 00 00 ff 00 00 00 ff b0 a4 01 ff ff ee 02 ff
                  ff ee 02 ff ff ee 02 ff ff ee 02 ff ff ee 02 ff ff ee 02 ff
                  ff ee 02 ff ff ee 02 ff ff ee 02 ff ff ee 02 ff ff ee 02 ff
                  20 1e 00 ff 00 00 00 ff 00 00 00 ff 00 00 00 ff 00 00 00 ff
                  00 00 00 ff 00 00 00 ff 00 00 00 ff 00 00 00 ff 00 00 00 ff
                  00 00 00 ff 00 00 00 ff 00 00 00 ff 00 00 00 ff 00 00 00 ff
                  00 00 00 ff 00 00 00 ff 00 00 00 ff 00 00 00 ff 00 00 00 ff
                  00 00 00 ff 00 00 00 ff 00 00 00 ff 00 00 00 ff 00 00 00 ff
                  00 00 00 ff 00 00 00 ff 00 00 00 ff 00 00 00 ff 00 00 00 ff
                  00 00 00 ff 00 00 00 ff 00 00 00 ff 00 00 00 ff 00 00 00 ff
                  00 00 00 ff 00 00 00 ff 00 00 00 ff 00 00 00 ff 00 00 00 ff
                  e0 d1 02 ff ff ee 02 ff ff ee 02 ff ff ee 02 ff ff ee 02 ff
                  ff ee 02 ff ff ee 02 ff ff ee 02 ff ff ee 02 ff ff ee 02 ff
                  ff ee 02 ff ff ee 02 ff 00 00 00 ff 00 00 00 ff 00 00 00 ff
                  00 00 00 ff 00 00 00 ff 00 00 00 ff 00 00 00 ff 00 00 00 ff
                  00 00 00 ff 00 00 00 ff 02 02 00 ff dd ce 02 ff ff ee 02 ff
                  ff ee 02 ff ff ee 02 ff ff ee 02 ff ff ee 02 ff cc be 02 ff
                  00 00 00 ff 00 00 00 ff 00 00 00 ff 00 00 00 ff 00 00 00 ff
                  00 00 00 ff 00 00 00 40 00 00 00 00 00 00 00 00 00 00 00 00
                  00 00 00 00 00 00 00 00 00 00 00 00 00 00 00 00 00 00 00 00
                  00 00 00 00 00 00 00 00 00 00 00 00 00 00 00 00 00 00 00 00
                  00 00 00 00 00 00 00 a2 00 00 00 ff 00 00 00 ff 00 00 00 ff
                  00 00 00 ff 00 00 00 ff 2c 29 00 ff ff ee 02 ff ff ee 02 ff
                  ff ee 02 ff ff ee 02 ff ff ee 02 ff ff ee 02 ff a1 96 01 ff
                  00 00 00 ff 00 00 00 ff 00 00 00 ff 00 00 00 ff 00 00 00 ff
                  00 00 00 ff 00 00 00 ff 00 00 00 ff 00 00 00 ff 00 00 00 ff
                  00 00 00 ff b0 a4 01 ff ff ee 02 ff ff ee 02 ff ff ee 02 ff
                  ff ee 02 ff ff ee 02 ff ff ee 02 ff ff ee 02 ff ff ee 02 ff
                  ff ee 02 ff ff ee 02 ff ff ee 02 ff 20 1e 00 ff 00 00 00 ff
                  00 00 00 ff 00 00 00 ff 00 00 00 ff 00 00 00 ff 00 00 00 ff
                  00 00 00 ff 00 00 00 ff 00 00 00 ff 00 00 00 ff 00 00 00 ff
                  00 00 00 ff 00 00 00 ff 00 00 00 ff 00 00 00 ff 00 00 00 ff
                  00 00 00 ff 00 00 00 ff 00 00 00 ff 00 00 00 ff 00 00 00 ff
                  00 00 00 ff 00 00 00 ff 00 00 00 ff 00 00 00 ff 00 00 00 ff
                  00 00 00 ff 00 00 00 ff 00 00 00 ff 00 00 00 ff 00 00 00 ff
                  00 00 00 ff 00 00 00 ff 00 00 00 ff 00 00 00 ff 00 00 00 ff
                  00 00 00 ff 00 00 00 ff 00 00 00 ff e0 d1 02 ff ff ee 02 ff
                  ff ee 02 ff ff ee 02 ff ff ee 02 ff ff ee 02 ff ff ee 02 ff
                  ff ee 02 ff ff ee 02 ff ff ee 02 ff ff ee 02 ff ff ee 02 ff
                  00 00 00 ff 00 00 00 ff 00 00 00 ff 00 00 00 ff 00 00 00 ff
                  00 00 00 ff 00 00 00 ff 00 00 00 ff 00 00 00 ff 00 00 00 ff
                  00 00 00 ff 74 6c 01 ff ff ee 02 ff ff ee 02 ff ff ee 02 ff
                  ff ee 02 ff ff ee 02 ff ff ee 02 ff 35 31 00 ff 00 00 00 ff
                  00 00 00 ff 00 00 00 ff 00 00 00 ff 00 00 00 ff 00 00 00 aa
                  00 00 00 00 00 00 00 00 00 00 00 00 00 00 00 00 00 00 00 00
                  00 00 00 00 00 00 00 00 00 00 00 00 00 00 00 00 00 00 00 00
                  00 00 00 00 00 00 00 00 00 00 00 00 00 00 00 15 00 00 00 f9
                  00 00 00 ff 00 00 00 ff 00 00 00 ff 00 00 00 ff 00 00 00 ff
                  97 8d 01 ff ff ee 02 ff ff ee 02 ff ff ee 02 ff ff ee 02 ff
                  ff ee 02 ff ff ee 02 ff 37 33 00 ff 00 00 00 ff 00 00 00 ff
                  00 00 00 ff 00 00 00 ff 00 00 00 ff 00 00 00 ff 00 00 00 ff
                  00 00 00 ff 00 00 00 ff 00 00 00 ff 00 00 00 ff b0 a4 01 ff
                  ff ee 02 ff ff ee 02 ff ff ee 02 ff ff ee 02 ff ff ee 02 ff
                  ff ee 02 ff ff ee 02 ff ff ee 02 ff ff ee 02 ff ff ee 02 ff
                  ff ee 02 ff 20 1e 00 ff 00 00 00 ff 00 00 00 ff 00 00 00 ff
                  00 00 00 ff 00 00 00 ff 00 00 00 ff 00 00 00 ff 00 00 00 ff
                  00 00 00 ff 00 00 00 ff 00 00 00 ff 00 00 00 ff 00 00 00 ff
                  00 00 00 ff 00 00 00 ff 00 00 00 ff 00 00 00 ff 00 00 00 ff
                  00 00 00 ff 00 00 00 ff 00 00 00 ff 00 00 00 ff 00 00 00 ff
                  00 00 00 ff 00 00 00 ff 00 00 00 ff 00 00 00 ff 00 00 00 ff
                  00 00 00 ff 00 00 00 ff 00 00 00 ff 00 00 00 ff 00 00 00 ff
                  00 00 00 ff 00 00 00 ff 00 00 00 ff 00 00 00 ff 00 00 00 ff
                  00 00 00 ff e0 d1 02 ff ff ee 02 ff ff ee 02 ff ff ee 02 ff
                  ff ee 02 ff ff ee 02 ff ff ee 02 ff ff ee 02 ff ff ee 02 ff
                  ff ee 02 ff ff ee 02 ff ff ee 02 ff 00 00 00 ff 00 00 00 ff
                  00 00 00 ff 00 00 00 ff 00 00 00 ff 00 00 00 ff 00 00 00 ff
                  00 00 00 ff 00 00 00 ff 00 00 00 ff 00 00 00 ff 12 11 00 ff
                  f7 e7 02 ff ff ee 02 ff ff ee 02 ff ff ee 02 ff ff ee 02 ff
                  ff ee 02 ff 9f 94 01 ff 00 00 00 ff 00 00 00 ff 00 00 00 ff
                  00 00 00 ff 00 00 00 ff 00 00 00 fb 00 00 00 18 00 00 00 00
                  00 00 00 00 00 00 00 00 00 00 00 00 00 00 00 00 00 00 00 00
                  00 00 00 00 00 00 00 00 00 00 00 00 00 00 00 00 00 00 00 00
                  00 00 00 00 00 00 00 78 00 00 00 ff 00 00 00 ff 00 00 00 ff
                  00 00 00 ff 00 00 00 ff 0e 0d 00 ff f3 e3 02 ff ff ee 02 ff
                  ff ee 02 ff ff ee 02 ff ff ee 02 ff ff ee 02 ff cc be 02 ff
                  00 00 00 ff 00 00 00 ff 00 00 00 ff 00 00 00 ff 00 00 00 ff
                  00 00 00 ff 00 00 00 ff 00 00 00 ff 00 00 00 ff 00 00 00 ff
                  00 00 00 ff 00 00 00 ff b0 a4 01 ff ff ee 02 ff ff ee 02 ff
                  ff ee 02 ff ff ee 02 ff ff ee 02 ff ff ee 02 ff ff ee 02 ff
                  ff ee 02 ff ff ee 02 ff ff ee 02 ff ff ee 02 ff 20 1e 00 ff
                  00 00 00 ff 00 00 00 ff 00 00 00 ff 00 00 00 ff 00 00 00 ff
                  00 00 00 ff 00 00 00 ff 00 00 00 ff 00 00 00 ff 00 00 00 ff
                  00 00 00 ff 00 00 00 ff 00 00 00 ff 00 00 00 ff 00 00 00 ff
                  00 00 00 ff 00 00 00 ff 00 00 00 ff 00 00 00 ff 00 00 00 ff
                  00 00 00 ff 00 00 00 ff 00 00 00 ff 00 00 00 ff 00 00 00 ff
                  00 00 00 ff 00 00 00 ff 00 00 00 ff 00 00 00 ff 00 00 00 ff
                  00 00 00 ff 00 00 00 ff 00 00 00 ff 00 00 00 ff 00 00 00 ff
                  00 00 00 ff 00 00 00 ff 00 00 00 ff 00 00 00 ff e0 d1 02 ff
                  ff ee 02 ff ff ee 02 ff ff ee 02 ff ff ee 02 ff ff ee 02 ff
                  ff ee 02 ff ff ee 02 ff ff ee 02 ff ff ee 02 ff ff ee 02 ff
                  ff ee 02 ff 00 00 00 ff 00 00 00 ff 00 00 00 ff 00 00 00 ff
                  00 00 00 ff 00 00 00 ff 00 00 00 ff 00 00 00 ff 00 00 00 ff
                  00 00 00 ff 00 00 00 ff 00 00 00 ff 9f 94 01 ff ff ee 02 ff
                  ff ee 02 ff ff ee 02 ff ff ee 02 ff ff ee 02 ff f7 e7 02 ff
                  12 11 00 ff 00 00 00 ff 00 00 00 ff 00 00 00 ff 00 00 00 ff
                  00 00 00 ff 00 00 00 7d 00 00 00 00 00 00 00 00 00 00 00 00
                  00 00 00 00 00 00 00 00 00 00 00 00 00 00 00 00 00 00 00 00
                  00 00 00 00 00 00 00 00 00 00 00 00 00 00 00 02 00 00 00 e0
                  00 00 00 ff 00 00 00 ff 00 00 00 ff 00 00 00 ff 00 00 00 ff
                  6c 65 01 ff ff ee 02 ff ff ee 02 ff ff ee 02 ff ff ee 02 ff
                  ff ee 02 ff ff ee 02 ff 61 5b 01 ff 00 00 00 ff 00 00 00 ff
                  00 00 00 ff 00 00 00 ff 00 00 00 ff 00 00 00 ff 00 00 00 ff
                  00 00 00 ff 00 00 00 ff 00 00 00 ff 00 00 00 ff 00 00 00 ff
                  b0 a4 01 ff ff ee 02 ff ff ee 02 ff ff ee 02 ff ff ee 02 ff
                  ff ee 02 ff ff ee 02 ff ff ee 02 ff ff ee 02 ff ff ee 02 ff
                  ff ee 02 ff ff ee 02 ff 20 1e 00 ff 00 00 00 ff 00 00 00 ff
                  00 00 00 ff 00 00 00 ff 00 00 00 ff 00 00 00 ff 00 00 00 ff
                  00 00 00 ff 00 00 00 ff 00 00 00 ff 00 00 00 ff 00 00 00 ff
                  00 00 00 ff 00 00 00 ff 00 00 00 ff 00 00 00 ff 00 00 00 ff
                  00 00 00 ff 00 00 00 ff 00 00 00 ff 00 00 00 ff 00 00 00 ff
                  00 00 00 ff 00 00 00 ff 00 00 00 ff 00 00 00 ff 00 00 00 ff
                  00 00 00 ff 00 00 00 ff 00 00 00 ff 00 00 00 ff 00 00 00 ff
                  00 00 00 ff 00 00 00 ff 00 00 00 ff 00 00 00 ff 00 00 00 ff
                  00 00 00 ff 00 00 00 ff e0 d1 02 ff ff ee 02 ff ff ee 02 ff
                  ff ee 02 ff ff ee 02 ff ff ee 02 ff ff ee 02 ff ff ee 02 ff
                  ff ee 02 ff ff ee 02 ff ff ee 02 ff ff ee 02 ff 00 00 00 ff
                  00 00 00 ff 00 00 00 ff 00 00 00 ff 00 00 00 ff 00 00 00 ff
                  00 00 00 ff 00 00 00 ff 00 00 00 ff 00 00 00 ff 00 00 00 ff
                  00 00 00 ff 34 31 00 ff ff ee 02 ff ff ee 02 ff ff ee 02 ff
                  ff ee 02 ff ff ee 02 ff ff ee 02 ff 72 6a 01 ff 00 00 00 ff
                  00 00 00 ff 00 00 00 ff 00 00 00 ff 00 00 00 ff 00 00 00 e3
                  00 00 00 03 00 00 00 00 00 00 00 00 00 00 00 00 00 00 00 00
                  00 00 00 00 00 00 00 00 00 00 00 00 00 00 00 00 00 00 00 00
                  00 00 00 00 00 00 00 4e 00 00 00 ff 00 00 00 ff 00 00 00 ff
                  00 00 00 ff 00 00 00 ff 01 01 00 ff d6 c8 02 ff ff ee 02 ff
                  ff ee 02 ff ff ee 02 ff ff ee 02 ff ff ee 02 ff ee de 02 ff
                  09 08 00 ff 00 00 00 ff 00 00 00 ff 00 00 00 ff 00 00 00 ff
                  00 00 00 ff 00 00 00 ff 00 00 00 ff 00 00 00 ff 00 00 00 ff
                  00 00 00 ff 00 00 00 ff 00 00 00 ff b0 a4 01 ff ff ee 02 ff
                  ff ee 02 ff ff ee 02 ff ff ee 02 ff ff ee 02 ff ff ee 02 ff
                  ff ee 02 ff ff ee 02 ff ff ee 02 ff ff ee 02 ff ff ee 02 ff
                  20 1e 00 ff 00 00 00 ff 00 00 00 ff 00 00 00 ff 00 00 00 ff
                  00 00 00 ff 00 00 00 ff 00 00 00 ff 00 00 00 ff 00 00 00 ff
                  00 00 00 ff 00 00 00 ff 00 00 00 ff 00 00 00 ff 00 00 00 ff
                  00 00 00 ff 00 00 00 ff 00 00 00 ff 00 00 00 ff 00 00 00 ff
                  00 00 00 ff 00 00 00 ff 00 00 00 ff 00 00 00 ff 00 00 00 ff
                  00 00 00 ff 00 00 00 ff 00 00 00 ff 00 00 00 ff 00 00 00 ff
                  00 00 00 ff 00 00 00 ff 00 00 00 ff 00 00 00 ff 00 00 00 ff
                  00 00 00 ff 00 00 00 ff 00 00 00 ff 00 00 00 ff 00 00 00 ff
                  e0 d1 02 ff ff ee 02 ff ff ee 02 ff ff ee 02 ff ff ee 02 ff
                  ff ee 02 ff ff ee 02 ff ff ee 02 ff ff ee 02 ff ff ee 02 ff
                  ff ee 02 ff ff ee 02 ff 00 00 00 ff 00 00 00 ff 00 00 00 ff
                  00 00 00 ff 00 00 00 ff 00 00 00 ff 00 00 00 ff 00 00 00 ff
                  00 00 00 ff 00 00 00 ff 00 00 00 ff 00 00 00 ff 00 00 00 ff
                  c9 bc 02 ff ff ee 02 ff ff ee 02 ff ff ee 02 ff ff ee 02 ff
                  ff ee 02 ff db cc 02 ff 01 01 00 ff 00 00 00 ff 00 00 00 ff
                  00 00 00 ff 00 00 00 ff 00 00 00 ff 00 00 00 50 00 00 00 00
                  00 00 00 00 00 00 00 00 00 00 00 00 00 00 00 00 00 00 00 00
                  00 00 00 00 00 00 00 00 00 00 00 00 00 00 00 00 00 00 00 b8
                  00 00 00 ff 00 00 00 ff 00 00 00 ff 00 00 00 ff 00 00 00 ff
                  41 3d 01 ff ff ee 02 ff ff ee 02 ff ff ee 02 ff ff ee 02 ff
                  ff ee 02 ff ff ee 02 ff 8c 83 01 ff 00 00 00 ff 00 00 00 ff
                  00 00 00 ff 00 00 00 ff 00 00 00 ff 00 00 00 ff 00 00 00 ff
                  00 00 00 ff 00 00 00 ff 00 00 00 ff 00 00 00 ff 00 00 00 ff
                  00 00 00 ff b0 a4 01 ff ff ee 02 ff ff ee 02 ff ff ee 02 ff
                  ff ee 02 ff ff ee 02 ff ff ee 02 ff ff ee 02 ff ff ee 02 ff
                  ff ee 02 ff ff ee 02 ff ff ee 02 ff 20 1e 00 ff 00 00 00 ff
                  00 00 00 ff 00 00 00 ff 00 00 00 ff 00 00 00 ff 00 00 00 ff
                  00 00 00 ff 00 00 00 ff 00 00 00 ff 00 00 00 ff 00 00 00 ff
                  00 00 00 ff 00 00 00 ff 00 00 00 ff 00 00 00 ff 00 00 00 ff
                  00 00 00 ff 00 00 00 ff 00 00 00 ff 00 00 00 ff 00 00 00 ff
                  00 00 00 ff 00 00 00 ff 00 00 00 ff 00 00 00 ff 00 00 00 ff
                  00 00 00 ff 00 00 00 ff 00 00 00 ff 00 00 00 ff 00 00 00 ff
                  00 00 00 ff 00 00 00 ff 00 00 00 ff 00 00 00 ff 00 00 00 ff
                  00 00 00 ff 00 00 00 ff 00 00 00 ff e0 d1 02 ff ff ee 02 ff
                  ff ee 02 ff ff ee 02 ff ff ee 02 ff ff ee 02 ff ff ee 02 ff
                  ff ee 02 ff ff ee 02 ff ff ee 02 ff ff ee 02 ff ff ee 02 ff
                  00 00 00 ff 00 00 00 ff 00 00 00 ff 00 00 00 ff 00 00 00 ff
                  00 00 00 ff 00 00 00 ff 00 00 00 ff 00 00 00 ff 00 00 00 ff
                  00 00 00 ff 00 00 00 ff 00 00 00 ff 5f 59 01 ff ff ee 02 ff
                  ff ee 02 ff ff ee 02 ff ff ee 02 ff ff ee 02 ff ff ee 02 ff
                  45 40 01 ff 00 00 00 ff 00 00 00 ff 00 00 00 ff 00 00 00 ff
                  00 00 00 ff 00 00 00 b9 00 00 00 00 00 00 00 00 00 00 00 00
                  00 00 00 00 00 00 00 00 00 00 00 00 00 00 00 00 00 00 00 00
                  00 00 00 00 00 00 00 24 00 00 00 fe 00 00 00 ff 00 00 00 ff
                  00 00 00 ff 00 00 00 ff 00 00 00 ff ac a1 01 ff ff ee 02 ff
                  ff ee 02 ff ff ee 02 ff ff ee 02 ff ff ee 02 ff fe ed 02 ff
                  22 20 00 ff 00 00 00 ff 00 00 00 ff 00 00 00 ff 00 00 00 ff
                  00 00 00 ff 00 00 00 ff 00 00 00 ff 00 00 00 ff 00 00 00 ff
                  00 00 00 ff 00 00 00 ff 00 00 00 ff 00 00 00 ff b0 a4 01 ff
                  ff ee 02 ff ff ee 02 ff ff ee 02 ff ff ee 02 ff ff ee 02 ff
                  ff ee 02 ff ff ee 02 ff ff ee 02 ff ff ee 02 ff ff ee 02 ff
                  ff ee 02 ff 20 1e 00 ff 00 00 00 ff 00 00 00 ff 00 00 00 ff
                  00 00 00 ff 00 00 00 ff 00 00 00 ff 00 00 00 ff 00 00 00 ff
                  00 00 00 ff 00 00 00 ff 00 00 00 ff 00 00 00 ff 00 00 00 ff
                  00 00 00 ff 00 00 00 ff 00 00 00 ff 00 00 00 ff 00 00 00 ff
                  00 00 00 ff 00 00 00 ff 00 00 00 ff 00 00 00 ff 00 00 00 ff
                  00 00 00 ff 00 00 00 ff 00 00 00 ff 00 00 00 ff 00 00 00 ff
                  00 00 00 ff 00 00 00 ff 00 00 00 ff 00 00 00 ff 00 00 00 ff
                  00 00 00 ff 00 00 00 ff 00 00 00 ff 00 00 00 ff 00 00 00 ff
                  00 00 00 ff e0 d1 02 ff ff ee 02 ff ff ee 02 ff ff ee 02 ff
                  ff ee 02 ff ff ee 02 ff ff ee 02 ff ff ee 02 ff ff ee 02 ff
                  ff ee 02 ff ff ee 02 ff ff ee 02 ff 00 00 00 ff 00 00 00 ff
                  00 00 00 ff 00 00 00 ff 00 00 00 ff 00 00 00 ff 00 00 00 ff
                  00 00 00 ff 00 00 00 ff 00 00 00 ff 00 00 00 ff 00 00 00 ff
                  00 00 00 ff 08 07 00 ff ec dc 02 ff ff ee 02 ff ff ee 02 ff
                  ff ee 02 ff ff ee 02 ff ff ee 02 ff af a3 01 ff 00 00 00 ff
                  00 00 00 ff 00 00 00 ff 00 00 00 ff 00 00 00 ff 00 00 00 ff
                  00 00 00 24 00 00 00 00 00 00 00 00 00 00 00 00 00 00 00 00
                  00 00 00 00 00 00 00 00 00 00 00 00 00 00 00 00 00 00 00 8e
                  00 00 00 ff 00 00 00 ff 00 00 00 ff 00 00 00 ff 00 00 00 ff
                  1b 19 00 ff fc eb 02 ff ff ee 02 ff ff ee 02 ff ff ee 02 ff
                  ff ee 02 ff ff ee 02 ff b5 a9 01 ff 00 00 00 ff 00 00 00 ff
                  00 00 00 ff 00 00 00 ff 00 00 00 ff 00 00 00 ff 00 00 00 ff
                  00 00 00 ff 00 00 00 ff 00 00 00 ff 00 00 00 ff 00 00 00 ff
                  00 00 00 ff 00 00 00 ff b0 a4 01 ff ff ee 02 ff ff ee 02 ff
                  ff ee 02 ff ff ee 02 ff ff ee 02 ff ff ee 02 ff ff ee 02 ff
                  ff ee 02 ff ff ee 02 ff ff ee 02 ff ff ee 02 ff 20 1e 00 ff
                  00 00 00 ff 00 00 00 ff 00 00 00 ff 00 00 00 ff 00 00 00 ff
                  00 00 00 ff 00 00 00 ff 00 00 00 ff 00 00 00 ff 00 00 00 ff
                  00 00 00 ff 00 00 00 ff 00 00 00 ff 00 00 00 ff 00 00 00 ff
                  00 00 00 ff 00 00 00 ff 00 00 00 ff 00 00 00 ff 00 00 00 ff
                  00 00 00 ff 00 00 00 ff 00 00 00 ff 00 00 00 ff 00 00 00 ff
                  00 00 00 ff 00 00 00 ff 00 00 00 ff 00 00 00 ff 00 00 00 ff
                  00 00 00 ff 00 00 00 ff 00 00 00 ff 00 00 00 ff 00 00 00 ff
                  00 00 00 ff 00 00 00 ff 00 00 00 ff 00 00 00 ff e0 d1 02 ff
                  ff ee 02 ff ff ee 02 ff ff ee 02 ff ff ee 02 ff ff ee 02 ff
                  ff ee 02 ff ff ee 02 ff ff ee 02 ff ff ee 02 ff ff ee 02 ff
                  ff ee 02 ff 00 00 00 ff 00 00 00 ff 00 00 00 ff 00 00 00 ff
                  00 00 00 ff 00 00 00 ff 00 00 00 ff 00 00 00 ff 00 00 00 ff
                  00 00 00 ff 00 00 00 ff 00 00 00 ff 00 00 00 ff 00 00 00 ff
                  89 80 01 ff ff ee 02 ff ff ee 02 ff ff ee 02 ff ff ee 02 ff
                  ff ee 02 ff fc eb 02 ff 1c 1a 00 ff 00 00 00 ff 00 00 00 ff
                  00 00 00 ff 00 00 00 ff 00 00 00 ff 00 00 00 8d 00 00 00 00
                  00 00 00 00 00 00 00 00 00 00 00 00 00 00 00 00 00 00 00 00
                  00 00 00 00 00 00 00 0a 00 00 00 ee 00 00 00 ff 00 00 00 ff
                  00 00 00 ff 00 00 00 ff 00 00 00 ff 82 79 01 ff ff ee 02 ff
                  ff ee 02 ff ff ee 02 ff ff ee 02 ff ff ee 02 ff ff ee 02 ff
                  4b 46 01 ff 00 00 00 ff 00 00 00 ff 00 00 00 ff 00 00 00 ff
                  00 00 00 ff 00 00 00 ff 00 00 00 ff 00 00 00 ff 00 00 00 ff
                  00 00 00 ff 00 00 00 ff 00 00 00 ff 00 00 00 ff 00 00 00 ff
                  b0 a4 01 ff ff ee 02 ff ff ee 02 ff ff ee 02 ff ff ee 02 ff
                  ff ee 02 ff ff ee 02 ff ff ee 02 ff ff ee 02 ff ff ee 02 ff
                  ff ee 02 ff ff ee 02 ff 20 1e 00 ff 00 00 00 ff 00 00 00 ff
                  00 00 00 ff 00 00 00 ff 00 00 00 ff 00 00 00 ff 00 00 00 ff
                  00 00 00 ff 00 00 00 ff 00 00 00 ff 00 00 00 ff 00 00 00 ff
                  00 00 00 ff 00 00 00 ff 00 00 00 ff 00 00 00 ff 00 00 00 ff
                  00 00 00 ff 00 00 00 ff 00 00 00 ff 00 00 00 ff 00 00 00 ff
                  00 00 00 ff 00 00 00 ff 00 00 00 ff 00 00 00 ff 00 00 00 ff
                  00 00 00 ff 00 00 00 ff 00 00 00 ff 00 00 00 ff 00 00 00 ff
                  00 00 00 ff 00 00 00 ff 00 00 00 ff 00 00 00 ff 00 00 00 ff
                  00 00 00 ff 00 00 00 ff e0 d1 02 ff ff ee 02 ff ff ee 02 ff
                  ff ee 02 ff ff ee 02 ff ff ee 02 ff ff ee 02 ff ff ee 02 ff
                  ff ee 02 ff ff ee 02 ff ff ee 02 ff ff ee 02 ff 00 00 00 ff
                  00 00 00 ff 00 00 00 ff 00 00 00 ff 00 00 00 ff 00 00 00 ff
                  00 00 00 ff 00 00 00 ff 00 00 00 ff 00 00 00 ff 00 00 00 ff
                  00 00 00 ff 00 00 00 ff 00 00 00 ff 21 1f 00 ff fe ed 02 ff
                  ff ee 02 ff ff ee 02 ff ff ee 02 ff ff ee 02 ff ff ee 02 ff
                  82 79 01 ff 00 00 00 ff 00 00 00 ff 00 00 00 ff 00 00 00 ff
                  00 00 00 ff 00 00 00 ee 00 00 00 08 00 00 00 00 00 00 00 00
                  00 00 00 00 00 00 00 00 00 00 00 00 00 00 00 00 00 00 00 64
                  00 00 00 ff 00 00 00 ff 00 00 00 ff 00 00 00 ff 00 00 00 ff
                  06 06 00 ff e8 d9 02 ff ff ee 02 ff ff ee 02 ff ff ee 02 ff
                  ff ee 02 ff ff ee 02 ff de cf 02 ff 02 02 00 ff 00 00 00 ff
                  00 00 00 ff 00 00 00 ff 00 00 00 ff 00 00 00 ff 00 00 00 ff
                  00 00 00 ff 00 00 00 ff 00 00 00 ff 00 00 00 ff 00 00 00 ff
                  00 00 00 ff 00 00 00 ff 00 00 00 ff b0 a4 01 ff ff ee 02 ff
                  ff ee 02 ff ff ee 02 ff ff ee 02 ff ff ee 02 ff ff ee 02 ff
                  ff ee 02 ff ff ee 02 ff ff ee 02 ff ff ee 02 ff ff ee 02 ff
                  20 1e 00 ff 00 00 00 ff 00 00 00 ff 00 00 00 ff 00 00 00 ff
                  00 00 00 ff 00 00 00 ff 00 00 00 ff 00 00 00 ff 00 00 00 ff
                  00 00 00 ff 00 00 00 ff 00 00 00 ff 00 00 00 ff 00 00 00 ff
                  00 00 00 ff 00 00 00 ff 00 00 00 ff 00 00 00 ff 00 00 00 ff
                  00 00 00 ff 00 00 00 ff 00 00 00 ff 00 00 00 ff 00 00 00 ff
                  00 00 00 ff 00 00 00 ff 00 00 00 ff 00 00 00 ff 00 00 00 ff
                  00 00 00 ff 00 00 00 ff 00 00 00 ff 00 00 00 ff 00 00 00 ff
                  00 00 00 ff 00 00 00 ff 00 00 00 ff 00 00 00 ff 00 00 00 ff
                  e0 d1 02 ff ff ee 02 ff ff ee 02 ff ff ee 02 ff ff ee 02 ff
                  ff ee 02 ff ff ee 02 ff ff ee 02 ff ff ee 02 ff ff ee 02 ff
                  ff ee 02 ff ff ee 02 ff 00 00 00 ff 00 00 00 ff 00 00 00 ff
                  00 00 00 ff 00 00 00 ff 00 00 00 ff 00 00 00 ff 00 00 00 ff
                  00 00 00 ff 00 00 00 ff 00 00 00 ff 00 00 00 ff 00 00 00 ff
                  00 00 00 ff 00 00 00 ff b4 a8 01 ff ff ee 02 ff ff ee 02 ff
                  ff ee 02 ff ff ee 02 ff ff ee 02 ff e7 d8 02 ff 05 05 00 ff
                  00 00 00 ff 00 00 00 ff 00 00 00 ff 00 00 00 ff 00 00 00 ff
                  00 00 00 60 00 00 00 00 00 00 00 00 00 00 00 00 00 00 00 00
                  00 00 00 00 00 00 00 00 00 00 00 cf 00 00 00 ff 00 00 00 ff
                  00 00 00 ff 00 00 00 ff 00 00 00 ff 58 52 01 ff ff ee 02 ff
                  ff ee 02 ff ff ee 02 ff ff ee 02 ff ff ee 02 ff ff ee 02 ff
                  75 6d 01 ff 00 00 00 ff 00 00 00 ff 00 00 00 ff 00 00 00 ff
                  00 00 00 ff 00 00 00 ff 00 00 00 ff 00 00 00 ff 00 00 00 ff
                  00 00 00 ff 00 00 00 ff 00 00 00 ff 00 00 00 ff 00 00 00 ff
                  00 00 00 ff b0 a4 01 ff ff ee 02 ff ff ee 02 ff ff ee 02 ff
                  ff ee 02 ff ff ee 02 ff ff ee 02 ff ff ee 02 ff ff ee 02 ff
                  ff ee 02 ff ff ee 02 ff ff ee 02 ff 20 1e 00 ff 00 00 00 ff
                  00 00 00 ff 00 00 00 ff 00 00 00 ff 00 00 00 ff 00 00 00 ff
                  00 00 00 ff 00 00 00 ff 00 00 00 ff 00 00 00 ff 00 00 00 ff
                  00 00 00 ff 00 00 00 ff 00 00 00 ff 00 00 00 ff 00 00 00 ff
                  00 00 00 ff 00 00 00 ff 00 00 00 ff 00 00 00 ff 00 00 00 ff
                  00 00 00 ff 00 00 00 ff 00 00 00 ff 00 00 00 ff 00 00 00 ff
                  00 00 00 ff 00 00 00 ff 00 00 00 ff 00 00 00 ff 00 00 00 ff
                  00 00 00 ff 00 00 00 ff 00 00 00 ff 00 00 00 ff 00 00 00 ff
                  00 00 00 ff 00 00 00 ff 00 00 00 ff e0 d1 02 ff ff ee 02 ff
                  ff ee 02 ff ff ee 02 ff ff ee 02 ff ff ee 02 ff ff ee 02 ff
                  ff ee 02 ff ff ee 02 ff ff ee 02 ff ff ee 02 ff ff ee 02 ff
                  00 00 00 ff 00 00 00 ff 00 00 00 ff 00 00 00 ff 00 00 00 ff
                  00 00 00 ff 00 00 00 ff 00 00 00 ff 00 00 00 ff 00 00 00 ff
                  00 00 00 ff 00 00 00 ff 00 00 00 ff 00 00 00 ff 00 00 00 ff
                  49 44 01 ff ff ee 02 ff ff ee 02 ff ff ee 02 ff ff ee 02 ff
                  ff ee 02 ff ff ee 02 ff 55 4f 01 ff 00 00 00 ff 00 00 00 ff
                  00 00 00 ff 00 00 00 ff 00 00 00 ff 00 00 00 c9 00 00 00 00
                  00 00 00 00 00 00 00 00 00 00 00 00 00 00 00 00 00 00 00 39
                  00 00 00 ff 00 00 00 ff 00 00 00 ff 00 00 00 ff 00 00 00 ff
                  00 00 00 ff c2 b5 02 ff ff ee 02 ff ff ee 02 ff ff ee 02 ff
                  ff ee 02 ff ff ee 02 ff f8 e7 02 ff 13 12 00 ff 00 00 00 ff
                  00 00 00 ff 00 00 00 ff 00 00 00 ff 00 00 00 ff 00 00 00 ff
                  00 00 00 ff 00 00 00 ff 00 00 00 ff 00 00 00 ff 00 00 00 ff
                  00 00 00 ff 00 00 00 ff 00 00 00 ff 00 00 00 ff b0 a4 01 ff
                  ff ee 02 ff ff ee 02 ff ff ee 02 ff ff ee 02 ff ff ee 02 ff
                  ff ee 02 ff ff ee 02 ff ff ee 02 ff ff ee 02 ff ff ee 02 ff
                  ff ee 02 ff 20 1e 00 ff 00 00 00 ff 00 00 00 ff 00 00 00 ff
                  00 00 00 ff 00 00 00 ff 00 00 00 ff 00 00 00 ff 00 00 00 ff
                  00 00 00 ff 00 00 00 ff 00 00 00 ff 00 00 00 ff 00 00 00 ff
                  00 00 00 ff 00 00 00 ff 00 00 00 ff 00 00 00 ff 00 00 00 ff
                  00 00 00 ff 00 00 00 ff 00 00 00 ff 00 00 00 ff 00 00 00 ff
                  00 00 00 ff 00 00 00 ff 00 00 00 ff 00 00 00 ff 00 00 00 ff
                  00 00 00 ff 00 00 00 ff 00 00 00 ff 00 00 00 ff 00 00 00 ff
                  00 00 00 ff 00 00 00 ff 00 00 00 ff 00 00 00 ff 00 00 00 ff
                  00 00 00 ff e0 d1 02 ff ff ee 02 ff ff ee 02 ff ff ee 02 ff
                  ff ee 02 ff ff ee 02 ff ff ee 02 ff ff ee 02 ff ff ee 02 ff
                  ff ee 02 ff ff ee 02 ff ff ee 02 ff 00 00 00 ff 00 00 00 ff
                  00 00 00 ff 00 00 00 ff 00 00 00 ff 00 00 00 ff 00 00 00 ff
                  00 00 00 ff 00 00 00 ff 00 00 00 ff 00 00 00 ff 00 00 00 ff
                  00 00 00 ff 00 00 00 ff 00 00 00 ff 02 02 00 ff dd ce 02 ff
                  ff ee 02 ff ff ee 02 ff ff ee 02 ff ff ee 02 ff ff ee 02 ff
                  bf b2 01 ff 00 00 00 ff 00 00 00 ff 00 00 00 ff 00 00 00 ff
                  00 00 00 ff 00 00 00 ff 00 00 00 32 00 00 00 00 00 00 00 00
                  00 00 00 00 00 00 00 00 00 00 00 a4 00 00 00 ff 00 00 00 ff
                  00 00 00 ff 00 00 00 ff 00 00 00 ff 2e 2b 00 ff ff ee 02 ff
                  ff ee 02 ff ff ee 02 ff ff ee 02 ff ff ee 02 ff ff ee 02 ff
                  a0 95 01 ff 00 00 00 ff 00 00 00 ff 00 00 00 ff 00 00 00 ff
                  00 00 00 ff 00 00 00 ff 00 00 00 ff 00 00 00 ff 00 00 00 ff
                  00 00 00 ff 00 00 00 ff 00 00 00 ff 00 00 00 ff 00 00 00 ff
                  00 00 00 ff 00 00 00 ff b0 a4 01 ff ff ee 02 ff ff ee 02 ff
                  ff ee 02 ff ff ee 02 ff ff ee 02 ff ff ee 02 ff ff ee 02 ff
                  ff ee 02 ff ff ee 02 ff ff ee 02 ff ff ee 02 ff 20 1e 00 ff
                  00 00 00 ff 00 00 00 ff 00 00 00 ff 00 00 00 ff 00 00 00 ff
                  00 00 00 ff 00 00 00 ff 00 00 00 ff 00 00 00 ff 00 00 00 ff
                  00 00 00 ff 00 00 00 ff 00 00 00 ff 00 00 00 ff 00 00 00 ff
                  00 00 00 ff 00 00 00 ff 00 00 00 ff 00 00 00 ff 00 00 00 ff
                  00 00 00 ff 00 00 00 ff 00 00 00 ff 00 00 00 ff 00 00 00 ff
                  00 00 00 ff 00 00 00 ff 00 00 00 ff 00 00 00 ff 00 00 00 ff
                  00 00 00 ff 00 00 00 ff 00 00 00 ff 00 00 00 ff 00 00 00 ff
                  00 00 00 ff 00 00 00 ff 00 00 00 ff 00 00 00 ff e0 d1 02 ff
                  ff ee 02 ff ff ee 02 ff ff ee 02 ff ff ee 02 ff ff ee 02 ff
                  ff ee 02 ff ff ee 02 ff ff ee 02 ff ff ee 02 ff ff ee 02 ff
                  ff ee 02 ff 00 00 00 ff 00 00 00 ff 00 00 00 ff 00 00 00 ff
                  00 00 00 ff 00 00 00 ff 00 00 00 ff 00 00 00 ff 00 00 00 ff
                  00 00 00 ff 00 00 00 ff 00 00 00 ff 00 00 00 ff 00 00 00 ff
                  00 00 00 ff 00 00 00 ff 74 6c 01 ff ff ee 02 ff ff ee 02 ff
                  ff ee 02 ff ff ee 02 ff ff ee 02 ff ff ee 02 ff 29 26 00 ff
                  00 00 00 ff 00 00 00 ff 00 00 00 ff 00 00 00 ff 00 00 00 ff
                  00 00 00 9d 00 00 00 00 00 00 00 00 00 00 00 00 00 00 00 16
                  00 00 00 f9 00 00 00 ff 00 00 00 ff 00 00 00 ff 00 00 00 ff
                  00 00 00 ff 98 8e 01 ff ff ee 02 ff ff ee 02 ff ff ee 02 ff
                  ff ee 02 ff ff ee 02 ff ff ee 02 ff 35 31 00 ff 00 00 00 ff
                  00 00 00 ff 00 00 00 ff 00 00 00 ff 00 00 00 ff 00 00 00 ff
                  00 00 00 ff 00 00 00 ff 00 00 00 ff 00 00 00 ff 00 00 00 ff
                  00 00 00 ff 00 00 00 ff 00 00 00 ff 00 00 00 ff 00 00 00 ff
                  b0 a4 01 ff ff ee 02 ff ff ee 02 ff ff ee 02 ff ff ee 02 ff
                  ff ee 02 ff ff ee 02 ff ff ee 02 ff ff ee 02 ff ff ee 02 ff
                  ff ee 02 ff ff ee 02 ff 20 1e 00 ff 00 00 00 ff 00 00 00 ff
                  00 00 00 ff 00 00 00 ff 00 00 00 ff 00 00 00 ff 00 00 00 ff
                  00 00 00 ff 00 00 00 ff 00 00 00 ff 00 00 00 ff 00 00 00 ff
                  00 00 00 ff 00 00 00 ff 00 00 00 ff 00 00 00 ff 00 00 00 ff
                  00 00 00 ff 00 00 00 ff 00 00 00 ff 00 00 00 ff 00 00 00 ff
                  00 00 00 ff 00 00 00 ff 00 00 00 ff 00 00 00 ff 00 00 00 ff
                  00 00 00 ff 00 00 00 ff 00 00 00 ff 00 00 00 ff 00 00 00 ff
                  00 00 00 ff 00 00 00 ff 00 00 00 ff 00 00 00 ff 00 00 00 ff
                  00 00 00 ff 00 00 00 ff e0 d1 02 ff ff ee 02 ff ff ee 02 ff
                  ff ee 02 ff ff ee 02 ff ff ee 02 ff ff ee 02 ff ff ee 02 ff
                  ff ee 02 ff ff ee 02 ff ff ee 02 ff ff ee 02 ff 00 00 00 ff
                  00 00 00 ff 00 00 00 ff 00 00 00 ff 00 00 00 ff 00 00 00 ff
                  00 00 00 ff 00 00 00 ff 00 00 00 ff 00 00 00 ff 00 00 00 ff
                  00 00 00 ff 00 00 00 ff 00 00 00 ff 00 00 00 ff 00 00 00 ff
                  12 11 00 ff f7 e7 02 ff ff ee 02 ff ff ee 02 ff ff ee 02 ff
                  ff ee 02 ff ff ee 02 ff 91 87 01 ff 00 00 00 ff 00 00 00 ff
                  00 00 00 ff 00 00 00 ff 00 00 00 ff 00 00 00 f6 00 00 00 10
                  00 00 00 00 00 00 00 00 00 00 00 79 00 00 00 ff 00 00 00 ff
                  00 00 00 ff 00 00 00 ff 00 00 00 ff 0e 0d 00 ff f4 e4 02 ff
                  ff ee 02 ff ff ee 02 ff ff ee 02 ff ff ee 02 ff ff ee 02 ff
                  cb bd 02 ff 00 00 00 ff 00 00 00 ff 00 00 00 ff 00 00 00 ff
                  00 00 00 ff 00 00 00 ff 00 00 00 ff 00 00 00 ff 00 00 00 ff
                  00 00 00 ff 00 00 00 ff 00 00 00 ff 00 00 00 ff 00 00 00 ff
                  00 00 00 ff 00 00 00 ff 00 00 00 ff b0 a4 01 ff ff ee 02 ff
                  ff ee 02 ff ff ee 02 ff ff ee 02 ff ff ee 02 ff ff ee 02 ff
                  ff ee 02 ff ff ee 02 ff ff ee 02 ff ff ee 02 ff ff ee 02 ff
                  20 1e 00 ff 00 00 00 ff 00 00 00 ff 00 00 00 ff 00 00 00 ff
                  00 00 00 ff 00 00 00 ff 00 00 00 ff 00 00 00 ff 00 00 00 ff
                  00 00 00 ff 00 00 00 ff 00 00 00 ff 00 00 00 ff 00 00 00 ff
                  00 00 00 ff 00 00 00 ff 00 00 00 ff 00 00 00 ff 6b 64 01 ff
                  94 8a 01 ff 00 00 00 ff 00 00 00 ff 00 00 00 ff 00 00 00 ff
                  00 00 00 ff 00 00 00 ff 00 00 00 ff 00 00 00 ff 00 00 00 ff
                  00 00 00 ff 00 00 00 ff 00 00 00 ff 00 00 00 ff 00 00 00 ff
                  00 00 00 ff 00 00 00 ff 00 00 00 ff 00 00 00 ff 00 00 00 ff
                  e0 d1 02 ff ff ee 02 ff ff ee 02 ff ff ee 02 ff ff ee 02 ff
                  ff ee 02 ff ff ee 02 ff ff ee 02 ff ff ee 02 ff ff ee 02 ff
                  ff ee 02 ff ff ee 02 ff 00 00 00 ff 00 00 00 ff 00 00 00 ff
                  00 00 00 ff 00 00 00 ff 00 00 00 ff 00 00 00 ff 00 00 00 ff
                  00 00 00 ff 00 00 00 ff 00 00 00 ff 00 00 00 ff 00 00 00 ff
                  00 00 00 ff 00 00 00 ff 00 00 00 ff 00 00 00 ff 9f 94 01 ff
                  ff ee 02 ff ff ee 02 ff ff ee 02 ff ff ee 02 ff ff ee 02 ff
                  f1 e1 02 ff 0b 0a 00 ff 00 00 00 ff 00 00 00 ff 00 00 00 ff
                  00 00 00 ff 00 00 00 ff 00 00 00 70 00 00 00 00 00 00 00 02
                  00 00 00 e1 00 00 00 ff 00 00 00 ff 00 00 00 ff 00 00 00 ff
                  00 00 00 ff 6e 67 01 ff ff ee 02 ff ff ee 02 ff ff ee 02 ff
                  ff ee 02 ff ff ee 02 ff ff ee 02 ff 60 5a 01 ff 00 00 00 ff
                  00 00 00 ff 00 00 00 ff 00 00 00 ff 00 00 00 ff 00 00 00 ff
                  00 00 00 ff 00 00 00 ff 00 00 00 ff 00 00 00 ff 00 00 00 ff
                  00 00 00 ff 00 00 00 ff 00 00 00 ff 00 00 00 ff 00 00 00 ff
                  00 00 00 ff b0 a4 01 ff ff ee 02 ff ff ee 02 ff ff ee 02 ff
                  ff ee 02 ff ff ee 02 ff ff ee 02 ff ff ee 02 ff ff ee 02 ff
                  ff ee 02 ff ff ee 02 ff ff ee 02 ff 20 1e 00 ff 00 00 00 ff
                  00 00 00 ff 00 00 00 ff 00 00 00 ff 00 00 00 ff 00 00 00 ff
                  00 00 00 ff 00 00 00 ff 00 00 00 ff 00 00 00 ff 00 00 00 ff
                  00 00 00 ff 00 00 00 ff 00 00 00 ff 00 00 00 ff 00 00 00 ff
                  00 00 00 ff 57 51 01 ff fd ec 02 ff ff ee 02 ff 80 77 01 ff
                  00 00 00 ff 00 00 00 ff 00 00 00 ff 00 00 00 ff 00 00 00 ff
                  00 00 00 ff 00 00 00 ff 00 00 00 ff 00 00 00 ff 00 00 00 ff
                  00 00 00 ff 00 00 00 ff 00 00 00 ff 00 00 00 ff 00 00 00 ff
                  00 00 00 ff 00 00 00 ff 00 00 00 ff e0 d1 02 ff ff ee 02 ff
                  ff ee 02 ff ff ee 02 ff ff ee 02 ff ff ee 02 ff ff ee 02 ff
                  ff ee 02 ff ff ee 02 ff ff ee 02 ff ff ee 02 ff ff ee 02 ff
                  00 00 00 ff 00 00 00 ff 00 00 00 ff 00 00 00 ff 00 00 00 ff
                  00 00 00 ff 00 00 00 ff 00 00 00 ff 00 00 00 ff 00 00 00 ff
                  00 00 00 ff 00 00 00 ff 00 00 00 ff 00 00 00 ff 00 00 00 ff
                  00 00 00 ff 00 00 00 ff 33 30 00 ff ff ee 02 ff ff ee 02 ff
                  ff ee 02 ff ff ee 02 ff ff ee 02 ff ff ee 02 ff 65 5e 01 ff
                  00 00 00 ff 00 00 00 ff 00 00 00 ff 00 00 00 ff 00 00 00 ff
                  00 00 00 d8 00 00 00 01 00 00 00 43 00 00 00 ff 00 00 00 ff
                  00 00 00 ff 00 00 00 ff 00 00 00 ff 01 01 00 ff d7 c9 02 ff
                  ff ee 02 ff ff ee 02 ff ff ee 02 ff ff ee 02 ff ff ee 02 ff
                  ed dd 02 ff 08 07 00 ff 00 00 00 ff 00 00 00 ff 00 00 00 ff
                  00 00 00 ff 00 00 00 ff 00 00 00 ff 00 00 00 ff 00 00 00 ff
                  00 00 00 ff 00 00 00 ff 00 00 00 ff 00 00 00 ff 00 00 00 ff
                  00 00 00 ff 00 00 00 ff 00 00 00 ff 00 00 00 ff b0 a4 01 ff
                  ff ee 02 ff ff ee 02 ff ff ee 02 ff ff ee 02 ff ff ee 02 ff
                  ff ee 02 ff ff ee 02 ff ff ee 02 ff ff ee 02 ff ff ee 02 ff
                  ff ee 02 ff 20 1e 00 ff 00 00 00 ff 00 00 00 ff 00 00 00 ff
                  00 00 00 ff 00 00 00 ff 00 00 00 ff 00 00 00 ff 00 00 00 ff
                  00 00 00 ff 00 00 00 ff 00 00 00 ff 00 00 00 ff 00 00 00 ff
                  00 00 00 ff 00 00 00 ff 00 00 00 ff 47 42 01 ff fa e9 02 ff
                  ff ee 02 ff ff ee 02 ff ff ee 02 ff 6c 65 01 ff 00 00 00 ff
                  00 00 00 ff 00 00 00 ff 00 00 00 ff 00 00 00 ff 00 00 00 ff
                  00 00 00 ff 00 00 00 ff 00 00 00 ff 00 00 00 ff 00 00 00 ff
                  00 00 00 ff 00 00 00 ff 00 00 00 ff 00 00 00 ff 00 00 00 ff
                  00 00 00 ff e0 d1 02 ff ff ee 02 ff ff ee 02 ff ff ee 02 ff
                  ff ee 02 ff ff ee 02 ff ff ee 02 ff ff ee 02 ff ff ee 02 ff
                  ff ee 02 ff ff ee 02 ff ff ee 02 ff 00 00 00 ff 00 00 00 ff
                  00 00 00 ff 00 00 00 ff 00 00 00 ff 00 00 00 ff 00 00 00 ff
                  00 00 00 ff 00 00 00 ff 00 00 00 ff 00 00 00 ff 00 00 00 ff
                  00 00 00 ff 00 00 00 ff 00 00 00 ff 00 00 00 ff 00 00 00 ff
                  00 00 00 ff c8 bb 02 ff ff ee 02 ff ff ee 02 ff ff ee 02 ff
                  ff ee 02 ff ff ee 02 ff cf c1 02 ff 00 00 00 ff 00 00 00 ff
                  00 00 00 ff 00 00 00 ff 00 00 00 ff 00 00 00 ff 00 00 00 3a
                  00 00 00 90 00 00 00 ff 00 00 00 ff 00 00 00 ff 00 00 00 ff
                  00 00 00 ff 42 3e 01 ff ff ee 02 ff ff ee 02 ff ff ee 02 ff
                  ff ee 02 ff ff ee 02 ff ff ee 02 ff 8b 82 01 ff 00 00 00 ff
                  00 00 00 ff 00 00 00 ff 00 00 00 ff 00 00 00 ff 00 00 00 ff
                  00 00 00 ff 00 00 00 ff 00 00 00 ff 00 00 00 ff 00 00 00 ff
                  00 00 00 ff 00 00 00 ff 00 00 00 ff 00 00 00 ff 00 00 00 ff
                  00 00 00 ff 00 00 00 ff b0 a4 01 ff ff ee 02 ff ff ee 02 ff
                  ff ee 02 ff ff ee 02 ff ff ee 02 ff ff ee 02 ff ff ee 02 ff
                  ff ee 02 ff ff ee 02 ff ff ee 02 ff ff ee 02 ff 20 1e 00 ff
                  00 00 00 ff 00 00 00 ff 00 00 00 ff 00 00 00 ff 00 00 00 ff
                  00 00 00 ff 00 00 00 ff 00 00 00 ff 00 00 00 ff 00 00 00 ff
                  00 00 00 ff 00 00 00 ff 00 00 00 ff 00 00 00 ff 00 00 00 ff
                  37 33 00 ff f6 e6 02 ff ff ee 02 ff ff ee 02 ff ff ee 02 ff
                  ff ee 02 ff fd ec 02 ff 57 51 01 ff 00 00 00 ff 00 00 00 ff
                  00 00 00 ff 00 00 00 ff 00 00 00 ff 00 00 00 ff 00 00 00 ff
                  00 00 00 ff 00 00 00 ff 00 00 00 ff 00 00 00 ff 00 00 00 ff
                  00 00 00 ff 00 00 00 ff 00 00 00 ff 00 00 00 ff e0 d1 02 ff
                  ff ee 02 ff ff ee 02 ff ff ee 02 ff ff ee 02 ff ff ee 02 ff
                  ff ee 02 ff ff ee 02 ff ff ee 02 ff ff ee 02 ff ff ee 02 ff
                  ff ee 02 ff 00 00 00 ff 00 00 00 ff 00 00 00 ff 00 00 00 ff
                  00 00 00 ff 00 00 00 ff 00 00 00 ff 00 00 00 ff 00 00 00 ff
                  00 00 00 ff 00 00 00 ff 00 00 00 ff 00 00 00 ff 00 00 00 ff
                  00 00 00 ff 00 00 00 ff 00 00 00 ff 00 00 00 ff 5e 58 01 ff
                  ff ee 02 ff ff ee 02 ff ff ee 02 ff ff ee 02 ff ff ee 02 ff
                  ff ee 02 ff 38 34 00 ff 00 00 00 ff 00 00 00 ff 00 00 00 ff
                  00 00 00 ff 00 00 00 ff 00 00 00 8c 00 00 00 cb 00 00 00 ff
                  00 00 00 ff 00 00 00 ff 00 00 00 ff 00 00 00 ff 9b 91 01 ff
                  ff ee 02 ff ff ee 02 ff ff ee 02 ff ff ee 02 ff ff ee 02 ff
                  fe ed 02 ff 22 20 00 ff 00 00 00 ff 00 00 00 ff 00 00 00 ff
                  00 00 00 ff 00 00 00 ff 00 00 00 ff 00 00 00 ff 00 00 00 ff
                  00 00 00 ff 00 00 00 ff 00 00 00 ff 00 00 00 ff 00 00 00 ff
                  00 00 00 ff 00 00 00 ff 00 00 00 ff 00 00 00 ff 00 00 00 ff
                  b0 a4 01 ff ff ee 02 ff ff ee 02 ff ff ee 02 ff ff ee 02 ff
                  ff ee 02 ff ff ee 02 ff ff ee 02 ff ff ee 02 ff ff ee 02 ff
                  ff ee 02 ff ff ee 02 ff 20 1e 00 ff 00 00 00 ff 00 00 00 ff
                  00 00 00 ff 00 00 00 ff 00 00 00 ff 00 00 00 ff 00 00 00 ff
                  00 00 00 ff 00 00 00 ff 00 00 00 ff 00 00 00 ff 00 00 00 ff
                  00 00 00 ff 00 00 00 ff 2b 28 00 ff ec dc 02 ff ff ee 02 ff
                  ff ee 02 ff ff ee 02 ff ff ee 02 ff ff ee 02 ff ff ee 02 ff
                  fa e9 02 ff 45 40 01 ff 00 00 00 ff 00 00 00 ff 00 00 00 ff
                  00 00 00 ff 00 00 00 ff 00 00 00 ff 00 00 00 ff 00 00 00 ff
                  00 00 00 ff 00 00 00 ff 00 00 00 ff 00 00 00 ff 00 00 00 ff
                  00 00 00 ff 00 00 00 ff e0 d1 02 ff ff ee 02 ff ff ee 02 ff
                  ff ee 02 ff ff ee 02 ff ff ee 02 ff ff ee 02 ff ff ee 02 ff
                  ff ee 02 ff ff ee 02 ff ff ee 02 ff ff ee 02 ff 00 00 00 ff
                  00 00 00 ff 00 00 00 ff 00 00 00 ff 00 00 00 ff 00 00 00 ff
                  00 00 00 ff 00 00 00 ff 00 00 00 ff 00 00 00 ff 00 00 00 ff
                  00 00 00 ff 00 00 00 ff 00 00 00 ff 00 00 00 ff 00 00 00 ff
                  00 00 00 ff 00 00 00 ff 07 07 00 ff eb db 02 ff ff ee 02 ff
                  ff ee 02 ff ff ee 02 ff ff ee 02 ff ff ee 02 ff 94 8a 01 ff
                  00 00 00 ff 00 00 00 ff 00 00 00 ff 00 00 00 ff 00 00 00 ff
                  00 00 00 c8 00 00 00 f1 00 00 00 ff 00 00 00 ff 00 00 00 ff
                  00 00 00 ff 00 00 00 ff df d0 02 ff ff ee 02 ff ff ee 02 ff
                  ff ee 02 ff ff ee 02 ff ff ee 02 ff b5 a9 01 ff 00 00 00 ff
                  00 00 00 ff 00 00 00 ff 00 00 00 ff 00 00 00 ff 00 00 00 ff
                  00 00 00 ff 00 00 00 ff 00 00 00 ff 00 00 00 ff 00 00 00 ff
                  00 00 00 ff 00 00 00 ff 00 00 00 ff 00 00 00 ff 00 00 00 ff
                  00 00 00 ff 00 00 00 ff 00 00 00 ff b0 a4 01 ff ff ee 02 ff
                  ff ee 02 ff ff ee 02 ff ff ee 02 ff ff ee 02 ff ff ee 02 ff
                  ff ee 02 ff ff ee 02 ff ff ee 02 ff ff ee 02 ff ff ee 02 ff
                  20 1e 00 ff 00 00 00 ff 00 00 00 ff 00 00 00 ff 00 00 00 ff
                  00 00 00 ff 00 00 00 ff 00 00 00 ff 00 00 00 ff 00 00 00 ff
                  00 00 00 ff 00 00 00 ff 00 00 00 ff 00 00 00 ff 1e 1c 00 ff
                  e4 d5 02 ff ff ee 02 ff ff ee 02 ff ff ee 02 ff ff ee 02 ff
                  ff ee 02 ff ff ee 02 ff ff ee 02 ff ff ee 02 ff f4 e4 02 ff
                  36 32 00 ff 00 00 00 ff 00 00 00 ff 00 00 00 ff 00 00 00 ff
                  00 00 00 ff 00 00 00 ff 00 00 00 ff 00 00 00 ff 00 00 00 ff
                  00 00 00 ff 00 00 00 ff 00 00 00 ff 00 00 00 ff 00 00 00 ff
                  e0 d1 02 ff ff ee 02 ff ff ee 02 ff ff ee 02 ff ff ee 02 ff
                  ff ee 02 ff ff ee 02 ff ff ee 02 ff ff ee 02 ff ff ee 02 ff
                  ff ee 02 ff ff ee 02 ff 00 00 00 ff 00 00 00 ff 00 00 00 ff
                  00 00 00 ff 00 00 00 ff 00 00 00 ff 00 00 00 ff 00 00 00 ff
                  00 00 00 ff 00 00 00 ff 00 00 00 ff 00 00 00 ff 00 00 00 ff
                  00 00 00 ff 00 00 00 ff 00 00 00 ff 00 00 00 ff 00 00 00 ff
                  00 00 00 ff 89 80 01 ff ff ee 02 ff ff ee 02 ff ff ee 02 ff
                  ff ee 02 ff ff ee 02 ff da cb 02 ff 00 00 00 ff 00 00 00 ff
                  00 00 00 ff 00 00 00 ff 00 00 00 ff 00 00 00 ef 00 00 00 ff
                  00 00 00 ff 00 00 00 ff 00 00 00 ff 00 00 00 ff 01 01 00 ff
                  fb ea 02 ff ff ee 02 ff ff ee 02 ff ff ee 02 ff ff ee 02 ff
                  ff ee 02 ff 5d 57 01 ff 00 00 00 ff 00 00 00 ff 00 00 00 ff
                  00 00 00 ff 00 00 00 ff 00 00 00 ff 00 00 00 ff 00 00 00 ff
                  00 00 00 ff 00 00 00 ff 00 00 00 ff 00 00 00 ff 00 00 00 ff
                  00 00 00 ff 00 00 00 ff 00 00 00 ff 00 00 00 ff 00 00 00 ff
                  00 00 00 ff b0 a4 01 ff ff ee 02 ff ff ee 02 ff ff ee 02 ff
                  ff ee 02 ff ff ee 02 ff ff ee 02 ff ff ee 02 ff ff ee 02 ff
                  ff ee 02 ff ff ee 02 ff ff ee 02 ff 20 1e 00 ff 00 00 00 ff
                  00 00 00 ff 00 00 00 ff 00 00 00 ff 00 00 00 ff 00 00 00 ff
                  00 00 00 ff 00 00 00 ff 00 00 00 ff 00 00 00 ff 00 00 00 ff
                  00 00 00 ff 15 14 00 ff da cb 02 ff ff ee 02 ff ff ee 02 ff
                  ff ee 02 ff ff ee 02 ff ff ee 02 ff ff ee 02 ff ff ee 02 ff
                  ff ee 02 ff ff ee 02 ff ff ee 02 ff eb db 02 ff 28 25 00 ff
                  00 00 00 ff 00 00 00 ff 00 00 00 ff 00 00 00 ff 00 00 00 ff
                  00 00 00 ff 00 00 00 ff 00 00 00 ff 00 00 00 ff 00 00 00 ff
                  00 00 00 ff 00 00 00 ff 00 00 00 ff e0 d1 02 ff ff ee 02 ff
                  ff ee 02 ff ff ee 02 ff ff ee 02 ff ff ee 02 ff ff ee 02 ff
                  ff ee 02 ff ff ee 02 ff ff ee 02 ff ff ee 02 ff ff ee 02 ff
                  00 00 00 ff 00 00 00 ff 00 00 00 ff 00 00 00 ff 00 00 00 ff
                  00 00 00 ff 00 00 00 ff 00 00 00 ff 00 00 00 ff 00 00 00 ff
                  00 00 00 ff 00 00 00 ff 00 00 00 ff 00 00 00 ff 00 00 00 ff
                  00 00 00 ff 00 00 00 ff 00 00 00 ff 00 00 00 ff 50 4b 01 ff
                  ff ee 02 ff ff ee 02 ff ff ee 02 ff ff ee 02 ff ff ee 02 ff
                  f9 e8 02 ff 00 00 00 ff 00 00 00 ff 00 00 00 ff 00 00 00 ff
                  00 00 00 ff 00 00 00 ff 00 00 00 ff 00 00 00 ff 00 00 00 ff
                  00 00 00 ff 00 00 00 ff 01 01 00 ff fb ea 02 ff ff ee 02 ff
                  ff ee 02 ff ff ee 02 ff ff ee 02 ff ff ee 02 ff 4f 4a 01 ff
                  00 00 00 ff 00 00 00 ff 00 00 00 ff 00 00 00 ff 00 00 00 ff
                  00 00 00 ff 00 00 00 ff 00 00 00 ff 00 00 00 ff 00 00 00 ff
                  00 00 00 ff 00 00 00 ff 00 00 00 ff 00 00 00 ff 00 00 00 ff
                  00 00 00 ff 00 00 00 ff 00 00 00 ff 00 00 00 ff b0 a4 01 ff
                  ff ee 02 ff ff ee 02 ff ff ee 02 ff ff ee 02 ff ff ee 02 ff
                  ff ee 02 ff ff ee 02 ff ff ee 02 ff ff ee 02 ff ff ee 02 ff
                  ff ee 02 ff 20 1e 00 ff 00 00 00 ff 00 00 00 ff 00 00 00 ff
                  00 00 00 ff 00 00 00 ff 00 00 00 ff 00 00 00 ff 00 00 00 ff
                  00 00 00 ff 00 00 00 ff 00 00 00 ff 0f 0e 00 ff cc be 02 ff
                  ff ee 02 ff ff ee 02 ff ff ee 02 ff ff ee 02 ff ff ee 02 ff
                  ff ee 02 ff ff ee 02 ff ff ee 02 ff ff ee 02 ff ff ee 02 ff
                  ff ee 02 ff ff ee 02 ff e3 d4 02 ff 1c 1a 00 ff 00 00 00 ff
                  00 00 00 ff 00 00 00 ff 00 00 00 ff 00 00 00 ff 00 00 00 ff
                  00 00 00 ff 00 00 00 ff 00 00 00 ff 00 00 00 ff 00 00 00 ff
                  00 00 00 ff e0 d1 02 ff ff ee 02 ff ff ee 02 ff ff ee 02 ff
                  ff ee 02 ff ff ee 02 ff ff ee 02 ff ff ee 02 ff ff ee 02 ff
                  ff ee 02 ff ff ee 02 ff ff ee 02 ff 00 00 00 ff 00 00 00 ff
                  00 00 00 ff 00 00 00 ff 00 00 00 ff 00 00 00 ff 00 00 00 ff
                  00 00 00 ff 00 00 00 ff 00 00 00 ff 00 00 00 ff 00 00 00 ff
                  00 00 00 ff 00 00 00 ff 00 00 00 ff 00 00 00 ff 00 00 00 ff
                  00 00 00 ff 00 00 00 ff 5a 54 01 ff ff ee 02 ff ff ee 02 ff
                  ff ee 02 ff ff ee 02 ff ff ee 02 ff fb ea 02 ff 00 00 00 ff
                  00 00 00 ff 00 00 00 ff 00 00 00 ff 00 00 00 ff 00 00 00 ff
                  00 00 00 f1 00 00 00 ff 00 00 00 ff 00 00 00 ff 00 00 00 ff
                  00 00 00 ff df d0 02 ff ff ee 02 ff ff ee 02 ff ff ee 02 ff
                  ff ee 02 ff ff ee 02 ff a2 97 01 ff 00 00 00 ff 00 00 00 ff
                  00 00 00 ff 00 00 00 ff 00 00 00 ff 00 00 00 ff 00 00 00 ff
                  00 00 00 ff 00 00 00 ff 00 00 00 ff 00 00 00 ff 00 00 00 ff
                  00 00 00 ff 00 00 00 ff 00 00 00 ff 00 00 00 ff 00 00 00 ff
                  00 00 00 ff 00 00 00 ff b0 a4 01 ff ff ee 02 ff ff ee 02 ff
                  ff ee 02 ff ff ee 02 ff ff ee 02 ff ff ee 02 ff ff ee 02 ff
                  ff ee 02 ff ff ee 02 ff ff ee 02 ff ff ee 02 ff 20 1e 00 ff
                  00 00 00 ff 00 00 00 ff 00 00 00 ff 00 00 00 ff 00 00 00 ff
                  00 00 00 ff 00 00 00 ff 00 00 00 ff 00 00 00 ff 00 00 00 ff
                  06 06 00 ff be b1 01 ff ff ee 02 ff ff ee 02 ff ff ee 02 ff
                  ff ee 02 ff ff ee 02 ff ff ee 02 ff ff ee 02 ff ff ee 02 ff
                  ff ee 02 ff ff ee 02 ff ff ee 02 ff ff ee 02 ff ff ee 02 ff
                  ff ee 02 ff d6 c8 02 ff 14 13 00 ff 00 00 00 ff 00 00 00 ff
                  00 00 00 ff 00 00 00 ff 00 00 00 ff 00 00 00 ff 00 00 00 ff
                  00 00 00 ff 00 00 00 ff 00 00 00 ff 00 00 00 ff e0 d1 02 ff
                  ff ee 02 ff ff ee 02 ff ff ee 02 ff ff ee 02 ff ff ee 02 ff
                  ff ee 02 ff ff ee 02 ff ff ee 02 ff ff ee 02 ff ff ee 02 ff
                  ff ee 02 ff 00 00 00 ff 00 00 00 ff 00 00 00 ff 00 00 00 ff
                  00 00 00 ff 00 00 00 ff 00 00 00 ff 00 00 00 ff 00 00 00 ff
                  00 00 00 ff 00 00 00 ff 00 00 00 ff 00 00 00 ff 00 00 00 ff
                  00 00 00 ff 00 00 00 ff 00 00 00 ff 00 00 00 ff 00 00 00 ff
                  8f 85 01 ff ff ee 02 ff ff ee 02 ff ff ee 02 ff ff ee 02 ff
                  ff ee 02 ff e0 d1 02 ff 00 00 00 ff 00 00 00 ff 00 00 00 ff
                  00 00 00 ff 00 00 00 ff 00 00 00 f2 00 00 00 cb 00 00 00 ff
                  00 00 00 ff 00 00 00 ff 00 00 00 ff 00 00 00 ff 9b 91 01 ff
                  ff ee 02 ff ff ee 02 ff ff ee 02 ff ff ee 02 ff ff ee 02 ff
                  f8 e7 02 ff 14 13 00 ff 00 00 00 ff 00 00 00 ff 00 00 00 ff
                  00 00 00 ff 00 00 00 ff 00 00 00 ff 00 00 00 ff 00 00 00 ff
                  00 00 00 ff 00 00 00 ff 00 00 00 ff 00 00 00 ff 00 00 00 ff
                  00 00 00 ff 00 00 00 ff 00 00 00 ff 00 00 00 ff 00 00 00 ff
                  b0 a4 01 ff ff ee 02 ff ff ee 02 ff ff ee 02 ff ff ee 02 ff
                  ff ee 02 ff ff ee 02 ff ff ee 02 ff ff ee 02 ff ff ee 02 ff
                  ff ee 02 ff ff ee 02 ff 20 1e 00 ff 00 00 00 ff 00 00 00 ff
                  00 00 00 ff 00 00 00 ff 00 00 00 ff 00 00 00 ff 00 00 00 ff
                  00 00 00 ff 00 00 00 ff 03 03 00 ff ae a2 01 ff ff ee 02 ff
                  ff ee 02 ff ff ee 02 ff ff ee 02 ff ff ee 02 ff ff ee 02 ff
                  ff ee 02 ff ff ee 02 ff ff ee 02 ff ff ee 02 ff ff ee 02 ff
                  ff ee 02 ff ff ee 02 ff ff ee 02 ff ff ee 02 ff ff ee 02 ff
                  c8 bb 02 ff 0a 09 00 ff 00 00 00 ff 00 00 00 ff 00 00 00 ff
                  00 00 00 ff 00 00 00 ff 00 00 00 ff 00 00 00 ff 00 00 00 ff
                  00 00 00 ff 00 00 00 ff e0 d1 02 ff ff ee 02 ff ff ee 02 ff
                  ff ee 02 ff ff ee 02 ff ff ee 02 ff ff ee 02 ff ff ee 02 ff
                  ff ee 02 ff ff ee 02 ff ff ee 02 ff ff ee 02 ff 00 00 00 ff
                  00 00 00 ff 00 00 00 ff 00 00 00 ff 00 00 00 ff 00 00 00 ff
                  00 00 00 ff 00 00 00 ff 00 00 00 ff 00 00 00 ff 00 00 00 ff
                  00 00 00 ff 00 00 00 ff 00 00 00 ff 00 00 00 ff 00 00 00 ff
                  00 00 00 ff 00 00 00 ff 09 08 00 ff ee de 02 ff ff ee 02 ff
                  ff ee 02 ff ff ee 02 ff ff ee 02 ff ff ee 02 ff 9b 91 01 ff
                  00 00 00 ff 00 00 00 ff 00 00 00 ff 00 00 00 ff 00 00 00 ff
                  00 00 00 cc 00 00 00 90 00 00 00 ff 00 00 00 ff 00 00 00 ff
                  00 00 00 ff 00 00 00 ff 43 3f 01 ff ff ee 02 ff ff ee 02 ff
                  ff ee 02 ff ff ee 02 ff ff ee 02 ff ff ee 02 ff 76 6e 01 ff
                  00 00 00 ff 00 00 00 ff 00 00 00 ff 00 00 00 ff 00 00 00 ff
                  00 00 00 ff 00 00 00 ff 00 00 00 ff 00 00 00 ff 00 00 00 ff
                  00 00 00 ff 00 00 00 ff 00 00 00 ff 00 00 00 ff 00 00 00 ff
                  00 00 00 ff 00 00 00 ff 00 00 00 ff b0 a4 01 ff ff ee 02 ff
                  ff ee 02 ff ff ee 02 ff ff ee 02 ff ff ee 02 ff ff ee 02 ff
                  ff ee 02 ff ff ee 02 ff ff ee 02 ff ff ee 02 ff ff ee 02 ff
                  20 1e 00 ff 00 00 00 ff 00 00 00 ff 00 00 00 ff 00 00 00 ff
                  00 00 00 ff 00 00 00 ff 00 00 00 ff 00 00 00 ff 01 01 00 ff
                  9c 92 01 ff ff ee 02 ff ff ee 02 ff ff ee 02 ff ff ee 02 ff
                  ff ee 02 ff ff ee 02 ff ff ee 02 ff ff ee 02 ff ff ee 02 ff
                  ff ee 02 ff ff ee 02 ff ff ee 02 ff ff ee 02 ff ff ee 02 ff
                  ff ee 02 ff ff ee 02 ff ff ee 02 ff ff ee 02 ff b8 ac 01 ff
                  06 06 00 ff 00 00 00 ff 00 00 00 ff 00 00 00 ff 00 00 00 ff
                  00 00 00 ff 00 00 00 ff 00 00 00 ff 00 00 00 ff 00 00 00 ff
                  e0 d1 02 ff ff ee 02 ff ff ee 02 ff ff ee 02 ff ff ee 02 ff
                  ff ee 02 ff ff ee 02 ff ff ee 02 ff ff ee 02 ff ff ee 02 ff
                  ff ee 02 ff ff ee 02 ff 00 00 00 ff 00 00 00 ff 00 00 00 ff
                  00 00 00 ff 00 00 00 ff 00 00 00 ff 00 00 00 ff 00 00 00 ff
                  00 00 00 ff 00 00 00 ff 00 00 00 ff 00 00 00 ff 00 00 00 ff
                  00 00 00 ff 00 00 00 ff 00 00 00 ff 00 00 00 ff 00 00 00 ff
                  60 5a 01 ff ff ee 02 ff ff ee 02 ff ff ee 02 ff ff ee 02 ff
                  ff ee 02 ff ff ee 02 ff 41 3d 01 ff 00 00 00 ff 00 00 00 ff
                  00 00 00 ff 00 00 00 ff 00 00 00 ff 00 00 00 92 00 00 00 43
                  00 00 00 ff 00 00 00 ff 00 00 00 ff 00 00 00 ff 00 00 00 ff
                  01 01 00 ff d9 cb 02 ff ff ee 02 ff ff ee 02 ff ff ee 02 ff
                  ff ee 02 ff ff ee 02 ff de cf 02 ff 02 02 00 ff 00 00 00 ff
                  00 00 00 ff 00 00 00 ff 00 00 00 ff 00 00 00 ff 00 00 00 ff
                  00 00 00 ff 00 00 00 ff 00 00 00 ff 00 00 00 ff 00 00 00 ff
                  00 00 00 ff 00 00 00 ff 00 00 00 ff 00 00 00 ff 00 00 00 ff
                  00 00 00 ff b0 a4 01 ff ff ee 02 ff ff ee 02 ff ff ee 02 ff
                  ff ee 02 ff ff ee 02 ff ff ee 02 ff ff ee 02 ff ff ee 02 ff
                  ff ee 02 ff ff ee 02 ff ff ee 02 ff 20 1e 00 ff 00 00 00 ff
                  00 00 00 ff 00 00 00 ff 00 00 00 ff 00 00 00 ff 00 00 00 ff
                  00 00 00 ff 00 00 00 ff 88 7f 01 ff ff ee 02 ff ff ee 02 ff
                  ff ee 02 ff ff ee 02 ff ff ee 02 ff ff ee 02 ff ff ee 02 ff
                  ff ee 02 ff ff ee 02 ff ff ee 02 ff ff ee 02 ff ff ee 02 ff
                  ff ee 02 ff ff ee 02 ff ff ee 02 ff ff ee 02 ff ff ee 02 ff
                  ff ee 02 ff ff ee 02 ff ff ee 02 ff a7 9c 01 ff 01 01 00 ff
                  00 00 00 ff 00 00 00 ff 00 00 00 ff 00 00 00 ff 00 00 00 ff
                  00 00 00 ff 00 00 00 ff 00 00 00 ff e0 d1 02 ff ff ee 02 ff
                  ff ee 02 ff ff ee 02 ff ff ee 02 ff ff ee 02 ff ff ee 02 ff
                  ff ee 02 ff ff ee 02 ff ff ee 02 ff ff ee 02 ff ff ee 02 ff
                  00 00 00 ff 00 00 00 ff 00 00 00 ff 00 00 00 ff 00 00 00 ff
                  00 00 00 ff 00 00 00 ff 00 00 00 ff 00 00 00 ff 00 00 00 ff
                  00 00 00 ff 00 00 00 ff 00 00 00 ff 00 00 00 ff 00 00 00 ff
                  00 00 00 ff 00 00 00 ff 00 00 00 ff cb bd 02 ff ff ee 02 ff
                  ff ee 02 ff ff ee 02 ff ff ee 02 ff ff ee 02 ff d8 ca 02 ff
                  01 01 00 ff 00 00 00 ff 00 00 00 ff 00 00 00 ff 00 00 00 ff
                  00 00 00 ff 00 00 00 43 00 00 00 02 00 00 00 e1 00 00 00 ff
                  00 00 00 ff 00 00 00 ff 00 00 00 ff 00 00 00 ff 70 69 01 ff
                  ff ee 02 ff ff ee 02 ff ff ee 02 ff ff ee 02 ff ff ee 02 ff
                  ff ee 02 ff 4b 46 01 ff 00 00 00 ff 00 00 00 ff 00 00 00 ff
                  00 00 00 ff 00 00 00 ff 00 00 00 ff 00 00 00 ff 00 00 00 ff
                  00 00 00 ff 00 00 00 ff 00 00 00 ff 00 00 00 ff 00 00 00 ff
                  00 00 00 ff 00 00 00 ff 00 00 00 ff 00 00 00 ff b0 a4 01 ff
                  ff ee 02 ff ff ee 02 ff ff ee 02 ff ff ee 02 ff ff ee 02 ff
                  ff ee 02 ff ff ee 02 ff ff ee 02 ff ff ee 02 ff ff ee 02 ff
                  ff ee 02 ff 20 1e 00 ff 00 00 00 ff 00 00 00 ff 00 00 00 ff
                  00 00 00 ff 00 00 00 ff 00 00 00 ff 00 00 00 ff 73 6b 01 ff
                  ff ee 02 ff ff ee 02 ff ff ee 02 ff ff ee 02 ff ff ee 02 ff
                  ff ee 02 ff ff ee 02 ff ff ee 02 ff ff ee 02 ff ff ee 02 ff
                  ff ee 02 ff ff ee 02 ff ff ee 02 ff ff ee 02 ff ff ee 02 ff
                  ff ee 02 ff ff ee 02 ff ff ee 02 ff ff ee 02 ff ff ee 02 ff
                  ff ee 02 ff ff ee 02 ff 92 88 01 ff 00 00 00 ff 00 00 00 ff
                  00 00 00 ff 00 00 00 ff 00 00 00 ff 00 00 00 ff 00 00 00 ff
                  00 00 00 ff e0 d1 02 ff ff ee 02 ff ff ee 02 ff ff ee 02 ff
                  ff ee 02 ff ff ee 02 ff ff ee 02 ff ff ee 02 ff ff ee 02 ff
                  ff ee 02 ff ff ee 02 ff ff ee 02 ff 00 00 00 ff 00 00 00 ff
                  00 00 00 ff 00 00 00 ff 00 00 00 ff 00 00 00 ff 00 00 00 ff
                  00 00 00 ff 00 00 00 ff 00 00 00 ff 00 00 00 ff 00 00 00 ff
                  00 00 00 ff 00 00 00 ff 00 00 00 ff 00 00 00 ff 00 00 00 ff
                  35 31 00 ff ff ee 02 ff ff ee 02 ff ff ee 02 ff ff ee 02 ff
                  ff ee 02 ff ff ee 02 ff 70 69 01 ff 00 00 00 ff 00 00 00 ff
                  00 00 00 ff 00 00 00 ff 00 00 00 ff 00 00 00 e1 00 00 00 02
                  00 00 00 00 00 00 00 7b 00 00 00 ff 00 00 00 ff 00 00 00 ff
                  00 00 00 ff 00 00 00 ff 12 11 00 ff f6 e6 02 ff ff ee 02 ff
                  ff ee 02 ff ff ee 02 ff ff ee 02 ff ff ee 02 ff b4 a8 01 ff
                  00 00 00 ff 00 00 00 ff 00 00 00 ff 00 00 00 ff 00 00 00 ff
                  00 00 00 ff 00 00 00 ff 00 00 00 ff 00 00 00 ff 00 00 00 ff
                  00 00 00 ff 00 00 00 ff 00 00 00 ff 00 00 00 ff 00 00 00 ff
                  00 00 00 ff 00 00 00 ff b0 a4 01 ff ff ee 02 ff ff ee 02 ff
                  ff ee 02 ff ff ee 02 ff ff ee 02 ff ff ee 02 ff ff ee 02 ff
                  ff ee 02 ff ff ee 02 ff ff ee 02 ff ff ee 02 ff 20 1e 00 ff
                  00 00 00 ff 00 00 00 ff 00 00 00 ff 00 00 00 ff 00 00 00 ff
                  00 00 00 ff 60 5a 01 ff ff ee 02 ff ff ee 02 ff ff ee 02 ff
                  ff ee 02 ff ff ee 02 ff ff ee 02 ff ff ee 02 ff ff ee 02 ff
                  ff ee 02 ff ff ee 02 ff ff ee 02 ff ff ee 02 ff ff ee 02 ff
                  ff ee 02 ff ff ee 02 ff ff ee 02 ff ff ee 02 ff ff ee 02 ff
                  ff ee 02 ff ff ee 02 ff ff ee 02 ff ff ee 02 ff ff ee 02 ff
                  ff ee 02 ff 7e 76 01 ff 00 00 00 ff 00 00 00 ff 00 00 00 ff
                  00 00 00 ff 00 00 00 ff 00 00 00 ff 00 00 00 ff e0 d1 02 ff
                  ff ee 02 ff ff ee 02 ff ff ee 02 ff ff ee 02 ff ff ee 02 ff
                  ff ee 02 ff ff ee 02 ff ff ee 02 ff ff ee 02 ff ff ee 02 ff
                  ff ee 02 ff 00 00 00 ff 00 00 00 ff 00 00 00 ff 00 00 00 ff
                  00 00 00 ff 00 00 00 ff 00 00 00 ff 00 00 00 ff 00 00 00 ff
                  00 00 00 ff 00 00 00 ff 00 00 00 ff 00 00 00 ff 00 00 00 ff
                  00 00 00 ff 00 00 00 ff 00 00 00 ff 9f 94 01 ff ff ee 02 ff
                  ff ee 02 ff ff ee 02 ff ff ee 02 ff ff ee 02 ff f6 e6 02 ff
                  10 0f 00 ff 00 00 00 ff 00 00 00 ff 00 00 00 ff 00 00 00 ff
                  00 00 00 ff 00 00 00 7a 00 00 00 00 00 00 00 00 00 00 00 17
                  00 00 00 fa 00 00 00 ff 00 00 00 ff 00 00 00 ff 00 00 00 ff
                  00 00 00 ff 9f 94 01 ff ff ee 02 ff ff ee 02 ff ff ee 02 ff
                  ff ee 02 ff ff ee 02 ff fe ed 02 ff 21 1f 00 ff 00 00 00 ff
                  00 00 00 ff 00 00 00 ff 00 00 00 ff 00 00 00 ff 00 00 00 ff
                  00 00 00 ff 00 00 00 ff 00 00 00 ff 00 00 00 ff 00 00 00 ff
                  00 00 00 ff 00 00 00 ff 00 00 00 ff 00 00 00 ff 00 00 00 ff
                  b0 a4 01 ff ff ee 02 ff ff ee 02 ff ff ee 02 ff ff ee 02 ff
                  ff ee 02 ff ff ee 02 ff ff ee 02 ff ff ee 02 ff ff ee 02 ff
                  ff ee 02 ff ff ee 02 ff 20 1e 00 ff 00 00 00 ff 00 00 00 ff
                  00 00 00 ff 00 00 00 ff 00 00 00 ff 4e 49 01 ff fd ec 02 ff
                  ff ee 02 ff ff ee 02 ff ff ee 02 ff ff ee 02 ff ff ee 02 ff
                  ff ee 02 ff ff ee 02 ff ff ee 02 ff ff ee 02 ff ff ee 02 ff
                  ff ee 02 ff ff ee 02 ff ff ee 02 ff ff ee 02 ff ff ee 02 ff
                  ff ee 02 ff ff ee 02 ff ff ee 02 ff ff ee 02 ff ff ee 02 ff
                  ff ee 02 ff ff ee 02 ff ff ee 02 ff ff ee 02 ff ff ee 02 ff
                  67 60 01 ff 00 00 00 ff 00 00 00 ff 00 00 00 ff 00 00 00 ff
                  00 00 00 ff 00 00 00 ff e0 d1 02 ff ff ee 02 ff ff ee 02 ff
                  ff ee 02 ff ff ee 02 ff ff ee 02 ff ff ee 02 ff ff ee 02 ff
                  ff ee 02 ff ff ee 02 ff ff ee 02 ff ff ee 02 ff 00 00 00 ff
                  00 00 00 ff 00 00 00 ff 00 00 00 ff 00 00 00 ff 00 00 00 ff
                  00 00 00 ff 00 00 00 ff 00 00 00 ff 00 00 00 ff 00 00 00 ff
                  00 00 00 ff 00 00 00 ff 00 00 00 ff 00 00 00 ff 00 00 00 ff
                  12 11 00 ff f7 e7 02 ff ff ee 02 ff ff ee 02 ff ff ee 02 ff
                  ff ee 02 ff ff ee 02 ff 9d 93 01 ff 00 00 00 ff 00 00 00 ff
                  00 00 00 ff 00 00 00 ff 00 00 00 ff 00 00 00 fa 00 00 00 16
                  00 00 00 00 00 00 00 00 00 00 00 00 00 00 00 a9 00 00 00 ff
                  00 00 00 ff 00 00 00 ff 00 00 00 ff 00 00 00 ff 35 31 00 ff
                  ff ee 02 ff ff ee 02 ff ff ee 02 ff ff ee 02 ff ff ee 02 ff
                  ff ee 02 ff 89 80 01 ff 00 00 00 ff 00 00 00 ff 00 00 00 ff
                  00 00 00 ff 00 00 00 ff 00 00 00 ff 00 00 00 ff 00 00 00 ff
                  00 00 00 ff 00 00 00 ff 00 00 00 ff 00 00 00 ff 00 00 00 ff
                  00 00 00 ff 00 00 00 ff 00 00 00 ff b0 a4 01 ff ff ee 02 ff
                  ff ee 02 ff ff ee 02 ff ff ee 02 ff ff ee 02 ff ff ee 02 ff
                  ff ee 02 ff ff ee 02 ff ff ee 02 ff ff ee 02 ff ff ee 02 ff
                  20 1e 00 ff 00 00 00 ff 00 00 00 ff 00 00 00 ff 00 00 00 ff
                  3e 3a 00 ff f6 e6 02 ff ff ee 02 ff ff ee 02 ff ff ee 02 ff
                  ff ee 02 ff ff ee 02 ff ff ee 02 ff ff ee 02 ff ff ee 02 ff
                  ff ee 02 ff ff ee 02 ff ff ee 02 ff ff ee 02 ff ff ee 02 ff
                  ff ee 02 ff ff ee 02 ff ff ee 02 ff ff ee 02 ff ff ee 02 ff
                  ff ee 02 ff ff ee 02 ff ff ee 02 ff ff ee 02 ff ff ee 02 ff
                  ff ee 02 ff ff ee 02 ff ff ee 02 ff fd ec 02 ff 54 4e 01 ff
                  00 00 00 ff 00 00 00 ff 00 00 00 ff 00 00 00 ff 00 00 00 ff
                  e0 d1 02 ff ff ee 02 ff ff ee 02 ff ff ee 02 ff ff ee 02 ff
                  ff ee 02 ff ff ee 02 ff ff ee 02 ff ff ee 02 ff ff ee 02 ff
                  ff ee 02 ff ff ee 02 ff 00 00 00 ff 00 00 00 ff 00 00 00 ff
                  00 00 00 ff 00 00 00 ff 00 00 00 ff 00 00 00 ff 00 00 00 ff
                  00 00 00 ff 00 00 00 ff 00 00 00 ff 00 00 00 ff 00 00 00 ff
                  00 00 00 ff 00 00 00 ff 00 00 00 ff 73 6b 01 ff ff ee 02 ff
                  ff ee 02 ff ff ee 02 ff ff ee 02 ff ff ee 02 ff ff ee 02 ff
                  33 30 00 ff 00 00 00 ff 00 00 00 ff 00 00 00 ff 00 00 00 ff
                  00 00 00 ff 00 00 00 a7 00 00 00 00 00 00 00 00 00 00 00 00
                  00 00 00 00 00 00 00 40 00 00 00 ff 00 00 00 ff 00 00 00 ff
                  00 00 00 ff 00 00 00 ff 00 00 00 ff cc be 02 ff ff ee 02 ff
                  ff ee 02 ff ff ee 02 ff ff ee 02 ff ff ee 02 ff eb db 02 ff
                  07 07 00 ff 00 00 00 ff 00 00 00 ff 00 00 00 ff 00 00 00 ff
                  00 00 00 ff 00 00 00 ff 00 00 00 ff 00 00 00 ff 00 00 00 ff
                  00 00 00 ff 00 00 00 ff 00 00 00 ff 00 00 00 ff 00 00 00 ff
                  00 00 00 ff b0 a4 01 ff ff ee 02 ff ff ee 02 ff ff ee 02 ff
                  ff ee 02 ff ff ee 02 ff ff ee 02 ff ff ee 02 ff ff ee 02 ff
                  ff ee 02 ff ff ee 02 ff ff ee 02 ff 20 1e 00 ff 00 00 00 ff
                  00 00 00 ff 00 00 00 ff 30 2d 00 ff f1 e1 02 ff ff ee 02 ff
                  ff ee 02 ff ff ee 02 ff ff ee 02 ff ff ee 02 ff ff ee 02 ff
                  ff ee 02 ff ff ee 02 ff ff ee 02 ff ff ee 02 ff ff ee 02 ff
                  ff ee 02 ff ff ee 02 ff e4 d5 02 ff af a3 01 ff ff ee 02 ff
                  ff ee 02 ff ff ee 02 ff ff ee 02 ff ff ee 02 ff ff ee 02 ff
                  ff ee 02 ff ff ee 02 ff ff ee 02 ff ff ee 02 ff ff ee 02 ff
                  ff ee 02 ff ff ee 02 ff fa e9 02 ff 43 3f 01 ff 00 00 00 ff
                  00 00 00 ff 00 00 00 ff 00 00 00 ff e0 d1 02 ff ff ee 02 ff
                  ff ee 02 ff ff ee 02 ff ff ee 02 ff ff ee 02 ff ff ee 02 ff
                  ff ee 02 ff ff ee 02 ff ff ee 02 ff ff ee 02 ff ff ee 02 ff
                  00 00 00 ff 00 00 00 ff 00 00 00 ff 00 00 00 ff 00 00 00 ff
                  00 00 00 ff 00 00 00 ff 00 00 00 ff 00 00 00 ff 00 00 00 ff
                  00 00 00 ff 00 00 00 ff 00 00 00 ff 00 00 00 ff 00 00 00 ff
                  02 02 00 ff dc cd 02 ff ff ee 02 ff ff ee 02 ff ff ee 02 ff
                  ff ee 02 ff ff ee 02 ff ca bd 02 ff 00 00 00 ff 00 00 00 ff
                  00 00 00 ff 00 00 00 ff 00 00 00 ff 00 00 00 ff 00 00 00 3e
                  00 00 00 00 00 00 00 00 00 00 00 00 00 00 00 00 00 00 00 00
                  00 00 00 d6 00 00 00 ff 00 00 00 ff 00 00 00 ff 00 00 00 ff
                  00 00 00 ff 62 5b 01 ff ff ee 02 ff ff ee 02 ff ff ee 02 ff
                  ff ee 02 ff ff ee 02 ff ff ee 02 ff 5e 58 01 ff 00 00 00 ff
                  00 00 00 ff 00 00 00 ff 00 00 00 ff 00 00 00 ff 00 00 00 ff
                  00 00 00 ff 00 00 00 ff 00 00 00 ff 00 00 00 ff 00 00 00 ff
                  00 00 00 ff 00 00 00 ff 00 00 00 ff 00 00 00 ff b0 a4 01 ff
                  ff ee 02 ff ff ee 02 ff ff ee 02 ff ff ee 02 ff ff ee 02 ff
                  ff ee 02 ff ff ee 02 ff ff ee 02 ff ff ee 02 ff ff ee 02 ff
                  ff ee 02 ff 20 1e 00 ff 00 00 00 ff 00 00 00 ff 24 22 00 ff
                  e9 d9 02 ff ff ee 02 ff ff ee 02 ff ff ee 02 ff ff ee 02 ff
                  ff ee 02 ff ff ee 02 ff ff ee 02 ff ff ee 02 ff ff ee 02 ff
                  ff ee 02 ff ff ee 02 ff ff ee 02 ff ff ee 02 ff f1 e1 02 ff
                  2e 2b 00 ff 06 06 00 ff bb af 01 ff ff ee 02 ff ff ee 02 ff
                  ff ee 02 ff ff ee 02 ff ff ee 02 ff ff ee 02 ff ff ee 02 ff
                  ff ee 02 ff ff ee 02 ff ff ee 02 ff ff ee 02 ff ff ee 02 ff
                  ff ee 02 ff f2 e2 02 ff 34 31 00 ff 00 00 00 ff 00 00 00 ff
                  00 00 00 ff e0 d1 02 ff ff ee 02 ff ff ee 02 ff ff ee 02 ff
                  ff ee 02 ff ff ee 02 ff ff ee 02 ff ff ee 02 ff ff ee 02 ff
                  ff ee 02 ff ff ee 02 ff ff ee 02 ff 00 00 00 ff 00 00 00 ff
                  00 00 00 ff 00 00 00 ff 00 00 00 ff 00 00 00 ff 00 00 00 ff
                  00 00 00 ff 00 00 00 ff 00 00 00 ff 00 00 00 ff 00 00 00 ff
                  00 00 00 ff 00 00 00 ff 00 00 00 ff 48 43 01 ff ff ee 02 ff
                  ff ee 02 ff ff ee 02 ff ff ee 02 ff ff ee 02 ff ff ee 02 ff
                  60 5a 01 ff 00 00 00 ff 00 00 00 ff 00 00 00 ff 00 00 00 ff
                  00 00 00 ff 00 00 00 d4 00 00 00 00 00 00 00 00 00 00 00 00
                  00 00 00 00 00 00 00 00 00 00 00 00 00 00 00 6d 00 00 00 ff
                  00 00 00 ff 00 00 00 ff 00 00 00 ff 00 00 00 ff 0a 09 00 ff
                  ef df 02 ff ff ee 02 ff ff ee 02 ff ff ee 02 ff ff ee 02 ff
                  ff ee 02 ff c7 ba 02 ff 00 00 00 ff 00 00 00 ff 00 00 00 ff
                  00 00 00 ff 00 00 00 ff 00 00 00 ff 00 00 00 ff 00 00 00 ff
                  00 00 00 ff 00 00 00 ff 00 00 00 ff 00 00 00 ff 00 00 00 ff
                  00 00 00 ff 00 00 00 ff b0 a4 01 ff ff ee 02 ff ff ee 02 ff
                  ff ee 02 ff ff ee 02 ff ff ee 02 ff ff ee 02 ff ff ee 02 ff
                  ff ee 02 ff ff ee 02 ff ff ee 02 ff ff ee 02 ff 20 1e 00 ff
                  00 00 00 ff 1a 18 00 ff de cf 02 ff ff ee 02 ff ff ee 02 ff
                  ff ee 02 ff ff ee 02 ff ff ee 02 ff ff ee 02 ff ff ee 02 ff
                  ff ee 02 ff ff ee 02 ff ff ee 02 ff ff ee 02 ff ff ee 02 ff
                  ff ee 02 ff fa e9 02 ff 3f 3b 00 ff 00 00 00 ff 00 00 00 ff
                  0f 0e 00 ff d0 c2 02 ff ff ee 02 ff ff ee 02 ff ff ee 02 ff
                  ff ee 02 ff ff ee 02 ff ff ee 02 ff ff ee 02 ff ff ee 02 ff
                  ff ee 02 ff ff ee 02 ff ff ee 02 ff ff ee 02 ff ff ee 02 ff
                  eb db 02 ff 26 23 00 ff 00 00 00 ff 00 00 00 ff e0 d1 02 ff
                  ff ee 02 ff ff ee 02 ff ff ee 02 ff ff ee 02 ff ff ee 02 ff
                  ff ee 02 ff ff ee 02 ff ff ee 02 ff ff ee 02 ff ff ee 02 ff
                  ff ee 02 ff 00 00 00 ff 00 00 00 ff 00 00 00 ff 00 00 00 ff
                  00 00 00 ff 00 00 00 ff 00 00 00 ff 00 00 00 ff 00 00 00 ff
                  00 00 00 ff 00 00 00 ff 00 00 00 ff 00 00 00 ff 00 00 00 ff
                  00 00 00 ff b1 a5 01 ff ff ee 02 ff ff ee 02 ff ff ee 02 ff
                  ff ee 02 ff ff ee 02 ff ee de 02 ff 09 08 00 ff 00 00 00 ff
                  00 00 00 ff 00 00 00 ff 00 00 00 ff 00 00 00 ff 00 00 00 6b
                  00 00 00 00 00 00 00 00 00 00 00 00 00 00 00 00 00 00 00 00
                  00 00 00 00 00 00 00 0e 00 00 00 f5 00 00 00 ff 00 00 00 ff
                  00 00 00 ff 00 00 00 ff 00 00 00 ff 90 86 01 ff ff ee 02 ff
                  ff ee 02 ff ff ee 02 ff ff ee 02 ff ff ee 02 ff ff ee 02 ff
                  31 2e 00 ff 00 00 00 ff 00 00 00 ff 00 00 00 ff 00 00 00 ff
                  00 00 00 ff 00 00 00 ff 00 00 00 ff 00 00 00 ff 00 00 00 ff
                  00 00 00 ff 00 00 00 ff 00 00 00 ff 00 00 00 ff 00 00 00 ff
                  b0 a4 01 ff ff ee 02 ff ff ee 02 ff ff ee 02 ff ff ee 02 ff
                  ff ee 02 ff ff ee 02 ff ff ee 02 ff ff ee 02 ff ff ee 02 ff
                  ff ee 02 ff ff ee 02 ff 20 1e 00 ff 10 0f 00 ff d3 c5 02 ff
                  ff ee 02 ff ff ee 02 ff ff ee 02 ff ff ee 02 ff ff ee 02 ff
                  ff ee 02 ff ff ee 02 ff ff ee 02 ff ff ee 02 ff ff ee 02 ff
                  ff ee 02 ff ff ee 02 ff ff ee 02 ff fe ed 02 ff 56 50 01 ff
                  00 00 00 ff 00 00 00 ff 00 00 00 ff 00 00 00 ff 1a 18 00 ff
                  e0 d1 02 ff ff ee 02 ff ff ee 02 ff ff ee 02 ff ff ee 02 ff
                  ff ee 02 ff ff ee 02 ff ff ee 02 ff ff ee 02 ff ff ee 02 ff
                  ff ee 02 ff ff ee 02 ff ff ee 02 ff ff ee 02 ff e1 d2 02 ff
                  1c 1a 00 ff 00 00 00 ff e0 d1 02 ff ff ee 02 ff ff ee 02 ff
                  ff ee 02 ff ff ee 02 ff ff ee 02 ff ff ee 02 ff ff ee 02 ff
                  ff ee 02 ff ff ee 02 ff ff ee 02 ff ff ee 02 ff 00 00 00 ff
                  00 00 00 ff 00 00 00 ff 00 00 00 ff 00 00 00 ff 00 00 00 ff
                  00 00 00 ff 00 00 00 ff 00 00 00 ff 00 00 00 ff 00 00 00 ff
                  00 00 00 ff 00 00 00 ff 00 00 00 ff 1f 1d 00 ff fd ec 02 ff
                  ff ee 02 ff ff ee 02 ff ff ee 02 ff ff ee 02 ff ff ee 02 ff
                  8e 85 01 ff 00 00 00 ff 00 00 00 ff 00 00 00 ff 00 00 00 ff
                  00 00 00 ff 00 00 00 f4 00 00 00 0e 00 00 00 00 00 00 00 00
                  00 00 00 00 00 00 00 00 00 00 00 00 00 00 00 00 00 00 00 00
                  00 00 00 9a 00 00 00 ff 00 00 00 ff 00 00 00 ff 00 00 00 ff
                  00 00 00 ff 27 24 00 ff ff ee 02 ff ff ee 02 ff ff ee 02 ff
                  ff ee 02 ff ff ee 02 ff ff ee 02 ff 9c 92 01 ff 00 00 00 ff
                  00 00 00 ff 00 00 00 ff 00 00 00 ff 00 00 00 ff 00 00 00 ff
                  00 00 00 ff 00 00 00 ff 00 00 00 ff 00 00 00 ff 00 00 00 ff
                  00 00 00 ff 00 00 00 ff 00 00 00 ff b0 a4 01 ff ff ee 02 ff
                  ff ee 02 ff ff ee 02 ff ff ee 02 ff ff ee 02 ff ff ee 02 ff
                  ff ee 02 ff ff ee 02 ff ff ee 02 ff ff ee 02 ff ff ee 02 ff
                  2a 27 00 ff c5 b8 02 ff ff ee 02 ff ff ee 02 ff ff ee 02 ff
                  ff ee 02 ff ff ee 02 ff ff ee 02 ff ff ee 02 ff ff ee 02 ff
                  ff ee 02 ff ff ee 02 ff ff ee 02 ff ff ee 02 ff ff ee 02 ff
                  ff ee 02 ff 70 69 01 ff 00 00 00 ff 00 00 00 ff 00 00 00 ff
                  00 00 00 ff 00 00 00 ff 00 00 00 ff 28 25 00 ff ed dd 02 ff
                  ff ee 02 ff ff ee 02 ff ff ee 02 ff ff ee 02 ff ff ee 02 ff
                  ff ee 02 ff ff ee 02 ff ff ee 02 ff ff ee 02 ff ff ee 02 ff
                  ff ee 02 ff ff ee 02 ff ff ee 02 ff d3 c5 02 ff 11 10 00 ff
                  e0 d1 02 ff ff ee 02 ff ff ee 02 ff ff ee 02 ff ff ee 02 ff
                  ff ee 02 ff ff ee 02 ff ff ee 02 ff ff ee 02 ff ff ee 02 ff
                  ff ee 02 ff ff ee 02 ff 00 00 00 ff 00 00 00 ff 00 00 00 ff
                  00 00 00 ff 00 00 00 ff 00 00 00 ff 00 00 00 ff 00 00 00 ff
                  00 00 00 ff 00 00 00 ff 00 00 00 ff 00 00 00 ff 00 00 00 ff
                  00 00 00 ff 86 7d 01 ff ff ee 02 ff ff ee 02 ff ff ee 02 ff
                  ff ee 02 ff ff ee 02 ff ff ee 02 ff 26 23 00 ff 00 00 00 ff
                  00 00 00 ff 00 00 00 ff 00 00 00 ff 00 00 00 ff 00 00 00 99
                  00 00 00 00 00 00 00 00 00 00 00 00 00 00 00 00 00 00 00 00
                  00 00 00 00 00 00 00 00 00 00 00 00 00 00 00 30 00 00 00 ff
                  00 00 00 ff 00 00 00 ff 00 00 00 ff 00 00 00 ff 00 00 00 ff
                  bd b0 01 ff ff ee 02 ff ff ee 02 ff ff ee 02 ff ff ee 02 ff
                  ff ee 02 ff f5 e5 02 ff 10 0f 00 ff 00 00 00 ff 00 00 00 ff
                  00 00 00 ff 00 00 00 ff 00 00 00 ff 00 00 00 ff 00 00 00 ff
                  00 00 00 ff 00 00 00 ff 00 00 00 ff 00 00 00 ff 00 00 00 ff
                  00 00 00 ff b0 a4 01 ff ff ee 02 ff ff ee 02 ff ff ee 02 ff
                  ff ee 02 ff ff ee 02 ff ff ee 02 ff ff ee 02 ff ff ee 02 ff
                  ff ee 02 ff ff ee 02 ff ff ee 02 ff cd bf 02 ff ff ee 02 ff
                  ff ee 02 ff ff ee 02 ff ff ee 02 ff ff ee 02 ff ff ee 02 ff
                  ff ee 02 ff ff ee 02 ff ff ee 02 ff ff ee 02 ff ff ee 02 ff
                  ff ee 02 ff ff ee 02 ff ff ee 02 ff 8c 83 01 ff 00 00 00 ff
                  00 00 00 ff 00 00 00 ff 00 00 00 ff 00 00 00 ff 00 00 00 ff
                  00 00 00 ff 00 00 00 ff 3a 36 00 ff f6 e6 02 ff ff ee 02 ff
                  ff ee 02 ff ff ee 02 ff ff ee 02 ff ff ee 02 ff ff ee 02 ff
                  ff ee 02 ff ff ee 02 ff ff ee 02 ff ff ee 02 ff ff ee 02 ff
                  ff ee 02 ff ff ee 02 ff c6 b9 02 ff e8 d9 02 ff ff ee 02 ff
                  ff ee 02 ff ff ee 02 ff ff ee 02 ff ff ee 02 ff ff ee 02 ff
                  ff ee 02 ff ff ee 02 ff ff ee 02 ff ff ee 02 ff ff ee 02 ff
                  00 00 00 ff 00 00 00 ff 00 00 00 ff 00 00 00 ff 00 00 00 ff
                  00 00 00 ff 00 00 00 ff 00 00 00 ff 00 00 00 ff 00 00 00 ff
                  00 00 00 ff 00 00 00 ff 00 00 00 ff 06 06 00 ff ea da 02 ff
                  ff ee 02 ff ff ee 02 ff ff ee 02 ff ff ee 02 ff ff ee 02 ff
                  bc af 01 ff 00 00 00 ff 00 00 00 ff 00 00 00 ff 00 00 00 ff
                  00 00 00 ff 00 00 00 ff 00 00 00 30 00 00 00 00 00 00 00 00
                  00 00 00 00 00 00 00 00 00 00 00 00 00 00 00 00 00 00 00 00
                  00 00 00 00 00 00 00 00 00 00 00 c7 00 00 00 ff 00 00 00 ff
                  00 00 00 ff 00 00 00 ff 00 00 00 ff 54 4e 01 ff ff ee 02 ff
                  ff ee 02 ff ff ee 02 ff ff ee 02 ff ff ee 02 ff ff ee 02 ff
                  70 69 01 ff 00 00 00 ff 00 00 00 ff 00 00 00 ff 00 00 00 ff
                  00 00 00 ff 00 00 00 ff 00 00 00 ff 00 00 00 ff 00 00 00 ff
                  00 00 00 ff 00 00 00 ff 00 00 00 ff 00 00 00 ff b0 a4 01 ff
                  ff ee 02 ff ff ee 02 ff ff ee 02 ff ff ee 02 ff ff ee 02 ff
                  ff ee 02 ff ff ee 02 ff ff ee 02 ff ff ee 02 ff ff ee 02 ff
                  ff ee 02 ff ff ee 02 ff ff ee 02 ff ff ee 02 ff ff ee 02 ff
                  ff ee 02 ff ff ee 02 ff ff ee 02 ff ff ee 02 ff ff ee 02 ff
                  ff ee 02 ff ff ee 02 ff ff ee 02 ff ff ee 02 ff ff ee 02 ff
                  a6 9b 01 ff 01 01 00 ff 00 00 00 ff 00 00 00 ff 00 00 00 ff
                  00 00 00 ff 00 00 00 ff 00 00 00 ff 00 00 00 ff 00 00 00 ff
                  00 00 00 ff 50 4b 01 ff fd ec 02 ff ff ee 02 ff ff ee 02 ff
                  ff ee 02 ff ff ee 02 ff ff ee 02 ff ff ee 02 ff ff ee 02 ff
                  ff ee 02 ff ff ee 02 ff ff ee 02 ff ff ee 02 ff ff ee 02 ff
                  ff ee 02 ff ff ee 02 ff ff ee 02 ff ff ee 02 ff ff ee 02 ff
                  ff ee 02 ff ff ee 02 ff ff ee 02 ff ff ee 02 ff ff ee 02 ff
                  ff ee 02 ff ff ee 02 ff ff ee 02 ff 00 00 00 ff 00 00 00 ff
                  00 00 00 ff 00 00 00 ff 00 00 00 ff 00 00 00 ff 00 00 00 ff
                  00 00 00 ff 00 00 00 ff 00 00 00 ff 00 00 00 ff 00 00 00 ff
                  00 00 00 ff 5b 55 01 ff ff ee 02 ff ff ee 02 ff ff ee 02 ff
                  ff ee 02 ff ff ee 02 ff ff ee 02 ff 52 4d 01 ff 00 00 00 ff
                  00 00 00 ff 00 00 00 ff 00 00 00 ff 00 00 00 ff 00 00 00 c6
                  00 00 00 00 00 00 00 00 00 00 00 00 00 00 00 00 00 00 00 00
                  00 00 00 00 00 00 00 00 00 00 00 00 00 00 00 00 00 00 00 00
                  00 00 00 5f 00 00 00 ff 00 00 00 ff 00 00 00 ff 00 00 00 ff
                  00 00 00 ff 05 05 00 ff e6 d7 02 ff ff ee 02 ff ff ee 02 ff
                  ff ee 02 ff ff ee 02 ff ff ee 02 ff da cb 02 ff 01 01 00 ff
                  00 00 00 ff 00 00 00 ff 00 00 00 ff 00 00 00 ff 00 00 00 ff
                  00 00 00 ff 00 00 00 ff 00 00 00 ff 00 00 00 ff 00 00 00 ff
                  00 00 00 ff 00 00 00 ff b0 a4 01 ff ff ee 02 ff ff ee 02 ff
                  ff ee 02 ff ff ee 02 ff ff ee 02 ff ff ee 02 ff ff ee 02 ff
                  ff ee 02 ff ff ee 02 ff ff ee 02 ff ff ee 02 ff ff ee 02 ff
                  ff ee 02 ff ff ee 02 ff ff ee 02 ff ff ee 02 ff ff ee 02 ff
                  ff ee 02 ff ff ee 02 ff ff ee 02 ff ff ee 02 ff ff ee 02 ff
                  ff ee 02 ff ff ee 02 ff bc af 01 ff 06 06 00 ff 00 00 00 ff
                  00 00 00 ff 00 00 00 ff 00 00 00 ff 00 00 00 ff 00 00 00 ff
                  00 00 00 ff 00 00 00 ff 00 00 00 ff 00 00 00 ff 00 00 00 ff
                  67 60 01 ff ff ee 02 ff ff ee 02 ff ff ee 02 ff ff ee 02 ff
                  ff ee 02 ff ff ee 02 ff ff ee 02 ff ff ee 02 ff ff ee 02 ff
                  ff ee 02 ff ff ee 02 ff ff ee 02 ff ff ee 02 ff ff ee 02 ff
                  ff ee 02 ff ff ee 02 ff ff ee 02 ff ff ee 02 ff ff ee 02 ff
                  ff ee 02 ff ff ee 02 ff ff ee 02 ff ff ee 02 ff ff ee 02 ff
                  ff ee 02 ff 00 00 00 ff 00 00 00 ff 00 00 00 ff 00 00 00 ff
                  00 00 00 ff 00 00 00 ff 00 00 00 ff 00 00 00 ff 00 00 00 ff
                  00 00 00 ff 00 00 00 ff 00 00 00 ff 00 00 00 ff c4 b7 02 ff
                  ff ee 02 ff ff ee 02 ff ff ee 02 ff ff ee 02 ff ff ee 02 ff
                  e5 d6 02 ff 04 04 00 ff 00 00 00 ff 00 00 00 ff 00 00 00 ff
                  00 00 00 ff 00 00 00 ff 00 00 00 5d 00 00 00 00 00 00 00 00
                  00 00 00 00 00 00 00 00 00 00 00 00 00 00 00 00 00 00 00 00
                  00 00 00 00 00 00 00 00 00 00 00 00 00 00 00 08 00 00 00 ed
                  00 00 00 ff 00 00 00 ff 00 00 00 ff 00 00 00 ff 00 00 00 ff
                  81 78 01 ff ff ee 02 ff ff ee 02 ff ff ee 02 ff ff ee 02 ff
                  ff ee 02 ff ff ee 02 ff 44 3f 01 ff 00 00 00 ff 00 00 00 ff
                  00 00 00 ff 00 00 00 ff 00 00 00 ff 00 00 00 ff 00 00 00 ff
                  00 00 00 ff 00 00 00 ff 00 00 00 ff 00 00 00 ff 00 00 00 ff
                  b0 a4 01 ff ff ee 02 ff ff ee 02 ff ff ee 02 ff ff ee 02 ff
                  ff ee 02 ff ff ee 02 ff ff ee 02 ff ff ee 02 ff ff ee 02 ff
                  ff ee 02 ff ff ee 02 ff ff ee 02 ff ff ee 02 ff ff ee 02 ff
                  ff ee 02 ff ff ee 02 ff ff ee 02 ff ff ee 02 ff ff ee 02 ff
                  ff ee 02 ff ff ee 02 ff ff ee 02 ff ff ee 02 ff d0 c2 02 ff
                  0f 0e 00 ff 00 00 00 ff 00 00 00 ff 00 00 00 ff 00 00 00 ff
                  00 00 00 ff 00 00 00 ff 00 00 00 ff 00 00 00 ff 00 00 00 ff
                  00 00 00 ff 00 00 00 ff 00 00 00 ff 00 00 00 ff 83 7a 01 ff
                  ff ee 02 ff ff ee 02 ff ff ee 02 ff ff ee 02 ff ff ee 02 ff
                  ff ee 02 ff ff ee 02 ff ff ee 02 ff ff ee 02 ff ff ee 02 ff
                  ff ee 02 ff ff ee 02 ff ff ee 02 ff ff ee 02 ff ff ee 02 ff
                  ff ee 02 ff ff ee 02 ff ff ee 02 ff ff ee 02 ff ff ee 02 ff
                  ff ee 02 ff ff ee 02 ff ff ee 02 ff ff ee 02 ff 00 00 00 ff
                  00 00 00 ff 00 00 00 ff 00 00 00 ff 00 00 00 ff 00 00 00 ff
                  00 00 00 ff 00 00 00 ff 00 00 00 ff 00 00 00 ff 00 00 00 ff
                  00 00 00 ff 2f 2c 00 ff ff ee 02 ff ff ee 02 ff ff ee 02 ff
                  ff ee 02 ff ff ee 02 ff ff ee 02 ff 80 77 01 ff 00 00 00 ff
                  00 00 00 ff 00 00 00 ff 00 00 00 ff 00 00 00 ff 00 00 00 ec
                  00 00 00 07 00 00 00 00 00 00 00 00 00 00 00 00 00 00 00 00
                  00 00 00 00 00 00 00 00 00 00 00 00 00 00 00 00 00 00 00 00
                  00 00 00 00 00 00 00 00 00 00 00 8c 00 00 00 ff 00 00 00 ff
                  00 00 00 ff 00 00 00 ff 00 00 00 ff 1c 1a 00 ff fc eb 02 ff
                  ff ee 02 ff ff ee 02 ff ff ee 02 ff ff ee 02 ff ff ee 02 ff
                  af a3 01 ff 00 00 00 ff 00 00 00 ff 00 00 00 ff 00 00 00 ff
                  00 00 00 ff 00 00 00 ff 00 00 00 ff 00 00 00 ff 00 00 00 ff
                  00 00 00 ff 00 00 00 ff 00 00 00 ff b0 a4 01 ff ff ee 02 ff
                  ff ee 02 ff ff ee 02 ff ff ee 02 ff ff ee 02 ff ff ee 02 ff
                  ff ee 02 ff ff ee 02 ff ff ee 02 ff ff ee 02 ff ff ee 02 ff
                  ff ee 02 ff ff ee 02 ff ff ee 02 ff ff ee 02 ff ff ee 02 ff
                  ff ee 02 ff ff ee 02 ff ff ee 02 ff ff ee 02 ff ff ee 02 ff
                  ff ee 02 ff e0 d1 02 ff 1a 18 00 ff 00 00 00 ff 00 00 00 ff
                  00 00 00 ff 00 00 00 ff 00 00 00 ff 00 00 00 ff 00 00 00 ff
                  00 00 00 ff 00 00 00 ff 00 00 00 ff 00 00 00 ff 00 00 00 ff
                  00 00 00 ff 00 00 00 ff 01 01 00 ff 9e 93 01 ff ff ee 02 ff
                  ff ee 02 ff ff ee 02 ff ff ee 02 ff ff ee 02 ff ff ee 02 ff
                  ff ee 02 ff ff ee 02 ff ff ee 02 ff ff ee 02 ff ff ee 02 ff
                  ff ee 02 ff ff ee 02 ff ff ee 02 ff ff ee 02 ff ff ee 02 ff
                  ff ee 02 ff ff ee 02 ff ff ee 02 ff ff ee 02 ff ff ee 02 ff
                  ff ee 02 ff ff ee 02 ff 00 00 00 ff 00 00 00 ff 00 00 00 ff
                  00 00 00 ff 00 00 00 ff 00 00 00 ff 00 00 00 ff 00 00 00 ff
                  00 00 00 ff 00 00 00 ff 00 00 00 ff 00 00 00 ff 99 8f 01 ff
                  ff ee 02 ff ff ee 02 ff ff ee 02 ff ff ee 02 ff ff ee 02 ff
                  fc eb 02 ff 1a 18 00 ff 00 00 00 ff 00 00 00 ff 00 00 00 ff
                  00 00 00 ff 00 00 00 ff 00 00 00 8a 00 00 00 00 00 00 00 00
                  00 00 00 00 00 00 00 00 00 00 00 00 00 00 00 00 00 00 00 00
                  00 00 00 00 00 00 00 00 00 00 00 00 00 00 00 00 00 00 00 00
                  00 00 00 24 00 00 00 fe 00 00 00 ff 00 00 00 ff 00 00 00 ff
                  00 00 00 ff 00 00 00 ff af a3 01 ff ff ee 02 ff ff ee 02 ff
                  ff ee 02 ff ff ee 02 ff ff ee 02 ff fc eb 02 ff 1d 1b 00 ff
                  00 00 00 ff 00 00 00 ff 00 00 00 ff 00 00 00 ff 00 00 00 ff
                  00 00 00 ff 00 00 00 ff 00 00 00 ff 00 00 00 ff 00 00 00 ff
                  00 00 00 ff b0 a4 01 ff ff ee 02 ff ff ee 02 ff ff ee 02 ff
                  ff ee 02 ff ff ee 02 ff ff ee 02 ff ff ee 02 ff ff ee 02 ff
                  ff ee 02 ff ff ee 02 ff ff ee 02 ff ff ee 02 ff ff ee 02 ff
                  ff ee 02 ff ff ee 02 ff ff ee 02 ff ff ee 02 ff ff ee 02 ff
                  ff ee 02 ff ff ee 02 ff ff ee 02 ff ed dd 02 ff 28 25 00 ff
                  00 00 00 ff 00 00 00 ff 00 00 00 ff 00 00 00 ff 00 00 00 ff
                  00 00 00 ff 00 00 00 ff 00 00 00 ff 00 00 00 ff 00 00 00 ff
                  00 00 00 ff 00 00 00 ff 00 00 00 ff 00 00 00 ff 00 00 00 ff
                  00 00 00 ff 04 04 00 ff b7 ab 01 ff ff ee 02 ff ff ee 02 ff
                  ff ee 02 ff ff ee 02 ff ff ee 02 ff ff ee 02 ff ff ee 02 ff
                  ff ee 02 ff ff ee 02 ff ff ee 02 ff ff ee 02 ff ff ee 02 ff
                  ff ee 02 ff ff ee 02 ff ff ee 02 ff ff ee 02 ff ff ee 02 ff
                  ff ee 02 ff ff ee 02 ff ff ee 02 ff ff ee 02 ff ff ee 02 ff
                  00 00 00 ff 00 00 00 ff 00 00 00 ff 00 00 00 ff 00 00 00 ff
                  00 00 00 ff 00 00 00 ff 00 00 00 ff 00 00 00 ff 00 00 00 ff
                  00 00 00 ff 0e 0d 00 ff f5 e5 02 ff ff ee 02 ff ff ee 02 ff
                  ff ee 02 ff ff ee 02 ff ff ee 02 ff ad a1 01 ff 00 00 00 ff
                  00 00 00 ff 00 00 00 ff 00 00 00 ff 00 00 00 ff 00 00 00 fe
                  00 00 00 22 00 00 00 00 00 00 00 00 00 00 00 00 00 00 00 00
                  00 00 00 00 00 00 00 00 00 00 00 00 00 00 00 00 00 00 00 00
                  00 00 00 00 00 00 00 00 00 00 00 00 00 00 00 00 00 00 00 b9
                  00 00 00 ff 00 00 00 ff 00 00 00 ff 00 00 00 ff 00 00 00 ff
                  45 40 01 ff ff ee 02 ff ff ee 02 ff ff ee 02 ff ff ee 02 ff
                  ff ee 02 ff ff ee 02 ff 82 79 01 ff 00 00 00 ff 00 00 00 ff
                  00 00 00 ff 00 00 00 ff 00 00 00 ff 00 00 00 ff 00 00 00 ff
                  00 00 00 ff 00 00 00 ff 00 00 00 ff 00 00 00 ff b0 a4 01 ff
                  ff ee 02 ff ff ee 02 ff ff ee 02 ff ff ee 02 ff ff ee 02 ff
                  ff ee 02 ff ff ee 02 ff ff ee 02 ff ff ee 02 ff ff ee 02 ff
                  ff ee 02 ff ff ee 02 ff ff ee 02 ff ff ee 02 ff ff ee 02 ff
                  ff ee 02 ff ff ee 02 ff ff ee 02 ff ff ee 02 ff ff ee 02 ff
                  f6 e6 02 ff 3a 36 00 ff 00 00 00 ff 00 00 00 ff 00 00 00 ff
                  00 00 00 ff 00 00 00 ff 00 00 00 ff 00 00 00 ff 00 00 00 ff
                  00 00 00 ff 00 00 00 ff 00 00 00 ff 00 00 00 ff 00 00 00 ff
                  00 00 00 ff 00 00 00 ff 00 00 00 ff 00 00 00 ff 00 00 00 ff
                  0a 09 00 ff cb bd 02 ff ff ee 02 ff ff ee 02 ff ff ee 02 ff
                  ff ee 02 ff ff ee 02 ff ff ee 02 ff ff ee 02 ff ff ee 02 ff
                  ff ee 02 ff ff ee 02 ff ff ee 02 ff ff ee 02 ff ff ee 02 ff
                  ff ee 02 ff ff ee 02 ff ff ee 02 ff ff ee 02 ff ff ee 02 ff
                  ff ee 02 ff ff ee 02 ff ff ee 02 ff 00 00 00 ff 00 00 00 ff
                  00 00 00 ff 00 00 00 ff 00 00 00 ff 00 00 00 ff 00 00 00 ff
                  00 00 00 ff 00 00 00 ff 00 00 00 ff 00 00 00 ff 6e 67 01 ff
                  ff ee 02 ff ff ee 02 ff ff ee 02 ff ff ee 02 ff ff ee 02 ff
                  ff ee 02 ff 43 3f 01 ff 00 00 00 ff 00 00 00 ff 00 00 00 ff
                  00 00 00 ff 00 00 00 ff 00 00 00 b7 00 00 00 00 00 00 00 00
                  00 00 00 00 00 00 00 00 00 00 00 00 00 00 00 00 00 00 00 00
                  00 00 00 00 00 00 00 00 00 00 00 00 00 00 00 00 00 00 00 00
                  00 00 00 00 00 00 00 00 00 00 00 50 00 00 00 ff 00 00 00 ff
                  00 00 00 ff 00 00 00 ff 00 00 00 ff 01 01 00 ff db cc 02 ff
                  ff ee 02 ff ff ee 02 ff ff ee 02 ff ff ee 02 ff ff ee 02 ff
                  e8 d9 02 ff 06 06 00 ff 00 00 00 ff 00 00 00 ff 00 00 00 ff
                  00 00 00 ff 00 00 00 ff 00 00 00 ff 00 00 00 ff 00 00 00 ff
                  00 00 00 ff 00 00 00 ff b0 a4 01 ff ff ee 02 ff ff ee 02 ff
                  ff ee 02 ff ff ee 02 ff ff ee 02 ff ff ee 02 ff ff ee 02 ff
                  ff ee 02 ff ff ee 02 ff ff ee 02 ff ff ee 02 ff ff ee 02 ff
                  ff ee 02 ff ff ee 02 ff ff ee 02 ff ff ee 02 ff ff ee 02 ff
                  ff ee 02 ff ff ee 02 ff fd ec 02 ff 50 4b 01 ff 00 00 00 ff
                  00 00 00 ff 00 00 00 ff 00 00 00 ff 00 00 00 ff 00 00 00 ff
                  00 00 00 ff 00 00 00 ff 00 00 00 ff 00 00 00 ff 00 00 00 ff
                  00 00 00 ff 00 00 00 ff 00 00 00 ff 00 00 00 ff 00 00 00 ff
                  00 00 00 ff 00 00 00 ff 00 00 00 ff 00 00 00 ff 15 14 00 ff
                  dc cd 02 ff ff ee 02 ff ff ee 02 ff ff ee 02 ff ff ee 02 ff
                  ff ee 02 ff ff ee 02 ff ff ee 02 ff ff ee 02 ff ff ee 02 ff
                  ff ee 02 ff ff ee 02 ff ff ee 02 ff ff ee 02 ff ff ee 02 ff
                  ff ee 02 ff ff ee 02 ff ff ee 02 ff ff ee 02 ff ff ee 02 ff
                  ff ee 02 ff 00 00 00 ff 00 00 00 ff 00 00 00 ff 00 00 00 ff
                  00 00 00 ff 00 00 00 ff 00 00 00 ff 00 00 00 ff 00 00 00 ff
                  00 00 00 ff 01 01 00 ff d7 c9 02 ff ff ee 02 ff ff ee 02 ff
                  ff ee 02 ff ff ee 02 ff ff ee 02 ff da cb 02 ff 01 01 00 ff
                  00 00 00 ff 00 00 00 ff 00 00 00 ff 00 00 00 ff 00 00 00 ff
                  00 00 00 4f 00 00 00 00 00 00 00 00 00 00 00 00 00 00 00 00
                  00 00 00 00 00 00 00 00 00 00 00 00 00 00 00 00 00 00 00 00
                  00 00 00 00 00 00 00 00 00 00 00 00 00 00 00 00 00 00 00 00
                  00 00 00 03 00 00 00 e3 00 00 00 ff 00 00 00 ff 00 00 00 ff
                  00 00 00 ff 00 00 00 ff 73 6b 01 ff ff ee 02 ff ff ee 02 ff
                  ff ee 02 ff ff ee 02 ff ff ee 02 ff ff ee 02 ff 57 51 01 ff
                  00 00 00 ff 00 00 00 ff 00 00 00 ff 00 00 00 ff 00 00 00 ff
                  00 00 00 ff 00 00 00 ff 00 00 00 ff 00 00 00 ff 00 00 00 ff
                  b0 a4 01 ff ff ee 02 ff ff ee 02 ff ff ee 02 ff ff ee 02 ff
                  ff ee 02 ff ff ee 02 ff ff ee 02 ff ff ee 02 ff ff ee 02 ff
                  ff ee 02 ff ff ee 02 ff ff ee 02 ff ff ee 02 ff ff ee 02 ff
                  ff ee 02 ff ff ee 02 ff ff ee 02 ff ff ee 02 ff ff ee 02 ff
                  67 60 01 ff 00 00 00 ff 00 00 00 ff 00 00 00 ff 00 00 00 ff
                  00 00 00 ff 00 00 00 ff 00 00 00 ff 00 00 00 ff 00 00 00 ff
                  00 00 00 ff 00 00 00 ff 00 00 00 ff 00 00 00 ff 00 00 00 ff
                  00 00 00 ff 00 00 00 ff 00 00 00 ff 00 00 00 ff 00 00 00 ff
                  00 00 00 ff 00 00 00 ff 00 00 00 ff 23 21 00 ff ea da 02 ff
                  ff ee 02 ff ff ee 02 ff ff ee 02 ff ff ee 02 ff ff ee 02 ff
                  ff ee 02 ff ff ee 02 ff ff ee 02 ff ff ee 02 ff ff ee 02 ff
                  ff ee 02 ff ff ee 02 ff ff ee 02 ff ff ee 02 ff ff ee 02 ff
                  ff ee 02 ff ff ee 02 ff ff ee 02 ff ff ee 02 ff 00 00 00 ff
                  00 00 00 ff 00 00 00 ff 00 00 00 ff 00 00 00 ff 00 00 00 ff
                  00 00 00 ff 00 00 00 ff 00 00 00 ff 00 00 00 ff 41 3d 01 ff
                  ff ee 02 ff ff ee 02 ff ff ee 02 ff ff ee 02 ff ff ee 02 ff
                  ff ee 02 ff 71 69 01 ff 00 00 00 ff 00 00 00 ff 00 00 00 ff
                  00 00 00 ff 00 00 00 ff 00 00 00 e2 00 00 00 03 00 00 00 00
                  00 00 00 00 00 00 00 00 00 00 00 00 00 00 00 00 00 00 00 00
                  00 00 00 00 00 00 00 00 00 00 00 00 00 00 00 00 00 00 00 00
                  00 00 00 00 00 00 00 00 00 00 00 00 00 00 00 00 00 00 00 7d
                  00 00 00 ff 00 00 00 ff 00 00 00 ff 00 00 00 ff 00 00 00 ff
                  12 11 00 ff f8 e7 02 ff ff ee 02 ff ff ee 02 ff ff ee 02 ff
                  ff ee 02 ff ff ee 02 ff c1 b4 02 ff 00 00 00 ff 00 00 00 ff
                  00 00 00 ff 00 00 00 ff 00 00 00 ff 00 00 00 ff 00 00 00 ff
                  00 00 00 ff 00 00 00 ff 00 00 00 ff b0 a4 01 ff ff ee 02 ff
                  ff ee 02 ff ff ee 02 ff ff ee 02 ff ff ee 02 ff ff ee 02 ff
                  ff ee 02 ff ff ee 02 ff ff ee 02 ff ff ee 02 ff ff ee 02 ff
                  ff ee 02 ff ff ee 02 ff ff ee 02 ff ff ee 02 ff ff ee 02 ff
                  ff ee 02 ff ff ee 02 ff 82 79 01 ff 00 00 00 ff 00 00 00 ff
                  00 00 00 ff 00 00 00 ff 00 00 00 ff 00 00 00 ff 00 00 00 ff
                  00 00 00 ff 00 00 00 ff 00 00 00 ff 00 00 00 ff 00 00 00 ff
                  00 00 00 ff 00 00 00 ff 00 00 00 ff 00 00 00 ff 00 00 00 ff
                  00 00 00 ff 00 00 00 ff 00 00 00 ff 00 00 00 ff 00 00 00 ff
                  00 00 00 ff 00 00 00 ff 34 31 00 ff f4 e4 02 ff ff ee 02 ff
                  ff ee 02 ff ff ee 02 ff ff ee 02 ff ff ee 02 ff ff ee 02 ff
                  ff ee 02 ff ff ee 02 ff ff ee 02 ff ff ee 02 ff ff ee 02 ff
                  ff ee 02 ff ff ee 02 ff ff ee 02 ff ff ee 02 ff ff ee 02 ff
                  ff ee 02 ff ff ee 02 ff 00 00 00 ff 00 00 00 ff 00 00 00 ff
                  00 00 00 ff 00 00 00 ff 00 00 00 ff 00 00 00 ff 00 00 00 ff
                  00 00 00 ff 00 00 00 ff ac a1 01 ff ff ee 02 ff ff ee 02 ff
                  ff ee 02 ff ff ee 02 ff ff ee 02 ff f6 e6 02 ff 12 11 00 ff
                  00 00 00 ff 00 00 00 ff 00 00 00 ff 00 00 00 ff 00 00 00 ff
                  00 00 00 7c 00 00 00 00 00 00 00 00 00 00 00 00 00 00 00 00
                  00 00 00 00 00 00 00 00 00 00 00 00 00 00 00 00 00 00 00 00
                  00 00 00 00 00 00 00 00 00 00 00 00 00 00 00 00 00 00 00 00
                  00 00 00 00 00 00 00 00 00 00 00 18 00 00 00 fb 00 00 00 ff
                  00 00 00 ff 00 00 00 ff 00 00 00 ff 00 00 00 ff a0 95 01 ff
                  ff ee 02 ff ff ee 02 ff ff ee 02 ff ff ee 02 ff ff ee 02 ff
                  ff ee 02 ff 2c 29 00 ff 00 00 00 ff 00 00 00 ff 00 00 00 ff
                  00 00 00 ff 00 00 00 ff 00 00 00 ff 00 00 00 ff 00 00 00 ff
                  00 00 00 ff b0 a4 01 ff ff ee 02 ff ff ee 02 ff ff ee 02 ff
                  ff ee 02 ff ff ee 02 ff ff ee 02 ff ff ee 02 ff ff ee 02 ff
                  ff ee 02 ff ff ee 02 ff ff ee 02 ff ff ee 02 ff ff ee 02 ff
                  ff ee 02 ff ff ee 02 ff ff ee 02 ff ff ee 02 ff 98 8e 01 ff
                  01 01 00 ff 00 00 00 ff 00 00 00 ff 00 00 00 ff 00 00 00 ff
                  00 00 00 ff 00 00 00 ff 00 00 00 ff 00 00 00 ff 00 00 00 ff
                  00 00 00 ff 00 00 00 ff 00 00 00 ff 00 00 00 ff 00 00 00 ff
                  00 00 00 ff 00 00 00 ff 00 00 00 ff 00 00 00 ff 00 00 00 ff
                  00 00 00 ff 00 00 00 ff 00 00 00 ff 00 00 00 ff 00 00 00 ff
                  00 00 00 ff 48 43 01 ff f7 e7 02 ff ff ee 02 ff ff ee 02 ff
                  ff ee 02 ff ff ee 02 ff ff ee 02 ff ff ee 02 ff ff ee 02 ff
                  ff ee 02 ff ff ee 02 ff ff ee 02 ff ff ee 02 ff ff ee 02 ff
                  ff ee 02 ff ff ee 02 ff ff ee 02 ff ff ee 02 ff ff ee 02 ff
                  00 00 00 ff 00 00 00 ff 00 00 00 ff 00 00 00 ff 00 00 00 ff
                  00 00 00 ff 00 00 00 ff 00 00 00 ff 00 00 00 ff 1a 18 00 ff
                  fc eb 02 ff ff ee 02 ff ff ee 02 ff ff ee 02 ff ff ee 02 ff
                  ff ee 02 ff 9f 94 01 ff 00 00 00 ff 00 00 00 ff 00 00 00 ff
                  00 00 00 ff 00 00 00 ff 00 00 00 fa 00 00 00 18 00 00 00 00
                  00 00 00 00 00 00 00 00 00 00 00 00 00 00 00 00 00 00 00 00
                  00 00 00 00 00 00 00 00 00 00 00 00 00 00 00 00 00 00 00 00
                  00 00 00 00 00 00 00 00 00 00 00 00 00 00 00 00 00 00 00 00
                  00 00 00 00 00 00 00 ab 00 00 00 ff 00 00 00 ff 00 00 00 ff
                  00 00 00 ff 00 00 00 ff 37 33 00 ff ff ee 02 ff ff ee 02 ff
                  ff ee 02 ff ff ee 02 ff ff ee 02 ff ff ee 02 ff 95 8b 01 ff
                  00 00 00 ff 00 00 00 ff 00 00 00 ff 00 00 00 ff 00 00 00 ff
                  00 00 00 ff 00 00 00 ff 00 00 00 ff 00 00 00 ff b0 a4 01 ff
                  ff ee 02 ff ff ee 02 ff ff ee 02 ff ff ee 02 ff ff ee 02 ff
                  ff ee 02 ff ff ee 02 ff ff ee 02 ff ff ee 02 ff ff ee 02 ff
                  ff ee 02 ff ff ee 02 ff ff ee 02 ff ff ee 02 ff ff ee 02 ff
                  fd ec 02 ff 7f 77 01 ff 01 01 00 ff 00 00 00 ff 00 00 00 ff
                  00 00 00 ff 00 00 00 ff 00 00 00 ff 00 00 00 ff 00 00 00 ff
                  00 00 00 ff 00 00 00 ff 00 00 00 ff 00 00 00 ff 00 00 00 ff
                  00 00 00 ff 00 00 00 ff 00 00 00 ff 00 00 00 ff 00 00 00 ff
                  00 00 00 ff 00 00 00 ff 00 00 00 ff 00 00 00 ff 00 00 00 ff
                  00 00 00 ff 00 00 00 ff 00 00 00 ff 00 00 00 ff 00 00 00 ff
                  3c 38 00 ff e5 d6 02 ff ff ee 02 ff ff ee 02 ff ff ee 02 ff
                  ff ee 02 ff ff ee 02 ff ff ee 02 ff ff ee 02 ff ff ee 02 ff
                  ff ee 02 ff ff ee 02 ff ff ee 02 ff ff ee 02 ff ff ee 02 ff
                  ff ee 02 ff ff ee 02 ff ff ee 02 ff 00 00 00 ff 00 00 00 ff
                  00 00 00 ff 00 00 00 ff 00 00 00 ff 00 00 00 ff 00 00 00 ff
                  00 00 00 ff 00 00 00 ff 80 77 01 ff ff ee 02 ff ff ee 02 ff
                  ff ee 02 ff ff ee 02 ff ff ee 02 ff ff ee 02 ff 35 31 00 ff
                  00 00 00 ff 00 00 00 ff 00 00 00 ff 00 00 00 ff 00 00 00 ff
                  00 00 00 a9 00 00 00 00 00 00 00 00 00 00 00 00 00 00 00 00
                  00 00 00 00 00 00 00 00 00 00 00 00 00 00 00 00 00 00 00 00
                  00 00 00 00 00 00 00 00 00 00 00 00 00 00 00 00 00 00 00 00
                  00 00 00 00 00 00 00 00 00 00 00 00 00 00 00 00 00 00 00 41
                  00 00 00 ff 00 00 00 ff 00 00 00 ff 00 00 00 ff 00 00 00 ff
                  00 00 00 ff ce c0 02 ff ff ee 02 ff ff ee 02 ff ff ee 02 ff
                  ff ee 02 ff ff ee 02 ff f3 e3 02 ff 0d 0c 00 ff 00 00 00 ff
                  00 00 00 ff 00 00 00 ff 00 00 00 ff 00 00 00 ff 00 00 00 ff
                  00 00 00 ff 00 00 00 ff b0 a4 01 ff ff ee 02 ff ff ee 02 ff
                  ff ee 02 ff ff ee 02 ff ff ee 02 ff ff ee 02 ff ff ee 02 ff
                  ff ee 02 ff ff ee 02 ff ff ee 02 ff ff ee 02 ff ff ee 02 ff
                  ff ee 02 ff ff ee 02 ff bd b0 01 ff 34 31 00 ff 00 00 00 ff
                  00 00 00 ff 00 00 00 ff 00 00 00 ff 00 00 00 ff 00 00 00 ff
                  00 00 00 ff 00 00 00 ff 00 00 00 ff 00 00 00 ff 00 00 00 ff
                  00 00 00 ff 00 00 00 ff 00 00 00 ff 00 00 00 ff 00 00 00 ff
                  00 00 00 ff 00 00 00 ff 00 00 00 ff 00 00 00 ff 00 00 00 ff
                  00 00 00 ff 00 00 00 ff 00 00 00 ff 00 00 00 ff 00 00 00 ff
                  00 00 00 ff 00 00 00 ff 00 00 00 ff 00 00 00 ff 11 10 00 ff
                  8f 85 01 ff f7 e7 02 ff ff ee 02 ff ff ee 02 ff ff ee 02 ff
                  ff ee 02 ff ff ee 02 ff ff ee 02 ff ff ee 02 ff ff ee 02 ff
                  ff ee 02 ff ff ee 02 ff ff ee 02 ff ff ee 02 ff ff ee 02 ff
                  ff ee 02 ff 00 00 00 ff 00 00 00 ff 00 00 00 ff 00 00 00 ff
                  00 00 00 ff 00 00 00 ff 00 00 00 ff 00 00 00 ff 05 05 00 ff
                  e6 d7 02 ff ff ee 02 ff ff ee 02 ff ff ee 02 ff ff ee 02 ff
                  ff ee 02 ff cc be 02 ff 00 00 00 ff 00 00 00 ff 00 00 00 ff
                  00 00 00 ff 00 00 00 ff 00 00 00 ff 00 00 00 40 00 00 00 00
                  00 00 00 00 00 00 00 00 00 00 00 00 00 00 00 00 00 00 00 00
                  00 00 00 00 00 00 00 00 00 00 00 00 00 00 00 00 00 00 00 00
                  00 00 00 00 00 00 00 00 00 00 00 00 00 00 00 00 00 00 00 00
                  00 00 00 00 00 00 00 00 00 00 00 01 00 00 00 d7 00 00 00 ff
                  00 00 00 ff 00 00 00 ff 00 00 00 ff 00 00 00 ff 64 5d 01 ff
                  ff ee 02 ff ff ee 02 ff ff ee 02 ff ff ee 02 ff ff ee 02 ff
                  ff ee 02 ff 6a 63 01 ff 00 00 00 ff 00 00 00 ff 00 00 00 ff
                  00 00 00 ff 00 00 00 ff 00 00 00 ff 00 00 00 ff 00 00 00 ff
                  9a 90 01 ff e0 d1 02 ff e0 d1 02 ff e0 d1 02 ff e0 d1 02 ff
                  e0 d1 02 ff e0 d1 02 ff e0 d1 02 ff e0 d1 02 ff e0 d1 02 ff
                  dd ce 02 ff ce c0 02 ff b1 a5 01 ff 78 70 01 ff 29 26 00 ff
                  00 00 00 ff 00 00 00 ff 00 00 00 ff 00 00 00 ff 00 00 00 ff
                  00 00 00 ff 00 00 00 ff 00 00 00 ff 00 00 00 ff 00 00 00 ff
                  00 00 00 ff 00 00 00 ff 00 00 00 ff 00 00 00 ff 00 00 00 ff
                  00 00 00 ff 00 00 00 ff 00 00 00 ff 00 00 00 ff 00 00 00 ff
                  00 00 00 ff 00 00 00 ff 00 00 00 ff 00 00 00 ff 00 00 00 ff
                  00 00 00 ff 00 00 00 ff 00 00 00 ff 00 00 00 ff 00 00 00 ff
                  00 00 00 ff 00 00 00 ff 00 00 00 ff 00 00 00 ff 10 0f 00 ff
                  61 5b 01 ff a0 95 01 ff c7 ba 02 ff d8 ca 02 ff e0 d1 02 ff
                  e0 d1 02 ff e0 d1 02 ff e0 d1 02 ff e0 d1 02 ff e0 d1 02 ff
                  e0 d1 02 ff e0 d1 02 ff e0 d1 02 ff e0 d1 02 ff 00 00 00 ff
                  00 00 00 ff 00 00 00 ff 00 00 00 ff 00 00 00 ff 00 00 00 ff
                  00 00 00 ff 00 00 00 ff 54 4e 01 ff ff ee 02 ff ff ee 02 ff
                  ff ee 02 ff ff ee 02 ff ff ee 02 ff ff ee 02 ff 62 5b 01 ff
                  00 00 00 ff 00 00 00 ff 00 00 00 ff 00 00 00 ff 00 00 00 ff
                  00 00 00 d6 00 00 00 00 00 00 00 00 00 00 00 00 00 00 00 00
                  00 00 00 00 00 00 00 00 00 00 00 00 00 00 00 00 00 00 00 00
                  00 00 00 00 00 00 00 00 00 00 00 00 00 00 00 00 00 00 00 00
                  00 00 00 00 00 00 00 00 00 00 00 00 00 00 00 00 00 00 00 00
                  00 00 00 00 00 00 00 6f 00 00 00 ff 00 00 00 ff 00 00 00 ff
                  00 00 00 ff 00 00 00 ff 0b 0a 00 ff f0 e0 02 ff ff ee 02 ff
                  ff ee 02 ff ff ee 02 ff ff ee 02 ff ff ee 02 ff d4 c6 02 ff
                  00 00 00 ff 00 00 00 ff 00 00 00 ff 00 00 00 ff 00 00 00 ff
                  00 00 00 ff 00 00 00 ff 00 00 00 ff 00 00 00 ff 00 00 00 ff
                  00 00 00 ff 00 00 00 ff 00 00 00 ff 00 00 00 ff 00 00 00 ff
                  00 00 00 ff 00 00 00 ff 00 00 00 ff 00 00 00 ff 00 00 00 ff
                  00 00 00 ff 00 00 00 ff 00 00 00 ff 00 00 00 ff 00 00 00 ff
                  00 00 00 ff 00 00 00 ff 00 00 00 ff 00 00 00 ff 00 00 00 ff
                  00 00 00 ff 00 00 00 ff 00 00 00 ff 00 00 00 ff 00 00 00 ff
                  00 00 00 ff 00 00 00 ff 00 00 00 ff 00 00 00 ff 00 00 00 ff
                  00 00 00 ff 00 00 00 ff 00 00 00 ff 00 00 00 ff 00 00 00 ff
                  00 00 00 ff 00 00 00 ff 00 00 00 ff 00 00 00 ff 00 00 00 ff
                  00 00 00 ff 00 00 00 ff 00 00 00 ff 00 00 00 ff 00 00 00 ff
                  00 00 00 ff 00 00 00 ff 00 00 00 ff 00 00 00 ff 00 00 00 ff
                  00 00 00 ff 00 00 00 ff 00 00 00 ff 00 00 00 ff 00 00 00 ff
                  00 00 00 ff 00 00 00 ff 00 00 00 ff 00 00 00 ff 00 00 00 ff
                  00 00 00 ff 00 00 00 ff 00 00 00 ff 00 00 00 ff 00 00 00 ff
                  00 00 00 ff 00 00 00 ff 00 00 00 ff 00 00 00 ff 00 00 00 ff
                  bf b2 01 ff ff ee 02 ff ff ee 02 ff ff ee 02 ff ff ee 02 ff
                  ff ee 02 ff ef df 02 ff 0a 09 00 ff 00 00 00 ff 00 00 00 ff
                  00 00 00 ff 00 00 00 ff 00 00 00 ff 00 00 00 6d 00 00 00 00
                  00 00 00 00 00 00 00 00 00 00 00 00 00 00 00 00 00 00 00 00
                  00 00 00 00 00 00 00 00 00 00 00 00 00 00 00 00 00 00 00 00
                  00 00 00 00 00 00 00 00 00 00 00 00 00 00 00 00 00 00 00 00
                  00 00 00 00 00 00 00 00 00 00 00 00 00 00 00 00 00 00 00 10
                  00 00 00 f5 00 00 00 ff 00 00 00 ff 00 00 00 ff 00 00 00 ff
                  00 00 00 ff 91 87 01 ff ff ee 02 ff ff ee 02 ff ff ee 02 ff
                  ff ee 02 ff ff ee 02 ff ff ee 02 ff 3f 3b 00 ff 00 00 00 ff
                  00 00 00 ff 00 00 00 ff 00 00 00 ff 00 00 00 ff 00 00 00 ff
                  00 00 00 ff 00 00 00 ff 00 00 00 ff 00 00 00 ff 00 00 00 ff
                  00 00 00 ff 00 00 00 ff 00 00 00 ff 00 00 00 ff 00 00 00 ff
                  00 00 00 ff 00 00 00 ff 00 00 00 ff 00 00 00 ff 00 00 00 ff
                  00 00 00 ff 00 00 00 ff 00 00 00 ff 00 00 00 ff 00 00 00 ff
                  00 00 00 ff 00 00 00 ff 00 00 00 ff 00 00 00 ff 00 00 00 ff
                  00 00 00 ff 00 00 00 ff 00 00 00 ff 00 00 00 ff 00 00 00 ff
                  00 00 00 ff 00 00 00 ff 00 00 00 ff 00 00 00 ff 00 00 00 ff
                  00 00 00 ff 00 00 00 ff 00 00 00 ff 00 00 00 ff 00 00 00 ff
                  00 00 00 ff 00 00 00 ff 00 00 00 ff 00 00 00 ff 00 00 00 ff
                  00 00 00 ff 00 00 00 ff 00 00 00 ff 00 00 00 ff 00 00 00 ff
                  00 00 00 ff 00 00 00 ff 00 00 00 ff 00 00 00 ff 00 00 00 ff
                  00 00 00 ff 00 00 00 ff 00 00 00 ff 00 00 00 ff 00 00 00 ff
                  00 00 00 ff 00 00 00 ff 00 00 00 ff 00 00 00 ff 00 00 00 ff
                  00 00 00 ff 00 00 00 ff 00 00 00 ff 00 00 00 ff 00 00 00 ff
                  00 00 00 ff 00 00 00 ff 2a 27 00 ff ff ee 02 ff ff ee 02 ff
                  ff ee 02 ff ff ee 02 ff ff ee 02 ff ff ee 02 ff 90 86 01 ff
                  00 00 00 ff 00 00 00 ff 00 00 00 ff 00 00 00 ff 00 00 00 ff
                  00 00 00 f5 00 00 00 0e 00 00 00 00 00 00 00 00 00 00 00 00
                  00 00 00 00 00 00 00 00 00 00 00 00 00 00 00 00 00 00 00 00
                  00 00 00 00 00 00 00 00 00 00 00 00 00 00 00 00 00 00 00 00
                  00 00 00 00 00 00 00 00 00 00 00 00 00 00 00 00 00 00 00 00
                  00 00 00 00 00 00 00 00 00 00 00 00 00 00 00 9c 00 00 00 ff
                  00 00 00 ff 00 00 00 ff 00 00 00 ff 00 00 00 ff 29 26 00 ff
                  ff ee 02 ff ff ee 02 ff ff ee 02 ff ff ee 02 ff ff ee 02 ff
                  ff ee 02 ff a8 9d 01 ff 00 00 00 ff 00 00 00 ff 00 00 00 ff
                  00 00 00 ff 00 00 00 ff 00 00 00 ff 00 00 00 ff 00 00 00 ff
                  00 00 00 ff 00 00 00 ff 00 00 00 ff 00 00 00 ff 00 00 00 ff
                  00 00 00 ff 00 00 00 ff 00 00 00 ff 00 00 00 ff 00 00 00 ff
                  00 00 00 ff 00 00 00 ff 00 00 00 ff 00 00 00 ff 00 00 00 ff
                  00 00 00 ff 00 00 00 ff 00 00 00 ff 00 00 00 ff 00 00 00 ff
                  00 00 00 ff 00 00 00 ff 00 00 00 ff 00 00 00 ff 00 00 00 ff
                  00 00 00 ff 00 00 00 ff 00 00 00 ff 00 00 00 ff 00 00 00 ff
                  00 00 00 ff 00 00 00 ff 00 00 00 ff 00 00 00 ff 00 00 00 ff
                  00 00 00 ff 00 00 00 ff 00 00 00 ff 00 00 00 ff 00 00 00 ff
                  00 00 00 ff 00 00 00 ff 00 00 00 ff 00 00 00 ff 00 00 00 ff
                  00 00 00 ff 00 00 00 ff 00 00 00 ff 00 00 00 ff 00 00 00 ff
                  00 00 00 ff 00 00 00 ff 00 00 00 ff 00 00 00 ff 00 00 00 ff
                  00 00 00 ff 00 00 00 ff 00 00 00 ff 00 00 00 ff 00 00 00 ff
                  00 00 00 ff 00 00 00 ff 00 00 00 ff 00 00 00 ff 00 00 00 ff
                  00 00 00 ff 00 00 00 ff 00 00 00 ff 00 00 00 ff 00 00 00 ff
                  92 88 01 ff ff ee 02 ff ff ee 02 ff ff ee 02 ff ff ee 02 ff
                  ff ee 02 ff ff ee 02 ff 28 25 00 ff 00 00 00 ff 00 00 00 ff
                  00 00 00 ff 00 00 00 ff 00 00 00 ff 00 00 00 9b 00 00 00 00
                  00 00 00 00 00 00 00 00 00 00 00 00 00 00 00 00 00 00 00 00
                  00 00 00 00 00 00 00 00 00 00 00 00 00 00 00 00 00 00 00 00
                  00 00 00 00 00 00 00 00 00 00 00 00 00 00 00 00 00 00 00 00
                  00 00 00 00 00 00 00 00 00 00 00 00 00 00 00 00 00 00 00 00
                  00 00 00 00 00 00 00 32 00 00 00 ff 00 00 00 ff 00 00 00 ff
                  00 00 00 ff 00 00 00 ff 00 00 00 ff c0 b3 02 ff ff ee 02 ff
                  ff ee 02 ff ff ee 02 ff ff ee 02 ff ff ee 02 ff fa e9 02 ff
                  18 16 00 ff 00 00 00 ff 00 00 00 ff 00 00 00 ff 00 00 00 ff
                  00 00 00 ff 00 00 00 ff 00 00 00 ff 00 00 00 ff 00 00 00 ff
                  00 00 00 ff 00 00 00 ff 00 00 00 ff 00 00 00 ff 00 00 00 ff
                  00 00 00 ff 00 00 00 ff 00 00 00 ff 00 00 00 ff 00 00 00 ff
                  00 00 00 ff 00 00 00 ff 00 00 00 ff 00 00 00 ff 00 00 00 ff
                  00 00 00 ff 00 00 00 ff 00 00 00 ff 00 00 00 ff 00 00 00 ff
                  00 00 00 ff 00 00 00 ff 00 00 00 ff 00 00 00 ff 00 00 00 ff
                  00 00 00 ff 00 00 00 ff 00 00 00 ff 00 00 00 ff 00 00 00 ff
                  00 00 00 ff 00 00 00 ff 00 00 00 ff 00 00 00 ff 00 00 00 ff
                  00 00 00 ff 00 00 00 ff 00 00 00 ff 00 00 00 ff 00 00 00 ff
                  00 00 00 ff 00 00 00 ff 00 00 00 ff 00 00 00 ff 00 00 00 ff
                  00 00 00 ff 00 00 00 ff 00 00 00 ff 00 00 00 ff 00 00 00 ff
                  00 00 00 ff 00 00 00 ff 00 00 00 ff 00 00 00 ff 00 00 00 ff
                  00 00 00 ff 00 00 00 ff 00 00 00 ff 00 00 00 ff 00 00 00 ff
                  00 00 00 ff 00 00 00 ff 00 00 00 ff 00 00 00 ff 00 00 00 ff
                  00 00 00 ff 00 00 00 ff 0c 0b 00 ff f2 e2 02 ff ff ee 02 ff
                  ff ee 02 ff ff ee 02 ff ff ee 02 ff ff ee 02 ff be b1 01 ff
                  00 00 00 ff 00 00 00 ff 00 00 00 ff 00 00 00 ff 00 00 00 ff
                  00 00 00 ff 00 00 00 31 00 00 00 00 00 00 00 00 00 00 00 00
                  00 00 00 00 00 00 00 00 00 00 00 00 00 00 00 00 00 00 00 00
                  00 00 00 00 00 00 00 00 00 00 00 00 00 00 00 00 00 00 00 00
                  00 00 00 00 00 00 00 00 00 00 00 00 00 00 00 00 00 00 00 00
                  00 00 00 00 00 00 00 00 00 00 00 00 00 00 00 00 00 00 00 00
                  00 00 00 ca 00 00 00 ff 00 00 00 ff 00 00 00 ff 00 00 00 ff
                  00 00 00 ff 56 50 01 ff ff ee 02 ff ff ee 02 ff ff ee 02 ff
                  ff ee 02 ff ff ee 02 ff ff ee 02 ff 7d 75 01 ff 00 00 00 ff
                  00 00 00 ff 00 00 00 ff 00 00 00 ff 00 00 00 ff 00 00 00 ff
                  00 00 00 ff 00 00 00 ff 00 00 00 ff 00 00 00 ff 00 00 00 ff
                  00 00 00 ff 00 00 00 ff 00 00 00 ff 00 00 00 ff 00 00 00 ff
                  00 00 00 ff 00 00 00 ff 00 00 00 ff 00 00 00 ff 00 00 00 ff
                  00 00 00 ff 00 00 00 ff 00 00 00 ff 00 00 00 ff 00 00 00 ff
                  00 00 00 ff 00 00 00 ff 00 00 00 ff 00 00 00 ff 00 00 00 ff
                  00 00 00 ff 00 00 00 ff 00 00 00 ff 00 00 00 ff 00 00 00 ff
                  00 00 00 ff 00 00 00 ff 00 00 00 ff 00 00 00 ff 00 00 00 ff
                  00 00 00 ff 00 00 00 ff 00 00 00 ff 00 00 00 ff 00 00 00 ff
                  00 00 00 ff 00 00 00 ff 00 00 00 ff 00 00 00 ff 00 00 00 ff
                  00 00 00 ff 00 00 00 ff 00 00 00 ff 00 00 00 ff 00 00 00 ff
                  00 00 00 ff 00 00 00 ff 00 00 00 ff 00 00 00 ff 00 00 00 ff
                  00 00 00 ff 00 00 00 ff 00 00 00 ff 00 00 00 ff 00 00 00 ff
                  00 00 00 ff 00 00 00 ff 00 00 00 ff 00 00 00 ff 00 00 00 ff
                  00 00 00 ff 00 00 00 ff 00 00 00 ff 00 00 00 ff 00 00 00 ff
                  67 60 01 ff ff ee 02 ff ff ee 02 ff ff ee 02 ff ff ee 02 ff
                  ff ee 02 ff ff ee 02 ff 54 4e 01 ff 00 00 00 ff 00 00 00 ff
                  00 00 00 ff 00 00 00 ff 00 00 00 ff 00 00 00 c8 00 00 00 00
                  00 00 00 00 00 00 00 00 00 00 00 00 00 00 00 00 00 00 00 00
                  00 00 00 00 00 00 00 00 00 00 00 00 00 00 00 00 00 00 00 00
                  00 00 00 00 00 00 00 00 00 00 00 00 00 00 00 00 00 00 00 00
                  00 00 00 00 00 00 00 00 00 00 00 00 00 00 00 00 00 00 00 00
                  00 00 00 00 00 00 00 00 00 00 00 00 00 00 00 60 00 00 00 ff
                  00 00 00 ff 00 00 00 ff 00 00 00 ff 00 00 00 ff 05 05 00 ff
                  e8 d9 02 ff ff ee 02 ff ff ee 02 ff ff ee 02 ff ff ee 02 ff
                  ff ee 02 ff e3 d4 02 ff 04 04 00 ff 00 00 00 ff 00 00 00 ff
                  00 00 00 ff 00 00 00 ff 00 00 00 ff 00 00 00 ff 00 00 00 ff
                  00 00 00 ff 00 00 00 ff 00 00 00 ff 00 00 00 ff 00 00 00 ff
                  00 00 00 ff 00 00 00 ff 00 00 00 ff 00 00 00 ff 00 00 00 ff
                  00 00 00 ff 00 00 00 ff 00 00 00 ff 00 00 00 ff 00 00 00 ff
                  00 00 00 ff 00 00 00 ff 00 00 00 ff 00 00 00 ff 00 00 00 ff
                  00 00 00 ff 00 00 00 ff 00 00 00 ff 00 00 00 ff 00 00 00 ff
                  00 00 00 ff 00 00 00 ff 00 00 00 ff 00 00 00 ff 00 00 00 ff
                  00 00 00 ff 00 00 00 ff 00 00 00 ff 00 00 00 ff 00 00 00 ff
                  00 00 00 ff 00 00 00 ff 00 00 00 ff 00 00 00 ff 00 00 00 ff
                  00 00 00 ff 00 00 00 ff 00 00 00 ff 00 00 00 ff 00 00 00 ff
                  00 00 00 ff 00 00 00 ff 00 00 00 ff 00 00 00 ff 00 00 00 ff
                  00 00 00 ff 00 00 00 ff 00 00 00 ff 00 00 00 ff 00 00 00 ff
                  00 00 00 ff 00 00 00 ff 00 00 00 ff 00 00 00 ff 00 00 00 ff
                  00 00 00 ff 00 00 00 ff 00 00 00 ff 00 00 00 ff 00 00 00 ff
                  00 00 00 ff 00 00 00 ff 00 00 00 ff d1 c3 02 ff ff ee 02 ff
                  ff ee 02 ff ff ee 02 ff ff ee 02 ff ff ee 02 ff e6 d7 02 ff
                  05 05 00 ff 00 00 00 ff 00 00 00 ff 00 00 00 ff 00 00 00 ff
                  00 00 00 ff 00 00 00 5f 00 00 00 00 00 00 00 00 00 00 00 00
                  00 00 00 00 00 00 00 00 00 00 00 00 00 00 00 00 00 00 00 00
                  00 00 00 00 00 00 00 00 00 00 00 00 00 00 00 00 00 00 00 00
                  00 00 00 00 00 00 00 00 00 00 00 00 00 00 00 00 00 00 00 00
                  00 00 00 00 00 00 00 00 00 00 00 00 00 00 00 00 00 00 00 00
                  00 00 00 00 00 00 00 09 00 00 00 ee 00 00 00 ff 00 00 00 ff
                  00 00 00 ff 00 00 00 ff 00 00 00 ff 83 7a 01 ff ff ee 02 ff
                  ff ee 02 ff ff ee 02 ff ff ee 02 ff ff ee 02 ff ff ee 02 ff
                  51 4c 01 ff 00 00 00 ff 00 00 00 ff 00 00 00 ff 00 00 00 ff
                  00 00 00 ff 00 00 00 ff 00 00 00 ff 00 00 00 ff 00 00 00 ff
                  00 00 00 ff 00 00 00 ff 00 00 00 ff 00 00 00 ff 00 00 00 ff
                  00 00 00 ff 00 00 00 ff 00 00 00 ff 00 00 00 ff 00 00 00 ff
                  00 00 00 ff 00 00 00 ff 00 00 00 ff 00 00 00 ff 00 00 00 ff
                  00 00 00 ff 00 00 00 ff 00 00 00 ff 00 00 00 ff 00 00 00 ff
                  00 00 00 ff 00 00 00 ff 00 00 00 ff 00 00 00 ff 00 00 00 ff
                  00 00 00 ff 00 00 00 ff 00 00 00 ff 00 00 00 ff 00 00 00 ff
                  00 00 00 ff 00 00 00 ff 00 00 00 ff 00 00 00 ff 00 00 00 ff
                  00 00 00 ff 00 00 00 ff 00 00 00 ff 00 00 00 ff 00 00 00 ff
                  00 00 00 ff 00 00 00 ff 00 00 00 ff 00 00 00 ff 00 00 00 ff
                  00 00 00 ff 00 00 00 ff 00 00 00 ff 00 00 00 ff 00 00 00 ff
                  00 00 00 ff 00 00 00 ff 00 00 00 ff 00 00 00 ff 00 00 00 ff
                  00 00 00 ff 00 00 00 ff 00 00 00 ff 00 00 00 ff 00 00 00 ff
                  00 00 00 ff 00 00 00 ff 00 00 00 ff 00 00 00 ff 00 00 00 ff
                  3c 38 00 ff ff ee 02 ff ff ee 02 ff ff ee 02 ff ff ee 02 ff
                  ff ee 02 ff ff ee 02 ff 81 78 01 ff 00 00 00 ff 00 00 00 ff
                  00 00 00 ff 00 00 00 ff 00 00 00 ff 00 00 00 ed 00 00 00 08
                  00 00 00 00 00 00 00 00 00 00 00 00 00 00 00 00 00 00 00 00
                  00 00 00 00 00 00 00 00 00 00 00 00 00 00 00 00 00 00 00 00
                  00 00 00 00 00 00 00 00 00 00 00 00 00 00 00 00 00 00 00 00
                  00 00 00 00 00 00 00 00 00 00 00 00 00 00 00 00 00 00 00 00
                  00 00 00 00 00 00 00 00 00 00 00 00 00 00 00 00 00 00 00 00
                  00 00 00 8e 00 00 00 ff 00 00 00 ff 00 00 00 ff 00 00 00 ff
                  00 00 00 ff 1d 1b 00 ff fd ec 02 ff ff ee 02 ff ff ee 02 ff
                  ff ee 02 ff ff ee 02 ff ff ee 02 ff bb af 01 ff 00 00 00 ff
                  00 00 00 ff 00 00 00 ff 00 00 00 ff 00 00 00 ff 00 00 00 ff
                  00 00 00 ff 00 00 00 ff 00 00 00 ff 00 00 00 ff 00 00 00 ff
                  00 00 00 ff 00 00 00 ff 00 00 00 ff 00 00 00 ff 00 00 00 ff
                  00 00 00 ff 00 00 00 ff 00 00 00 ff 00 00 00 ff 00 00 00 ff
                  00 00 00 ff 00 00 00 ff 00 00 00 ff 00 00 00 ff 00 00 00 ff
                  00 00 00 ff 00 00 00 ff 00 00 00 ff 00 00 00 ff 00 00 00 ff
                  00 00 00 ff 00 00 00 ff 00 00 00 ff 00 00 00 ff 00 00 00 ff
                  00 00 00 ff 00 00 00 ff 00 00 00 ff 00 00 00 ff 00 00 00 ff
                  00 00 00 ff 00 00 00 ff 00 00 00 ff 00 00 00 ff 00 00 00 ff
                  00 00 00 ff 00 00 00 ff 00 00 00 ff 00 00 00 ff 00 00 00 ff
                  00 00 00 ff 00 00 00 ff 00 00 00 ff 00 00 00 ff 00 00 00 ff
                  00 00 00 ff 00 00 00 ff 00 00 00 ff 00 00 00 ff 00 00 00 ff
                  00 00 00 ff 00 00 00 ff 00 00 00 ff 00 00 00 ff 00 00 00 ff
                  00 00 00 ff 00 00 00 ff 00 00 00 ff 00 00 00 ff 00 00 00 ff
                  00 00 00 ff 00 00 00 ff 00 00 00 ff a6 9b 01 ff ff ee 02 ff
                  ff ee 02 ff ff ee 02 ff ff ee 02 ff ff ee 02 ff fc eb 02 ff
                  1c 1a 00 ff 00 00 00 ff 00 00 00 ff 00 00 00 ff 00 00 00 ff
                  00 00 00 ff 00 00 00 8c 00 00 00 00 00 00 00 00 00 00 00 00
                  00 00 00 00 00 00 00 00 00 00 00 00 00 00 00 00 00 00 00 00
                  00 00 00 00 00 00 00 00 00 00 00 00 00 00 00 00 00 00 00 00
                  00 00 00 00 00 00 00 00 00 00 00 00 00 00 00 00 00 00 00 00
                  00 00 00 00 00 00 00 00 00 00 00 00 00 00 00 00 00 00 00 00
                  00 00 00 00 00 00 00 00 00 00 00 00 00 00 00 25 00 00 00 ff
                  00 00 00 ff 00 00 00 ff 00 00 00 ff 00 00 00 ff 00 00 00 ff
                  b0 a4 01 ff ff ee 02 ff ff ee 02 ff ff ee 02 ff ff ee 02 ff
                  ff ee 02 ff ff ee 02 ff 4a 45 01 ff 00 00 00 ff 00 00 00 ff
                  00 00 00 ff 00 00 00 ff 00 00 00 ff 00 00 00 ff 00 00 00 ff
                  00 00 00 ff 00 00 00 ff 00 00 00 ff 00 00 00 ff 00 00 00 ff
                  00 00 00 ff 00 00 00 ff 00 00 00 ff 00 00 00 ff 00 00 00 ff
                  00 00 00 ff 00 00 00 ff 00 00 00 ff 00 00 00 ff 00 00 00 ff
                  00 00 00 ff 00 00 00 ff 00 00 00 ff 00 00 00 ff 00 00 00 ff
                  00 00 00 ff 00 00 00 ff 00 00 00 ff 00 00 00 ff 00 00 00 ff
                  00 00 00 ff 00 00 00 ff 00 00 00 ff 00 00 00 ff 00 00 00 ff
                  00 00 00 ff 00 00 00 ff 00 00 00 ff 00 00 00 ff 00 00 00 ff
                  00 00 00 ff 00 00 00 ff 00 00 00 ff 00 00 00 ff 00 00 00 ff
                  00 00 00 ff 00 00 00 ff 00 00 00 ff 00 00 00 ff 00 00 00 ff
                  00 00 00 ff 00 00 00 ff 00 00 00 ff 00 00 00 ff 00 00 00 ff
                  00 00 00 ff 00 00 00 ff 00 00 00 ff 00 00 00 ff 00 00 00 ff
                  00 00 00 ff 00 00 00 ff 00 00 00 ff 00 00 00 ff 00 00 00 ff
                  00 00 00 ff 00 00 00 ff 00 00 00 ff 00 00 00 ff 00 00 00 ff
                  34 31 00 ff fc eb 02 ff ff ee 02 ff ff ee 02 ff ff ee 02 ff
                  ff ee 02 ff ff ee 02 ff af a3 01 ff 00 00 00 ff 00 00 00 ff
                  00 00 00 ff 00 00 00 ff 00 00 00 ff 00 00 00 fe 00 00 00 24
                  00 00 00 00 00 00 00 00 00 00 00 00 00 00 00 00 00 00 00 00
                  00 00 00 00 00 00 00 00 00 00 00 00 00 00 00 00 00 00 00 00
                  00 00 00 00 00 00 00 00 00 00 00 00 00 00 00 00 00 00 00 00
                  00 00 00 00 00 00 00 00 00 00 00 00 00 00 00 00 00 00 00 00
                  00 00 00 00 00 00 00 00 00 00 00 00 00 00 00 00 00 00 00 00
                  00 00 00 00 00 00 00 00 00 00 00 bb 00 00 00 ff 00 00 00 ff
                  00 00 00 ff 00 00 00 ff 00 00 00 ff 47 42 01 ff ff ee 02 ff
                  ff ee 02 ff ff ee 02 ff ff ee 02 ff ff ee 02 ff ff ee 02 ff
                  f7 e7 02 ff 79 71 01 ff 12 11 00 ff 00 00 00 ff 00 00 00 ff
                  00 00 00 ff 00 00 00 ff 00 00 00 ff 00 00 00 ff 00 00 00 ff
                  00 00 00 ff 00 00 00 ff 00 00 00 ff 00 00 00 ff 00 00 00 ff
                  00 00 00 ff 00 00 00 ff 00 00 00 ff 00 00 00 ff 00 00 00 ff
                  00 00 00 ff 00 00 00 ff 00 00 00 ff 00 00 00 ff 00 00 00 ff
                  00 00 00 ff 00 00 00 ff 00 00 00 ff 00 00 00 ff 00 00 00 ff
                  00 00 00 ff 00 00 00 ff 00 00 00 ff 00 00 00 ff 00 00 00 ff
                  00 00 00 ff 00 00 00 ff 00 00 00 ff 00 00 00 ff 00 00 00 ff
                  00 00 00 ff 00 00 00 ff 00 00 00 ff 00 00 00 ff 00 00 00 ff
                  00 00 00 ff 00 00 00 ff 00 00 00 ff 00 00 00 ff 00 00 00 ff
                  00 00 00 ff 00 00 00 ff 00 00 00 ff 00 00 00 ff 00 00 00 ff
                  00 00 00 ff 00 00 00 ff 00 00 00 ff 00 00 00 ff 00 00 00 ff
                  00 00 00 ff 00 00 00 ff 00 00 00 ff 00 00 00 ff 00 00 00 ff
                  00 00 00 ff 00 00 00 ff 00 00 00 ff 00 00 00 ff 00 00 00 ff
                  00 00 00 ff 0d 0c 00 ff 6b 64 01 ff ee de 02 ff ff ee 02 ff
                  ff ee 02 ff ff ee 02 ff ff ee 02 ff ff ee 02 ff ff ee 02 ff
                  46 41 01 ff 00 00 00 ff 00 00 00 ff 00 00 00 ff 00 00 00 ff
                  00 00 00 ff 00 00 00 ba 00 00 00 00 00 00 00 00 00 00 00 00
                  00 00 00 00 00 00 00 00 00 00 00 00 00 00 00 00 00 00 00 00
                  00 00 00 00 00 00 00 00 00 00 00 00 00 00 00 00 00 00 00 00
                  00 00 00 00 00 00 00 00 00 00 00 00 00 00 00 00 00 00 00 00
                  00 00 00 00 00 00 00 00 00 00 00 00 00 00 00 00 00 00 00 00
                  00 00 00 00 00 00 00 00 00 00 00 00 00 00 00 00 00 00 00 00
                  00 00 00 51 00 00 00 ff 00 00 00 ff 00 00 00 ff 00 00 00 ff
                  00 00 00 ff 02 02 00 ff da cb 02 ff ff ee 02 ff ff ee 02 ff
                  ff ee 02 ff ff ee 02 ff ff ee 02 ff ff ee 02 ff ff ee 02 ff
                  f6 e6 02 ff 9f 94 01 ff 35 31 00 ff 00 00 00 ff 00 00 00 ff
                  00 00 00 ff 00 00 00 ff 00 00 00 ff 00 00 00 ff 00 00 00 ff
                  00 00 00 ff 00 00 00 ff 00 00 00 ff 00 00 00 ff 00 00 00 ff
                  00 00 00 ff 00 00 00 ff 00 00 00 ff 00 00 00 ff 00 00 00 ff
                  00 00 00 ff 00 00 00 ff 00 00 00 ff 00 00 00 ff 00 00 00 ff
                  00 00 00 ff 00 00 00 ff 00 00 00 ff 00 00 00 ff 00 00 00 ff
                  00 00 00 ff 00 00 00 ff 00 00 00 ff 00 00 00 ff 00 00 00 ff
                  00 00 00 ff 00 00 00 ff 00 00 00 ff 00 00 00 ff 00 00 00 ff
                  00 00 00 ff 00 00 00 ff 00 00 00 ff 00 00 00 ff 00 00 00 ff
                  00 00 00 ff 00 00 00 ff 00 00 00 ff 00 00 00 ff 00 00 00 ff
                  00 00 00 ff 00 00 00 ff 00 00 00 ff 00 00 00 ff 00 00 00 ff
                  00 00 00 ff 00 00 00 ff 00 00 00 ff 00 00 00 ff 00 00 00 ff
                  00 00 00 ff 00 00 00 ff 00 00 00 ff 00 00 00 ff 00 00 00 ff
                  00 00 00 ff 00 00 00 ff 2d 2a 00 ff 96 8c 01 ff f3 e3 02 ff
                  ff ee 02 ff ff ee 02 ff ff ee 02 ff ff ee 02 ff ff ee 02 ff
                  ff ee 02 ff ff ee 02 ff d8 ca 02 ff 01 01 00 ff 00 00 00 ff
                  00 00 00 ff 00 00 00 ff 00 00 00 ff 00 00 00 ff 00 00 00 50
                  00 00 00 00 00 00 00 00 00 00 00 00 00 00 00 00 00 00 00 00
                  00 00 00 00 00 00 00 00 00 00 00 00 00 00 00 00 00 00 00 00
                  00 00 00 00 00 00 00 00 00 00 00 00 00 00 00 00 00 00 00 00
                  00 00 00 00 00 00 00 00 00 00 00 00 00 00 00 00 00 00 00 00
                  00 00 00 00 00 00 00 00 00 00 00 00 00 00 00 00 00 00 00 00
                  00 00 00 00 00 00 00 00 00 00 00 00 00 00 00 04 00 00 00 e4
                  00 00 00 ff 00 00 00 ff 00 00 00 ff 00 00 00 ff 00 00 00 ff
                  57 51 01 ff ff ee 02 ff ff ee 02 ff ff ee 02 ff ff ee 02 ff
                  ff ee 02 ff ff ee 02 ff ff ee 02 ff ff ee 02 ff ff ee 02 ff
                  ff ee 02 ff cc be 02 ff 61 5b 01 ff 0a 09 00 ff 00 00 00 ff
                  00 00 00 ff 00 00 00 ff 00 00 00 ff 00 00 00 ff 00 00 00 ff
                  00 00 00 ff 00 00 00 ff 00 00 00 ff 00 00 00 ff 00 00 00 ff
                  00 00 00 ff 00 00 00 ff 00 00 00 ff 00 00 00 ff 00 00 00 ff
                  00 00 00 ff 00 00 00 ff 00 00 00 ff 00 00 00 ff 00 00 00 ff
                  00 00 00 ff 00 00 00 ff 00 00 00 ff 00 00 00 ff 00 00 00 ff
                  00 00 00 ff 00 00 00 ff 00 00 00 ff 00 00 00 ff 00 00 00 ff
                  00 00 00 ff 00 00 00 ff 00 00 00 ff 00 00 00 ff 00 00 00 ff
                  00 00 00 ff 00 00 00 ff 00 00 00 ff 00 00 00 ff 00 00 00 ff
                  00 00 00 ff 00 00 00 ff 00 00 00 ff 00 00 00 ff 00 00 00 ff
                  00 00 00 ff 00 00 00 ff 00 00 00 ff 00 00 00 ff 00 00 00 ff
                  00 00 00 ff 00 00 00 ff 00 00 00 ff 00 00 00 ff 00 00 00 ff
                  00 00 00 ff 00 00 00 ff 07 07 00 ff 5b 55 01 ff c3 b6 02 ff
                  ff ee 02 ff ff ee 02 ff ff ee 02 ff ff ee 02 ff ff ee 02 ff
                  ff ee 02 ff ff ee 02 ff ff ee 02 ff ff ee 02 ff ff ee 02 ff
                  55 4f 01 ff 00 00 00 ff 00 00 00 ff 00 00 00 ff 00 00 00 ff
                  00 00 00 ff 00 00 00 e3 00 00 00 04 00 00 00 00 00 00 00 00
                  00 00 00 00 00 00 00 00 00 00 00 00 00 00 00 00 00 00 00 00
                  00 00 00 00 00 00 00 00 00 00 00 00 00 00 00 00 00 00 00 00
                  00 00 00 00 00 00 00 00 00 00 00 00 00 00 00 00 00 00 00 00
                  00 00 00 00 00 00 00 00 00 00 00 00 00 00 00 00 00 00 00 00
                  00 00 00 00 00 00 00 00 00 00 00 00 00 00 00 00 00 00 00 00
                  00 00 00 00 00 00 00 00 00 00 00 80 00 00 00 ff 00 00 00 ff
                  00 00 00 ff 00 00 00 ff 00 00 00 ff 01 01 00 ff ad a1 01 ff
                  ff ee 02 ff ff ee 02 ff ff ee 02 ff ff ee 02 ff ff ee 02 ff
                  ff ee 02 ff ff ee 02 ff ff ee 02 ff ff ee 02 ff ff ee 02 ff
                  ff ee 02 ff ee de 02 ff 8f 85 01 ff 26 23 00 ff 00 00 00 ff
                  00 00 00 ff 00 00 00 ff 00 00 00 ff 00 00 00 ff 00 00 00 ff
                  00 00 00 ff 00 00 00 ff 00 00 00 ff 00 00 00 ff 00 00 00 ff
                  00 00 00 ff 00 00 00 ff 00 00 00 ff 00 00 00 ff 00 00 00 ff
                  00 00 00 ff 00 00 00 ff 00 00 00 ff 00 00 00 ff 00 00 00 ff
                  00 00 00 ff 00 00 00 ff 00 00 00 ff 00 00 00 ff 00 00 00 ff
                  00 00 00 ff 00 00 00 ff 00 00 00 ff 00 00 00 ff 00 00 00 ff
                  00 00 00 ff 00 00 00 ff 00 00 00 ff 00 00 00 ff 00 00 00 ff
                  00 00 00 ff 00 00 00 ff 00 00 00 ff 00 00 00 ff 00 00 00 ff
                  00 00 00 ff 00 00 00 ff 00 00 00 ff 00 00 00 ff 00 00 00 ff
                  00 00 00 ff 00 00 00 ff 00 00 00 ff 00 00 00 ff 00 00 00 ff
                  00 00 00 ff 00 00 00 ff 00 00 00 ff 21 1f 00 ff 88 7f 01 ff
                  ea da 02 ff ff ee 02 ff ff ee 02 ff ff ee 02 ff ff ee 02 ff
                  ff ee 02 ff ff ee 02 ff ff ee 02 ff ff ee 02 ff ff ee 02 ff
                  ff ee 02 ff ff ee 02 ff ac a1 01 ff 01 01 00 ff 00 00 00 ff
                  00 00 00 ff 00 00 00 ff 00 00 00 ff 00 00 00 ff 00 00 00 7e
                  00 00 00 00 00 00 00 00 00 00 00 00 00 00 00 00 00 00 00 00
                  00 00 00 00 00 00 00 00 00 00 00 00 00 00 00 00 00 00 00 00
                  00 00 00 00 00 00 00 00 00 00 00 00 00 00 00 00 00 00 00 00
                  00 00 00 00 00 00 00 00 00 00 00 00 00 00 00 00 00 00 00 00
                  00 00 00 00 00 00 00 00 00 00 00 00 00 00 00 00 00 00 00 00
                  00 00 00 00 00 00 00 00 00 00 00 00 00 00 00 00 00 00 00 00
                  00 00 00 17 00 00 00 f7 00 00 00 ff 00 00 00 ff 00 00 00 ff
                  00 00 00 ff 00 00 00 ff 0a 09 00 ff b4 a8 01 ff ff ee 02 ff
                  ff ee 02 ff ff ee 02 ff ff ee 02 ff ff ee 02 ff ff ee 02 ff
                  ff ee 02 ff ff ee 02 ff ff ee 02 ff ff ee 02 ff ff ee 02 ff
                  ff ee 02 ff ff ee 02 ff bc af 01 ff 52 4d 01 ff 04 04 00 ff
                  00 00 00 ff 00 00 00 ff 00 00 00 ff 00 00 00 ff 00 00 00 ff
                  00 00 00 ff 00 00 00 ff 00 00 00 ff 00 00 00 ff 00 00 00 ff
                  00 00 00 ff 00 00 00 ff 00 00 00 ff 00 00 00 ff 00 00 00 ff
                  00 00 00 ff 00 00 00 ff 00 00 00 ff 00 00 00 ff 00 00 00 ff
                  00 00 00 ff 00 00 00 ff 00 00 00 ff 00 00 00 ff 00 00 00 ff
                  00 00 00 ff 00 00 00 ff 00 00 00 ff 00 00 00 ff 00 00 00 ff
                  00 00 00 ff 00 00 00 ff 00 00 00 ff 00 00 00 ff 00 00 00 ff
                  00 00 00 ff 00 00 00 ff 00 00 00 ff 00 00 00 ff 00 00 00 ff
                  00 00 00 ff 00 00 00 ff 00 00 00 ff 00 00 00 ff 00 00 00 ff
                  00 00 00 ff 00 00 00 ff 00 00 00 ff 02 02 00 ff 4d 48 01 ff
                  b6 aa 01 ff fe ed 02 ff ff ee 02 ff ff ee 02 ff ff ee 02 ff
                  ff ee 02 ff ff ee 02 ff ff ee 02 ff ff ee 02 ff ff ee 02 ff
                  ff ee 02 ff ff ee 02 ff ff ee 02 ff ff ee 02 ff b2 a6 01 ff
                  0a 09 00 ff 00 00 00 ff 00 00 00 ff 00 00 00 ff 00 00 00 ff
                  00 00 00 ff 00 00 00 f7 00 00 00 15 00 00 00 00 00 00 00 00
                  00 00 00 00 00 00 00 00 00 00 00 00 00 00 00 00 00 00 00 00
                  00 00 00 00 00 00 00 00 00 00 00 00 00 00 00 00 00 00 00 00
                  00 00 00 00 00 00 00 00 00 00 00 00 00 00 00 00 00 00 00 00
                  00 00 00 00 00 00 00 00 00 00 00 00 00 00 00 00 00 00 00 00
                  00 00 00 00 00 00 00 00 00 00 00 00 00 00 00 00 00 00 00 00
                  00 00 00 00 00 00 00 00 00 00 00 00 00 00 00 00 00 00 00 8a
                  00 00 00 ff 00 00 00 ff 00 00 00 ff 00 00 00 ff 00 00 00 ff
                  00 00 00 ff 02 02 00 ff 67 60 01 ff e7 d8 02 ff ff ee 02 ff
                  ff ee 02 ff ff ee 02 ff ff ee 02 ff ff ee 02 ff ff ee 02 ff
                  ff ee 02 ff ff ee 02 ff ff ee 02 ff ff ee 02 ff ff ee 02 ff
                  ff ee 02 ff ff ee 02 ff e5 d6 02 ff 80 77 01 ff 1a 18 00 ff
                  00 00 00 ff 00 00 00 ff 00 00 00 ff 00 00 00 ff 00 00 00 ff
                  00 00 00 ff 00 00 00 ff 00 00 00 ff 00 00 00 ff 00 00 00 ff
                  00 00 00 ff 00 00 00 ff 00 00 00 ff 00 00 00 ff 00 00 00 ff
                  00 00 00 ff 00 00 00 ff 00 00 00 ff 00 00 00 ff 00 00 00 ff
                  00 00 00 ff 00 00 00 ff 00 00 00 ff 00 00 00 ff 00 00 00 ff
                  00 00 00 ff 00 00 00 ff 00 00 00 ff 00 00 00 ff 00 00 00 ff
                  00 00 00 ff 00 00 00 ff 00 00 00 ff 00 00 00 ff 00 00 00 ff
                  00 00 00 ff 00 00 00 ff 00 00 00 ff 00 00 00 ff 00 00 00 ff
                  00 00 00 ff 00 00 00 ff 00 00 00 ff 00 00 00 ff 16 15 00 ff
                  7a 72 01 ff e1 d2 02 ff ff ee 02 ff ff ee 02 ff ff ee 02 ff
                  ff ee 02 ff ff ee 02 ff ff ee 02 ff ff ee 02 ff ff ee 02 ff
                  ff ee 02 ff ff ee 02 ff ff ee 02 ff ff ee 02 ff ff ee 02 ff
                  e7 d8 02 ff 66 5f 01 ff 01 01 00 ff 00 00 00 ff 00 00 00 ff
                  00 00 00 ff 00 00 00 ff 00 00 00 ff 00 00 00 ff 00 00 00 8a
                  00 00 00 00 00 00 00 00 00 00 00 00 00 00 00 00 00 00 00 00
                  00 00 00 00 00 00 00 00 00 00 00 00 00 00 00 00 00 00 00 00
                  00 00 00 00 00 00 00 00 00 00 00 00 00 00 00 00 00 00 00 00
                  00 00 00 00 00 00 00 00 00 00 00 00 00 00 00 00 00 00 00 00
                  00 00 00 00 00 00 00 00 00 00 00 00 00 00 00 00 00 00 00 00
                  00 00 00 00 00 00 00 00 00 00 00 00 00 00 00 00 00 00 00 00
                  00 00 00 00 00 00 00 00 00 00 00 0d 00 00 00 de 00 00 00 ff
                  00 00 00 ff 00 00 00 ff 00 00 00 ff 00 00 00 ff 00 00 00 ff
                  00 00 00 ff 07 07 00 ff 5d 57 01 ff c7 ba 02 ff ff ee 02 ff
                  ff ee 02 ff ff ee 02 ff ff ee 02 ff ff ee 02 ff ff ee 02 ff
                  ff ee 02 ff ff ee 02 ff ff ee 02 ff ff ee 02 ff ff ee 02 ff
                  ff ee 02 ff ff ee 02 ff fc eb 02 ff ad a1 01 ff 43 3f 01 ff
                  01 01 00 ff 00 00 00 ff 00 00 00 ff 00 00 00 ff 00 00 00 ff
                  00 00 00 ff 00 00 00 ff 00 00 00 ff 00 00 00 ff 00 00 00 ff
                  00 00 00 ff 00 00 00 ff 00 00 00 ff 00 00 00 ff 00 00 00 ff
                  00 00 00 ff 00 00 00 ff 00 00 00 ff 00 00 00 ff 00 00 00 ff
                  00 00 00 ff 00 00 00 ff 00 00 00 ff 00 00 00 ff 00 00 00 ff
                  00 00 00 ff 00 00 00 ff 00 00 00 ff 00 00 00 ff 00 00 00 ff
                  00 00 00 ff 00 00 00 ff 00 00 00 ff 00 00 00 ff 00 00 00 ff
                  00 00 00 ff 00 00 00 ff 00 00 00 ff 00 00 00 ff 00 00 00 ff
                  3f 3b 00 ff a7 9c 01 ff fa e9 02 ff ff ee 02 ff ff ee 02 ff
                  ff ee 02 ff ff ee 02 ff ff ee 02 ff ff ee 02 ff ff ee 02 ff
                  ff ee 02 ff ff ee 02 ff ff ee 02 ff ff ee 02 ff ff ee 02 ff
                  ff ee 02 ff c5 b8 02 ff 5c 56 01 ff 07 07 00 ff 00 00 00 ff
                  00 00 00 ff 00 00 00 ff 00 00 00 ff 00 00 00 ff 00 00 00 ff
                  00 00 00 ff 00 00 00 dd 00 00 00 0d 00 00 00 00 00 00 00 00
                  00 00 00 00 00 00 00 00 00 00 00 00 00 00 00 00 00 00 00 00
                  00 00 00 00 00 00 00 00 00 00 00 00 00 00 00 00 00 00 00 00
                  00 00 00 00 00 00 00 00 00 00 00 00 00 00 00 00 00 00 00 00
                  00 00 00 00 00 00 00 00 00 00 00 00 00 00 00 00 00 00 00 00
                  00 00 00 00 00 00 00 00 00 00 00 00 00 00 00 00 00 00 00 00
                  00 00 00 00 00 00 00 00 00 00 00 00 00 00 00 00 00 00 00 00
                  00 00 00 00 00 00 00 34 00 00 00 f6 00 00 00 ff 00 00 00 ff
                  00 00 00 ff 00 00 00 ff 00 00 00 ff 00 00 00 ff 00 00 00 ff
                  00 00 00 ff 00 00 00 ff 30 2d 00 ff 9a 90 01 ff f5 e5 02 ff
                  ff ee 02 ff ff ee 02 ff ff ee 02 ff ff ee 02 ff ff ee 02 ff
                  ff ee 02 ff ff ee 02 ff ff ee 02 ff ff ee 02 ff ff ee 02 ff
                  ff ee 02 ff ff ee 02 ff ff ee 02 ff d9 cb 02 ff 70 69 01 ff
                  10 0f 00 ff 00 00 00 ff 00 00 00 ff 00 00 00 ff 00 00 00 ff
                  00 00 00 ff 00 00 00 ff 00 00 00 ff 00 00 00 ff 00 00 00 ff
                  00 00 00 ff 00 00 00 ff 00 00 00 ff 00 00 00 ff 00 00 00 ff
                  00 00 00 ff 00 00 00 ff 00 00 00 ff 00 00 00 ff 00 00 00 ff
                  00 00 00 ff 00 00 00 ff 00 00 00 ff 00 00 00 ff 00 00 00 ff
                  00 00 00 ff 00 00 00 ff 00 00 00 ff 00 00 00 ff 00 00 00 ff
                  00 00 00 ff 00 00 00 ff 00 00 00 ff 00 00 00 ff 00 00 00 ff
                  0e 0d 00 ff 6c 65 01 ff d5 c7 02 ff ff ee 02 ff ff ee 02 ff
                  ff ee 02 ff ff ee 02 ff ff ee 02 ff ff ee 02 ff ff ee 02 ff
                  ff ee 02 ff ff ee 02 ff ff ee 02 ff ff ee 02 ff ff ee 02 ff
                  ff ee 02 ff f3 e3 02 ff 97 8d 01 ff 2e 2b 00 ff 00 00 00 ff
                  00 00 00 ff 00 00 00 ff 00 00 00 ff 00 00 00 ff 00 00 00 ff
                  00 00 00 ff 00 00 00 ff 00 00 00 ff 00 00 00 f6 00 00 00 31
                  00 00 00 00 00 00 00 00 00 00 00 00 00 00 00 00 00 00 00 00
                  00 00 00 00 00 00 00 00 00 00 00 00 00 00 00 00 00 00 00 00
                  00 00 00 00 00 00 00 00 00 00 00 00 00 00 00 00 00 00 00 00
                  00 00 00 00 00 00 00 00 00 00 00 00 00 00 00 00 00 00 00 00
                  00 00 00 00 00 00 00 00 00 00 00 00 00 00 00 00 00 00 00 00
                  00 00 00 00 00 00 00 00 00 00 00 00 00 00 00 00 00 00 00 00
                  00 00 00 00 00 00 00 00 00 00 00 00 00 00 00 00 00 00 00 00
                  00 00 00 48 00 00 00 f6 00 00 00 ff 00 00 00 ff 00 00 00 ff
                  00 00 00 ff 00 00 00 ff 00 00 00 ff 00 00 00 ff 00 00 00 ff
                  00 00 00 ff 00 00 00 ff 0e 0d 00 ff 6e 67 01 ff d6 c8 02 ff
                  ff ee 02 ff ff ee 02 ff ff ee 02 ff ff ee 02 ff ff ee 02 ff
                  ff ee 02 ff ff ee 02 ff ff ee 02 ff ff ee 02 ff ff ee 02 ff
                  ff ee 02 ff ff ee 02 ff ff ee 02 ff f6 e6 02 ff 9d 93 01 ff
                  33 30 00 ff 00 00 00 ff 00 00 00 ff 00 00 00 ff 00 00 00 ff
                  00 00 00 ff 00 00 00 ff 00 00 00 ff 00 00 00 ff 00 00 00 ff
                  00 00 00 ff 00 00 00 ff 00 00 00 ff 00 00 00 ff 00 00 00 ff
                  00 00 00 ff 00 00 00 ff 00 00 00 ff 00 00 00 ff 00 00 00 ff
                  00 00 00 ff 00 00 00 ff 00 00 00 ff 00 00 00 ff 00 00 00 ff
                  00 00 00 ff 00 00 00 ff 00 00 00 ff 00 00 00 ff 00 00 00 ff
                  00 00 00 ff 30 2d 00 ff 9a 90 01 ff f4 e4 02 ff ff ee 02 ff
                  ff ee 02 ff ff ee 02 ff ff ee 02 ff ff ee 02 ff ff ee 02 ff
                  ff ee 02 ff ff ee 02 ff ff ee 02 ff ff ee 02 ff ff ee 02 ff
                  ff ee 02 ff ff ee 02 ff d2 c4 02 ff 6a 63 01 ff 0d 0c 00 ff
                  00 00 00 ff 00 00 00 ff 00 00 00 ff 00 00 00 ff 00 00 00 ff
                  00 00 00 ff 00 00 00 ff 00 00 00 ff 00 00 00 ff 00 00 00 ff
                  00 00 00 f6 00 00 00 46 00 00 00 00 00 00 00 00 00 00 00 00
                  00 00 00 00 00 00 00 00 00 00 00 00 00 00 00 00 00 00 00 00
                  00 00 00 00 00 00 00 00 00 00 00 00 00 00 00 00 00 00 00 00
                  00 00 00 00 00 00 00 00 00 00 00 00 00 00 00 00 00 00 00 00
                  00 00 00 00 00 00 00 00 00 00 00 00 00 00 00 00 00 00 00 00
                  00 00 00 00 00 00 00 00 00 00 00 00 00 00 00 00 00 00 00 00
                  00 00 00 00 00 00 00 00 00 00 00 00 00 00 00 00 00 00 00 00
                  00 00 00 00 00 00 00 00 00 00 00 00 00 00 00 00 00 00 00 39
                  00 00 00 e4 00 00 00 ff 00 00 00 ff 00 00 00 ff 00 00 00 ff
                  00 00 00 ff 00 00 00 ff 00 00 00 ff 00 00 00 ff 00 00 00 ff
                  00 00 00 ff 00 00 00 ff 01 01 00 ff 40 3c 01 ff ab a0 01 ff
                  fb ea 02 ff ff ee 02 ff ff ee 02 ff ff ee 02 ff ff ee 02 ff
                  ff ee 02 ff ff ee 02 ff ff ee 02 ff ff ee 02 ff ff ee 02 ff
                  ff ee 02 ff ff ee 02 ff ff ee 02 ff ff ee 02 ff ca bd 02 ff
                  60 5a 01 ff 09 08 00 ff 00 00 00 ff 00 00 00 ff 00 00 00 ff
                  00 00 00 ff 00 00 00 ff 00 00 00 ff 00 00 00 ff 00 00 00 ff
                  00 00 00 ff 00 00 00 ff 00 00 00 ff 00 00 00 ff 00 00 00 ff
                  00 00 00 ff 00 00 00 ff 00 00 00 ff 00 00 00 ff 00 00 00 ff
                  00 00 00 ff 00 00 00 ff 00 00 00 ff 00 00 00 ff 00 00 00 ff
                  00 00 00 ff 08 07 00 ff 5e 58 01 ff c7 ba 02 ff ff ee 02 ff
                  ff ee 02 ff ff ee 02 ff ff ee 02 ff ff ee 02 ff ff ee 02 ff
                  ff ee 02 ff ff ee 02 ff ff ee 02 ff ff ee 02 ff ff ee 02 ff
                  ff ee 02 ff ff ee 02 ff f9 e8 02 ff a5 9a 01 ff 3c 38 00 ff
                  00 00 00 ff 00 00 00 ff 00 00 00 ff 00 00 00 ff 00 00 00 ff
                  00 00 00 ff 00 00 00 ff 00 00 00 ff 00 00 00 ff 00 00 00 ff
                  00 00 00 ff 00 00 00 ff 00 00 00 e4 00 00 00 38 00 00 00 00
                  00 00 00 00 00 00 00 00 00 00 00 00 00 00 00 00 00 00 00 00
                  00 00 00 00 00 00 00 00 00 00 00 00 00 00 00 00 00 00 00 00
                  00 00 00 00 00 00 00 00 00 00 00 00 00 00 00 00 00 00 00 00
                  00 00 00 00 00 00 00 00 00 00 00 00 00 00 00 00 00 00 00 00
                  00 00 00 00 00 00 00 00 00 00 00 00 00 00 00 00 00 00 00 00
                  00 00 00 00 00 00 00 00 00 00 00 00 00 00 00 00 00 00 00 00
                  00 00 00 00 00 00 00 00 00 00 00 00 00 00 00 00 00 00 00 00
                  00 00 00 00 00 00 00 00 00 00 00 00 00 00 00 13 00 00 00 9b
                  00 00 00 fe 00 00 00 ff 00 00 00 ff 00 00 00 ff 00 00 00 ff
                  00 00 00 ff 00 00 00 ff 00 00 00 ff 00 00 00 ff 00 00 00 ff
                  00 00 00 ff 00 00 00 ff 00 00 00 ff 19 17 00 ff 7e 76 01 ff
                  e3 d4 02 ff ff ee 02 ff ff ee 02 ff ff ee 02 ff ff ee 02 ff
                  ff ee 02 ff ff ee 02 ff ff ee 02 ff ff ee 02 ff ff ee 02 ff
                  ff ee 02 ff ff ee 02 ff ff ee 02 ff ff ee 02 ff ee de 02 ff
                  8e 85 01 ff 25 23 00 ff 00 00 00 ff 00 00 00 ff 00 00 00 ff
                  00 00 00 ff 00 00 00 ff 00 00 00 ff 00 00 00 ff 00 00 00 ff
                  00 00 00 ff 00 00 00 ff 00 00 00 ff 00 00 00 ff 00 00 00 ff
                  00 00 00 ff 00 00 00 ff 00 00 00 ff 00 00 00 ff 00 00 00 ff
                  00 00 00 ff 00 00 00 ff 24 22 00 ff 8c 83 01 ff ec dc 02 ff
                  ff ee 02 ff ff ee 02 ff ff ee 02 ff ff ee 02 ff ff ee 02 ff
                  ff ee 02 ff ff ee 02 ff ff ee 02 ff ff ee 02 ff ff ee 02 ff
                  ff ee 02 ff ff ee 02 ff ff ee 02 ff de cf 02 ff 77 6f 01 ff
                  15 14 00 ff 00 00 00 ff 00 00 00 ff 00 00 00 ff 00 00 00 ff
                  00 00 00 ff 00 00 00 ff 00 00 00 ff 00 00 00 ff 00 00 00 ff
                  00 00 00 ff 00 00 00 ff 00 00 00 ff 00 00 00 fd 00 00 00 9b
                  00 00 00 13 00 00 00 00 00 00 00 00 00 00 00 00 00 00 00 00
                  00 00 00 00 00 00 00 00 00 00 00 00 00 00 00 00 00 00 00 00
                  00 00 00 00 00 00 00 00 00 00 00 00 00 00 00 00 00 00 00 00
                  00 00 00 00 00 00 00 00 00 00 00 00 00 00 00 00 00 00 00 00
                  00 00 00 00 00 00 00 00 00 00 00 00 00 00 00 00 00 00 00 00
                  00 00 00 00 00 00 00 00 00 00 00 00 00 00 00 00 00 00 00 00
                  00 00 00 00 00 00 00 00 00 00 00 00 00 00 00 00 00 00 00 00
                  00 00 00 00 00 00 00 00 00 00 00 00 00 00 00 00 00 00 00 00
                  00 00 00 00 00 00 00 00 00 00 00 00 00 00 00 24 00 00 00 95
                  00 00 00 f3 00 00 00 ff 00 00 00 ff 00 00 00 ff 00 00 00 ff
                  00 00 00 ff 00 00 00 ff 00 00 00 ff 00 00 00 ff 00 00 00 ff
                  00 00 00 ff 00 00 00 ff 00 00 00 ff 04 04 00 ff 51 4c 01 ff
                  bb af 01 ff ff ee 02 ff ff ee 02 ff ff ee 02 ff ff ee 02 ff
                  ff ee 02 ff ff ee 02 ff ff ee 02 ff ff ee 02 ff ff ee 02 ff
                  ff ee 02 ff ff ee 02 ff ff ee 02 ff ff ee 02 ff ff ee 02 ff
                  bb af 01 ff 51 4c 01 ff 04 04 00 ff 00 00 00 ff 00 00 00 ff
                  00 00 00 ff 00 00 00 ff 00 00 00 ff 00 00 00 ff 00 00 00 ff
                  00 00 00 ff 00 00 00 ff 00 00 00 ff 00 00 00 ff 00 00 00 ff
                  00 00 00 ff 00 00 00 ff 03 03 00 ff 50 4b 01 ff b9 ad 01 ff
                  fe ed 02 ff ff ee 02 ff ff ee 02 ff ff ee 02 ff ff ee 02 ff
                  ff ee 02 ff ff ee 02 ff ff ee 02 ff ff ee 02 ff ff ee 02 ff
                  ff ee 02 ff ff ee 02 ff ff ee 02 ff fd ec 02 ff b2 a6 01 ff
                  4a 45 01 ff 02 02 00 ff 00 00 00 ff 00 00 00 ff 00 00 00 ff
                  00 00 00 ff 00 00 00 ff 00 00 00 ff 00 00 00 ff 00 00 00 ff
                  00 00 00 ff 00 00 00 ff 00 00 00 ff 00 00 00 ff 00 00 00 f2
                  00 00 00 95 00 00 00 24 00 00 00 00 00 00 00 00 00 00 00 00
                  00 00 00 00 00 00 00 00 00 00 00 00 00 00 00 00 00 00 00 00
                  00 00 00 00 00 00 00 00 00 00 00 00 00 00 00 00 00 00 00 00
                  00 00 00 00 00 00 00 00 00 00 00 00 00 00 00 00 00 00 00 00
                  00 00 00 00 00 00 00 00 00 00 00 00 00 00 00 00 00 00 00 00
                  00 00 00 00 00 00 00 00 00 00 00 00 00 00 00 00 00 00 00 00
                  00 00 00 00 00 00 00 00 00 00 00 00 00 00 00 00 00 00 00 00
                  00 00 00 00 00 00 00 00 00 00 00 00 00 00 00 00 00 00 00 00
                  00 00 00 00 00 00 00 00 00 00 00 00 00 00 00 00 00 00 00 00
                  00 00 00 00 00 00 00 00 00 00 00 00 00 00 00 0d 00 00 00 69
                  00 00 00 d2 00 00 00 ff 00 00 00 ff 00 00 00 ff 00 00 00 ff
                  00 00 00 ff 00 00 00 ff 00 00 00 ff 00 00 00 ff 00 00 00 ff
                  00 00 00 ff 00 00 00 ff 00 00 00 ff 00 00 00 ff 25 23 00 ff
                  8f 85 01 ff ee de 02 ff ff ee 02 ff ff ee 02 ff ff ee 02 ff
                  ff ee 02 ff ff ee 02 ff ff ee 02 ff ff ee 02 ff ff ee 02 ff
                  ff ee 02 ff ff ee 02 ff ff ee 02 ff ff ee 02 ff ff ee 02 ff
                  e4 d5 02 ff 7f 77 01 ff 1a 18 00 ff 00 00 00 ff 00 00 00 ff
                  00 00 00 ff 00 00 00 ff 00 00 00 ff 00 00 00 ff 00 00 00 ff
                  00 00 00 ff 00 00 00 ff 00 00 00 ff 19 17 00 ff 7e 76 01 ff
                  e3 d4 02 ff ff ee 02 ff ff ee 02 ff ff ee 02 ff ff ee 02 ff
                  ff ee 02 ff ff ee 02 ff ff ee 02 ff ff ee 02 ff ff ee 02 ff
                  ff ee 02 ff ff ee 02 ff ff ee 02 ff ff ee 02 ff e8 d9 02 ff
                  85 7c 01 ff 1f 1d 00 ff 00 00 00 ff 00 00 00 ff 00 00 00 ff
                  00 00 00 ff 00 00 00 ff 00 00 00 ff 00 00 00 ff 00 00 00 ff
                  00 00 00 ff 00 00 00 ff 00 00 00 ff 00 00 00 ff 00 00 00 ff
                  00 00 00 d0 00 00 00 67 00 00 00 0c 00 00 00 00 00 00 00 00
                  00 00 00 00 00 00 00 00 00 00 00 00 00 00 00 00 00 00 00 00
                  00 00 00 00 00 00 00 00 00 00 00 00 00 00 00 00 00 00 00 00
                  00 00 00 00 00 00 00 00 00 00 00 00 00 00 00 00 00 00 00 00
                  00 00 00 00 00 00 00 00 00 00 00 00 00 00 00 00 00 00 00 00
                  00 00 00 00 00 00 00 00 00 00 00 00 00 00 00 00 00 00 00 00
                  00 00 00 00 00 00 00 00 00 00 00 00 00 00 00 00 00 00 00 00
                  00 00 00 00 00 00 00 00 00 00 00 00 00 00 00 00 00 00 00 00
                  00 00 00 00 00 00 00 00 00 00 00 00 00 00 00 00 00 00 00 00
                  00 00 00 00 00 00 00 00 00 00 00 00 00 00 00 00 00 00 00 00
                  00 00 00 00 00 00 00 00 00 00 00 00 00 00 00 00 00 00 00 3d
                  00 00 00 a6 00 00 00 fa 00 00 00 ff 00 00 00 ff 00 00 00 ff
                  00 00 00 ff 00 00 00 ff 00 00 00 ff 00 00 00 ff 00 00 00 ff
                  00 00 00 ff 00 00 00 ff 00 00 00 ff 00 00 00 ff 0a 09 00 ff
                  61 5b 01 ff cb bd 02 ff ff ee 02 ff ff ee 02 ff ff ee 02 ff
                  ff ee 02 ff ff ee 02 ff ff ee 02 ff ff ee 02 ff ff ee 02 ff
                  ff ee 02 ff ff ee 02 ff ff ee 02 ff ff ee 02 ff ff ee 02 ff
                  fb ea 02 ff ab a0 01 ff 41 3d 01 ff 01 01 00 ff 00 00 00 ff
                  00 00 00 ff 00 00 00 ff 00 00 00 ff 01 01 00 ff 41 3d 01 ff
                  ab a0 01 ff fb ea 02 ff ff ee 02 ff ff ee 02 ff ff ee 02 ff
                  ff ee 02 ff ff ee 02 ff ff ee 02 ff ff ee 02 ff ff ee 02 ff
                  ff ee 02 ff ff ee 02 ff ff ee 02 ff ff ee 02 ff ff ee 02 ff
                  c0 b3 02 ff 57 51 01 ff 06 06 00 ff 00 00 00 ff 00 00 00 ff
                  00 00 00 ff 00 00 00 ff 00 00 00 ff 00 00 00 ff 00 00 00 ff
                  00 00 00 ff 00 00 00 ff 00 00 00 ff 00 00 00 ff 00 00 00 ff
                  00 00 00 f8 00 00 00 a2 00 00 00 3a 00 00 00 00 00 00 00 00
                  00 00 00 00 00 00 00 00 00 00 00 00 00 00 00 00 00 00 00 00
                  00 00 00 00 00 00 00 00 00 00 00 00 00 00 00 00 00 00 00 00
                  00 00 00 00 00 00 00 00 00 00 00 00 00 00 00 00 00 00 00 00
                  00 00 00 00 00 00 00 00 00 00 00 00 00 00 00 00 00 00 00 00
                  00 00 00 00 00 00 00 00 00 00 00 00 00 00 00 00 00 00 00 00
                  00 00 00 00 00 00 00 00 00 00 00 00 00 00 00 00 00 00 00 00
                  00 00 00 00 00 00 00 00 00 00 00 00 00 00 00 00 00 00 00 00
                  00 00 00 00 00 00 00 00 00 00 00 00 00 00 00 00 00 00 00 00
                  00 00 00 00 00 00 00 00 00 00 00 00 00 00 00 00 00 00 00 00
                  00 00 00 00 00 00 00 00 00 00 00 00 00 00 00 00 00 00 00 00
                  00 00 00 00 00 00 00 00 00 00 00 00 00 00 00 00 00 00 00 16
                  00 00 00 79 00 00 00 e1 00 00 00 ff 00 00 00 ff 00 00 00 ff
                  00 00 00 ff 00 00 00 ff 00 00 00 ff 00 00 00 ff 00 00 00 ff
                  00 00 00 ff 00 00 00 ff 00 00 00 ff 00 00 00 ff 00 00 00 ff
                  35 31 00 ff 9f 94 01 ff f6 e6 02 ff ff ee 02 ff ff ee 02 ff
                  ff ee 02 ff ff ee 02 ff ff ee 02 ff ff ee 02 ff ff ee 02 ff
                  ff ee 02 ff ff ee 02 ff ff ee 02 ff ff ee 02 ff ff ee 02 ff
                  ff ee 02 ff d7 c9 02 ff 6f 68 01 ff 18 16 00 ff 1e 1c 00 ff
                  70 69 01 ff d8 ca 02 ff ff ee 02 ff ff ee 02 ff ff ee 02 ff
                  ff ee 02 ff ff ee 02 ff ff ee 02 ff ff ee 02 ff ff ee 02 ff
                  ff ee 02 ff ff ee 02 ff ff ee 02 ff ff ee 02 ff ff ee 02 ff
                  f1 e1 02 ff 92 88 01 ff 2a 27 00 ff 00 00 00 ff 00 00 00 ff
                  00 00 00 ff 00 00 00 ff 00 00 00 ff 00 00 00 ff 00 00 00 ff
                  00 00 00 ff 00 00 00 ff 00 00 00 ff 00 00 00 ff 00 00 00 ff
                  00 00 00 ff 00 00 00 dc 00 00 00 75 00 00 00 14 00 00 00 00
                  00 00 00 00 00 00 00 00 00 00 00 00 00 00 00 00 00 00 00 00
                  00 00 00 00 00 00 00 00 00 00 00 00 00 00 00 00 00 00 00 00
                  00 00 00 00 00 00 00 00 00 00 00 00 00 00 00 00 00 00 00 00
                  00 00 00 00 00 00 00 00 00 00 00 00 00 00 00 00 00 00 00 00
                  00 00 00 00 00 00 00 00 00 00 00 00 00 00 00 00 00 00 00 00
                  00 00 00 00 00 00 00 00 00 00 00 00 00 00 00 00 00 00 00 00
                  00 00 00 00 00 00 00 00 00 00 00 00 00 00 00 00 00 00 00 00
                  00 00 00 00 00 00 00 00 00 00 00 00 00 00 00 00 00 00 00 00
                  00 00 00 00 00 00 00 00 00 00 00 00 00 00 00 00 00 00 00 00
                  00 00 00 00 00 00 00 00 00 00 00 00 00 00 00 00 00 00 00 00
                  00 00 00 00 00 00 00 00 00 00 00 00 00 00 00 00 00 00 00 00
                  00 00 00 00 00 00 00 00 00 00 00 00 00 00 00 00 00 00 00 02
                  00 00 00 4d 00 00 00 b6 00 00 00 fe 00 00 00 ff 00 00 00 ff
                  00 00 00 ff 00 00 00 ff 00 00 00 ff 00 00 00 ff 00 00 00 ff
                  00 00 00 ff 00 00 00 ff 00 00 00 ff 00 00 00 ff 00 00 00 ff
                  12 11 00 ff 72 6a 01 ff db cc 02 ff ff ee 02 ff ff ee 02 ff
                  ff ee 02 ff ff ee 02 ff ff ee 02 ff ff ee 02 ff ff ee 02 ff
                  ff ee 02 ff ff ee 02 ff ff ee 02 ff ff ee 02 ff ff ee 02 ff
                  ff ee 02 ff ff ee 02 ff ff ee 02 ff ff ee 02 ff ff ee 02 ff
                  ff ee 02 ff ff ee 02 ff ff ee 02 ff ff ee 02 ff ff ee 02 ff
                  ff ee 02 ff ff ee 02 ff ff ee 02 ff ff ee 02 ff ff ee 02 ff
                  ff ee 02 ff ce c0 02 ff 65 5e 01 ff 0b 0a 00 ff 00 00 00 ff
                  00 00 00 ff 00 00 00 ff 00 00 00 ff 00 00 00 ff 00 00 00 ff
                  00 00 00 ff 00 00 00 ff 00 00 00 ff 00 00 00 ff 00 00 00 ff
                  00 00 00 ff 00 00 00 fd 00 00 00 b0 00 00 00 47 00 00 00 02
                  00 00 00 00 00 00 00 00 00 00 00 00 00 00 00 00 00 00 00 00
                  00 00 00 00 00 00 00 00 00 00 00 00 00 00 00 00 00 00 00 00
                  00 00 00 00 00 00 00 00 00 00 00 00 00 00 00 00 00 00 00 00
                  00 00 00 00 00 00 00 00 00 00 00 00 00 00 00 00 00 00 00 00
                  00 00 00 00 00 00 00 00 00 00 00 00 00 00 00 00 00 00 00 00
                  00 00 00 00 00 00 00 00 00 00 00 00 00 00 00 00 00 00 00 00
                  00 00 00 00 00 00 00 00 00 00 00 00 00 00 00 00 00 00 00 00
                  00 00 00 00 00 00 00 00 00 00 00 00 00 00 00 00 00 00 00 00
                  00 00 00 00 00 00 00 00 00 00 00 00 00 00 00 00 00 00 00 00
                  00 00 00 00 00 00 00 00 00 00 00 00 00 00 00 00 00 00 00 00
                  00 00 00 00 00 00 00 00 00 00 00 00 00 00 00 00 00 00 00 00
                  00 00 00 00 00 00 00 00 00 00 00 00 00 00 00 00 00 00 00 00
                  00 00 00 00 00 00 00 00 00 00 00 00 00 00 00 00 00 00 00 00
                  00 00 00 22 00 00 00 8a 00 00 00 ec 00 00 00 ff 00 00 00 ff
                  00 00 00 ff 00 00 00 ff 00 00 00 ff 00 00 00 ff 00 00 00 ff
                  00 00 00 ff 00 00 00 ff 00 00 00 ff 00 00 00 ff 00 00 00 ff
                  01 01 00 ff 45 40 01 ff af a3 01 ff fc eb 02 ff ff ee 02 ff
                  ff ee 02 ff ff ee 02 ff ff ee 02 ff ff ee 02 ff ff ee 02 ff
                  ff ee 02 ff ff ee 02 ff ff ee 02 ff ff ee 02 ff ff ee 02 ff
                  ff ee 02 ff ff ee 02 ff ff ee 02 ff ff ee 02 ff ff ee 02 ff
                  ff ee 02 ff ff ee 02 ff ff ee 02 ff ff ee 02 ff ff ee 02 ff
                  ff ee 02 ff f8 e7 02 ff a0 95 01 ff 37 33 00 ff 00 00 00 ff
                  00 00 00 ff 00 00 00 ff 00 00 00 ff 00 00 00 ff 00 00 00 ff
                  00 00 00 ff 00 00 00 ff 00 00 00 ff 00 00 00 ff 00 00 00 ff
                  00 00 00 ff 00 00 00 ff 00 00 00 e7 00 00 00 82 00 00 00 1d
                  00 00 00 00 00 00 00 00 00 00 00 00 00 00 00 00 00 00 00 00
                  00 00 00 00 00 00 00 00 00 00 00 00 00 00 00 00 00 00 00 00
                  00 00 00 00 00 00 00 00 00 00 00 00 00 00 00 00 00 00 00 00
                  00 00 00 00 00 00 00 00 00 00 00 00 00 00 00 00 00 00 00 00
                  00 00 00 00 00 00 00 00 00 00 00 00 00 00 00 00 00 00 00 00
                  00 00 00 00 00 00 00 00 00 00 00 00 00 00 00 00 00 00 00 00
                  00 00 00 00 00 00 00 00 00 00 00 00 00 00 00 00 00 00 00 00
                  00 00 00 00 00 00 00 00 00 00 00 00 00 00 00 00 00 00 00 00
                  00 00 00 00 00 00 00 00 00 00 00 00 00 00 00 00 00 00 00 00
                  00 00 00 00 00 00 00 00 00 00 00 00 00 00 00 00 00 00 00 00
                  00 00 00 00 00 00 00 00 00 00 00 00 00 00 00 00 00 00 00 00
                  00 00 00 00 00 00 00 00 00 00 00 00 00 00 00 00 00 00 00 00
                  00 00 00 00 00 00 00 00 00 00 00 00 00 00 00 00 00 00 00 00
                  00 00 00 00 00 00 00 00 00 00 00 00 00 00 00 00 00 00 00 00
                  00 00 00 07 00 00 00 5e 00 00 00 c7 00 00 00 ff 00 00 00 ff
                  00 00 00 ff 00 00 00 ff 00 00 00 ff 00 00 00 ff 00 00 00 ff
                  00 00 00 ff 00 00 00 ff 00 00 00 ff 00 00 00 ff 00 00 00 ff
                  00 00 00 ff 1d 1b 00 ff 82 79 01 ff e7 d8 02 ff ff ee 02 ff
                  ff ee 02 ff ff ee 02 ff ff ee 02 ff ff ee 02 ff ff ee 02 ff
                  ff ee 02 ff ff ee 02 ff ff ee 02 ff ff ee 02 ff ff ee 02 ff
                  ff ee 02 ff ff ee 02 ff ff ee 02 ff ff ee 02 ff ff ee 02 ff
                  ff ee 02 ff ff ee 02 ff db cc 02 ff 72 6a 01 ff 12 11 00 ff
                  00 00 00 ff 00 00 00 ff 00 00 00 ff 00 00 00 ff 00 00 00 ff
                  00 00 00 ff 00 00 00 ff 00 00 00 ff 00 00 00 ff 00 00 00 ff
                  00 00 00 ff 00 00 00 ff 00 00 00 ff 00 00 00 be 00 00 00 55
                  00 00 00 05 00 00 00 00 00 00 00 00 00 00 00 00 00 00 00 00
                  00 00 00 00 00 00 00 00 00 00 00 00 00 00 00 00 00 00 00 00
                  00 00 00 00 00 00 00 00 00 00 00 00 00 00 00 00 00 00 00 00
                  00 00 00 00 00 00 00 00 00 00 00 00 00 00 00 00 00 00 00 00
                  00 00 00 00 00 00 00 00 00 00 00 00 00 00 00 00 00 00 00 00
                  00 00 00 00 00 00 00 00 00 00 00 00 00 00 00 00 00 00 00 00
                  00 00 00 00 00 00 00 00 00 00 00 00 00 00 00 00 00 00 00 00
                  00 00 00 00 00 00 00 00 00 00 00 00 00 00 00 00 00 00 00 00
                  00 00 00 00 00 00 00 00 00 00 00 00 00 00 00 00 00 00 00 00
                  00 00 00 00 00 00 00 00 00 00 00 00 00 00 00 00 00 00 00 00
                  00 00 00 00 00 00 00 00 00 00 00 00 00 00 00 00 00 00 00 00
                  00 00 00 00 00 00 00 00 00 00 00 00 00 00 00 00 00 00 00 00
                  00 00 00 00 00 00 00 00 00 00 00 00 00 00 00 00 00 00 00 00
                  00 00 00 00 00 00 00 00 00 00 00 00 00 00 00 00 00 00 00 00
                  00 00 00 00 00 00 00 00 00 00 00 00 00 00 00 00 00 00 00 00
                  00 00 00 00 00 00 00 30 00 00 00 9a 00 00 00 f5 00 00 00 ff
                  00 00 00 ff 00 00 00 ff 00 00 00 ff 00 00 00 ff 00 00 00 ff
                  00 00 00 ff 00 00 00 ff 00 00 00 ff 00 00 00 ff 00 00 00 ff
                  00 00 00 ff 05 05 00 ff 56 50 01 ff c0 b3 02 ff ff ee 02 ff
                  ff ee 02 ff ff ee 02 ff ff ee 02 ff ff ee 02 ff ff ee 02 ff
                  ff ee 02 ff ff ee 02 ff ff ee 02 ff ff ee 02 ff ff ee 02 ff
                  ff ee 02 ff ff ee 02 ff fc eb 02 ff ae a2 01 ff 45 40 01 ff
                  01 01 00 ff 00 00 00 ff 00 00 00 ff 00 00 00 ff 00 00 00 ff
                  00 00 00 ff 00 00 00 ff 00 00 00 ff 00 00 00 ff 00 00 00 ff
                  00 00 00 ff 00 00 00 ff 00 00 00 ff 00 00 00 f0 00 00 00 90
                  00 00 00 28 00 00 00 00 00 00 00 00 00 00 00 00 00 00 00 00
                  00 00 00 00 00 00 00 00 00 00 00 00 00 00 00 00 00 00 00 00
                  00 00 00 00 00 00 00 00 00 00 00 00 00 00 00 00 00 00 00 00
                  00 00 00 00 00 00 00 00 00 00 00 00 00 00 00 00 00 00 00 00
                  00 00 00 00 00 00 00 00 00 00 00 00 00 00 00 00 00 00 00 00
                  00 00 00 00 00 00 00 00 00 00 00 00 00 00 00 00 00 00 00 00
                  00 00 00 00 00 00 00 00 00 00 00 00 00 00 00 00 00 00 00 00
                  00 00 00 00 00 00 00 00 00 00 00 00 00 00 00 00 00 00 00 00
                  00 00 00 00 00 00 00 00 00 00 00 00 00 00 00 00 00 00 00 00
                  00 00 00 00 00 00 00 00 00 00 00 00 00 00 00 00 00 00 00 00
                  00 00 00 00 00 00 00 00 00 00 00 00 00 00 00 00 00 00 00 00
                  00 00 00 00 00 00 00 00 00 00 00 00 00 00 00 00 00 00 00 00
                  00 00 00 00 00 00 00 00 00 00 00 00 00 00 00 00 00 00 00 00
                  00 00 00 00 00 00 00 00 00 00 00 00 00 00 00 00 00 00 00 00
                  00 00 00 00 00 00 00 00 00 00 00 00 00 00 00 00 00 00 00 00
                  00 00 00 00 00 00 00 00 00 00 00 00 00 00 00 00 00 00 00 00
                  00 00 00 00 00 00 00 0f 00 00 00 6e 00 00 00 d6 00 00 00 ff
                  00 00 00 ff 00 00 00 ff 00 00 00 ff 00 00 00 ff 00 00 00 ff
                  00 00 00 ff 00 00 00 ff 00 00 00 ff 00 00 00 ff 00 00 00 ff
                  00 00 00 ff 00 00 00 ff 2a 27 00 ff 92 88 01 ff f2 e2 02 ff
                  ff ee 02 ff ff ee 02 ff ff ee 02 ff ff ee 02 ff ff ee 02 ff
                  ff ee 02 ff ff ee 02 ff ff ee 02 ff e6 d7 02 ff 80 77 01 ff
                  1b 19 00 ff 00 00 00 ff 00 00 00 ff 00 00 00 ff 00 00 00 ff
                  00 00 00 ff 00 00 00 ff 00 00 00 ff 00 00 00 ff 00 00 00 ff
                  00 00 00 ff 00 00 00 ff 00 00 00 ff 00 00 00 ff 00 00 00 cc
                  00 00 00 62 00 00 00 0a 00 00 00 00 00 00 00 00 00 00 00 00
                  00 00 00 00 00 00 00 00 00 00 00 00 00 00 00 00 00 00 00 00
                  00 00 00 00 00 00 00 00 00 00 00 00 00 00 00 00 00 00 00 00
                  00 00 00 00 00 00 00 00 00 00 00 00 00 00 00 00 00 00 00 00
                  00 00 00 00 00 00 00 00 00 00 00 00 00 00 00 00 00 00 00 00
                  00 00 00 00 00 00 00 00 00 00 00 00 00 00 00 00 00 00 00 00
                  00 00 00 00 00 00 00 00 00 00 00 00 00 00 00 00 00 00 00 00
                  00 00 00 00 00 00 00 00 00 00 00 00 00 00 00 00 00 00 00 00
                  00 00 00 00 00 00 00 00 00 00 00 00 00 00 00 00 00 00 00 00
                  00 00 00 00 00 00 00 00 00 00 00 00 00 00 00 00 00 00 00 00
                  00 00 00 00 00 00 00 00 00 00 00 00 00 00 00 00 00 00 00 00
                  00 00 00 00 00 00 00 00 00 00 00 00 00 00 00 00 00 00 00 00
                  00 00 00 00 00 00 00 00 00 00 00 00 00 00 00 00 00 00 00 00
                  00 00 00 00 00 00 00 00 00 00 00 00 00 00 00 00 00 00 00 00
                  00 00 00 00 00 00 00 00 00 00 00 00 00 00 00 00 00 00 00 00
                  00 00 00 00 00 00 00 00 00 00 00 00 00 00 00 00 00 00 00 00
                  00 00 00 00 00 00 00 00 00 00 00 00 00 00 00 00 00 00 00 00
                  00 00 00 00 00 00 00 01 00 00 00 41 00 00 00 ab 00 00 00 fb
                  00 00 00 ff 00 00 00 ff 00 00 00 ff 00 00 00 ff 00 00 00 ff
                  00 00 00 ff 00 00 00 ff 00 00 00 ff 00 00 00 ff 00 00 00 ff
                  00 00 00 ff 00 00 00 ff 0b 0a 00 ff 65 5e 01 ff b0 a4 01 ff
                  e7 d8 02 ff fd ec 02 ff f8 e7 02 ff d8 ca 02 ff a1 96 01 ff
                  52 4d 01 ff 04 04 00 ff 00 00 00 ff 00 00 00 ff 00 00 00 ff
                  00 00 00 ff 00 00 00 ff 00 00 00 ff 00 00 00 ff 00 00 00 ff
                  00 00 00 ff 00 00 00 ff 00 00 00 ff 00 00 00 ff 00 00 00 f6
                  00 00 00 9e 00 00 00 35 00 00 00 00 00 00 00 00 00 00 00 00
                  00 00 00 00 00 00 00 00 00 00 00 00 00 00 00 00 00 00 00 00
                  00 00 00 00 00 00 00 00 00 00 00 00 00 00 00 00 00 00 00 00
                  00 00 00 00 00 00 00 00 00 00 00 00 00 00 00 00 00 00 00 00
                  00 00 00 00 00 00 00 00 00 00 00 00 00 00 00 00 00 00 00 00
                  00 00 00 00 00 00 00 00 00 00 00 00 00 00 00 00 00 00 00 00
                  00 00 00 00 00 00 00 00 00 00 00 00 00 00 00 00 00 00 00 00
                  00 00 00 00 00 00 00 00 00 00 00 00 00 00 00 00 00 00 00 00
                  00 00 00 00 00 00 00 00 00 00 00 00 00 00 00 00 00 00 00 00
                  00 00 00 00 00 00 00 00 00 00 00 00 00 00 00 00 00 00 00 00
                  00 00 00 00 00 00 00 00 00 00 00 00 00 00 00 00 00 00 00 00
                  00 00 00 00 00 00 00 00 00 00 00 00 00 00 00 00 00 00 00 00
                  00 00 00 00 00 00 00 00 00 00 00 00 00 00 00 00 00 00 00 00
                  00 00 00 00 00 00 00 00 00 00 00 00 00 00 00 00 00 00 00 00
                  00 00 00 00 00 00 00 00 00 00 00 00 00 00 00 00 00 00 00 00
                  00 00 00 00 00 00 00 00 00 00 00 00 00 00 00 00 00 00 00 00
                  00 00 00 00 00 00 00 00 00 00 00 00 00 00 00 00 00 00 00 00
                  00 00 00 00 00 00 00 00 00 00 00 00 00 00 00 00 00 00 00 00
                  00 00 00 00 00 00 00 00 00 00 00 19 00 00 00 7e 00 00 00 e4
                  00 00 00 ff 00 00 00 ff 00 00 00 ff 00 00 00 ff 00 00 00 ff
                  00 00 00 ff 00 00 00 ff 00 00 00 ff 00 00 00 ff 00 00 00 ff
                  00 00 00 ff 00 00 00 ff 00 00 00 ff 00 00 00 ff 00 00 00 ff
                  00 00 00 ff 00 00 00 ff 00 00 00 ff 00 00 00 ff 00 00 00 ff
                  00 00 00 ff 00 00 00 ff 00 00 00 ff 00 00 00 ff 00 00 00 ff
                  00 00 00 ff 00 00 00 ff 00 00 00 ff 00 00 00 ff 00 00 00 ff
                  00 00 00 d9 00 00 00 70 00 00 00 11 00 00 00 00 00 00 00 00
                  00 00 00 00 00 00 00 00 00 00 00 00 00 00 00 00 00 00 00 00
                  00 00 00 00 00 00 00 00 00 00 00 00 00 00 00 00 00 00 00 00
                  00 00 00 00 00 00 00 00 00 00 00 00 00 00 00 00 00 00 00 00
                  00 00 00 00 00 00 00 00 00 00 00 00 00 00 00 00 00 00 00 00
                  00 00 00 00 00 00 00 00 00 00 00 00 00 00 00 00 00 00 00 00
                  00 00 00 00 00 00 00 00 00 00 00 00 00 00 00 00 00 00 00 00
                  00 00 00 00 00 00 00 00 00 00 00 00 00 00 00 00 00 00 00 00
                  00 00 00 00 00 00 00 00 00 00 00 00 00 00 00 00 00 00 00 00
                  00 00 00 00 00 00 00 00 00 00 00 00 00 00 00 00 00 00 00 00
                  00 00 00 00 00 00 00 00 00 00 00 00 00 00 00 00 00 00 00 00
                  00 00 00 00 00 00 00 00 00 00 00 00 00 00 00 00 00 00 00 00
                  00 00 00 00 00 00 00 00 00 00 00 00 00 00 00 00 00 00 00 00
                  00 00 00 00 00 00 00 00 00 00 00 00 00 00 00 00 00 00 00 00
                  00 00 00 00 00 00 00 00 00 00 00 00 00 00 00 00 00 00 00 00
                  00 00 00 00 00 00 00 00 00 00 00 00 00 00 00 00 00 00 00 00
                  00 00 00 00 00 00 00 00 00 00 00 00 00 00 00 00 00 00 00 00
                  00 00 00 00 00 00 00 00 00 00 00 00 00 00 00 00 00 00 00 00
                  00 00 00 00 00 00 00 00 00 00 00 00 00 00 00 00 00 00 00 00
                  00 00 00 00 00 00 00 00 00 00 00 04 00 00 00 51 00 00 00 bb
                  00 00 00 ff 00 00 00 ff 00 00 00 ff 00 00 00 ff 00 00 00 ff
                  00 00 00 ff 00 00 00 ff 00 00 00 ff 00 00 00 ff 00 00 00 ff
                  00 00 00 ff 00 00 00 ff 00 00 00 ff 00 00 00 ff 00 00 00 ff
                  00 00 00 ff 00 00 00 ff 00 00 00 ff 00 00 00 ff 00 00 00 ff
                  00 00 00 ff 00 00 00 ff 00 00 00 ff 00 00 00 ff 00 00 00 ff
                  00 00 00 fb 00 00 00 ac 00 00 00 42 00 00 00 01 00 00 00 00
                  00 00 00 00 00 00 00 00 00 00 00 00 00 00 00 00 00 00 00 00
                  00 00 00 00 00 00 00 00 00 00 00 00 00 00 00 00 00 00 00 00
                  00 00 00 00 00 00 00 00 00 00 00 00 00 00 00 00 00 00 00 00
                  00 00 00 00 00 00 00 00 00 00 00 00 00 00 00 00 00 00 00 00
                  00 00 00 00 00 00 00 00 00 00 00 00 00 00 00 00 00 00 00 00
                  00 00 00 00 00 00 00 00 00 00 00 00 00 00 00 00 00 00 00 00
                  00 00 00 00 00 00 00 00 00 00 00 00 00 00 00 00 00 00 00 00
                  00 00 00 00 00 00 00 00 00 00 00 00 00 00 00 00 00 00 00 00
                  00 00 00 00 00 00 00 00 00 00 00 00 00 00 00 00 00 00 00 00
                  00 00 00 00 00 00 00 00 00 00 00 00 00 00 00 00 00 00 00 00
                  00 00 00 00 00 00 00 00 00 00 00 00 00 00 00 00 00 00 00 00
                  00 00 00 00 00 00 00 00 00 00 00 00 00 00 00 00 00 00 00 00
                  00 00 00 00 00 00 00 00 00 00 00 00 00 00 00 00 00 00 00 00
                  00 00 00 00 00 00 00 00 00 00 00 00 00 00 00 00 00 00 00 00
                  00 00 00 00 00 00 00 00 00 00 00 00 00 00 00 00 00 00 00 00
                  00 00 00 00 00 00 00 00 00 00 00 00 00 00 00 00 00 00 00 00
                  00 00 00 00 00 00 00 00 00 00 00 00 00 00 00 00 00 00 00 00
                  00 00 00 00 00 00 00 00 00 00 00 00 00 00 00 00 00 00 00 00
                  00 00 00 00 00 00 00 00 00 00 00 00 00 00 00 00 00 00 00 00
                  00 00 00 00 00 00 00 00 00 00 00 00 00 00 00 26 00 00 00 8f
                  00 00 00 ee 00 00 00 ff 00 00 00 ff 00 00 00 ff 00 00 00 ff
                  00 00 00 ff 00 00 00 ff 00 00 00 ff 00 00 00 ff 00 00 00 ff
                  00 00 00 ff 00 00 00 ff 00 00 00 ff 00 00 00 ff 00 00 00 ff
                  00 00 00 ff 00 00 00 ff 00 00 00 ff 00 00 00 ff 00 00 00 ff
                  00 00 00 ff 00 00 00 e3 00 00 00 7e 00 00 00 1a 00 00 00 00
                  00 00 00 00 00 00 00 00 00 00 00 00 00 00 00 00 00 00 00 00
                  00 00 00 00 00 00 00 00 00 00 00 00 00 00 00 00 00 00 00 00
                  00 00 00 00 00 00 00 00 00 00 00 00 00 00 00 00 00 00 00 00
                  00 00 00 00 00 00 00 00 00 00 00 00 00 00 00 00 00 00 00 00
                  00 00 00 00 00 00 00 00 00 00 00 00 00 00 00 00 00 00 00 00
                  00 00 00 00 00 00 00 00 00 00 00 00 00 00 00 00 00 00 00 00
                  00 00 00 00 00 00 00 00 00 00 00 00 00 00 00 00 00 00 00 00
                  00 00 00 00 00 00 00 00 00 00 00 00 00 00 00 00 00 00 00 00
                  00 00 00 00 00 00 00 00 00 00 00 00 00 00 00 00 00 00 00 00
                  00 00 00 00 00 00 00 00 00 00 00 00 00 00 00 00 00 00 00 00
                  00 00 00 00 00 00 00 00 00 00 00 00 00 00 00 00 00 00 00 00
                  00 00 00 00 00 00 00 00 00 00 00 00 00 00 00 00 00 00 00 00
                  00 00 00 00 00 00 00 00 00 00 00 00 00 00 00 00 00 00 00 00
                  00 00 00 00 00 00 00 00 00 00 00 00 00 00 00 00 00 00 00 00
                  00 00 00 00 00 00 00 00 00 00 00 00 00 00 00 00 00 00 00 00
                  00 00 00 00 00 00 00 00 00 00 00 00 00 00 00 00 00 00 00 00
                  00 00 00 00 00 00 00 00 00 00 00 00 00 00 00 00 00 00 00 00
                  00 00 00 00 00 00 00 00 00 00 00 00 00 00 00 00 00 00 00 00
                  00 00 00 00 00 00 00 00 00 00 00 00 00 00 00 00 00 00 00 00
                  00 00 00 00 00 00 00 00 00 00 00 00 00 00 00 00 00 00 00 00
                  00 00 00 00 00 00 00 00 00 00 00 00 00 00 00 0a 00 00 00 61
                  00 00 00 cc 00 00 00 ff 00 00 00 ff 00 00 00 ff 00 00 00 ff
                  00 00 00 ff 00 00 00 ff 00 00 00 ff 00 00 00 ff 00 00 00 ff
                  00 00 00 ff 00 00 00 ff 00 00 00 ff 00 00 00 ff 00 00 00 ff
                  00 00 00 ff 00 00 00 fe 00 00 00 ba 00 00 00 50 00 00 00 04
                  00 00 00 00 00 00 00 00 00 00 00 00 00 00 00 00 00 00 00 00
                  00 00 00 00 00 00 00 00 00 00 00 00 00 00 00 00 00 00 00 00
                  00 00 00 00 00 00 00 00 00 00 00 00 00 00 00 00 00 00 00 00
                  00 00 00 00 00 00 00 00 00 00 00 00 00 00 00 00 00 00 00 00
                  00 00 00 00 00 00 00 00 00 00 00 00 00 00 00 00 00 00 00 00
                  00 00 00 00 00 00 00 00 00 00 00 00 00 00 00 00 00 00 00 00
                  00 00 00 00 00 00 00 00 00 00 00 00 00 00 00 00 00 00 00 00
                  00 00 00 00 00 00 00 00 00 00 00 00 00 00 00 00 00 00 00 00
                  00 00 00 00 00 00 00 00 00 00 00 00 00 00 00 00 00 00 00 00
                  00 00 00 00 00 00 00 00 00 00 00 00 00 00 00 00 00 00 00 00
                  00 00 00 00 00 00 00 00 00 00 00 00 00 00 00 00 00 00 00 00
                  00 00 00 00 00 00 00 00 00 00 00 00 00 00 00 00 00 00 00 00
                  00 00 00 00 00 00 00 00 00 00 00 00 00 00 00 00 00 00 00 00
                  00 00 00 00 00 00 00 00 00 00 00 00 00 00 00 00 00 00 00 00
                  00 00 00 00 00 00 00 00 00 00 00 00 00 00 00 00 00 00 00 00
                  00 00 00 00 00 00 00 00 00 00 00 00 00 00 00 00 00 00 00 00
                  00 00 00 00 00 00 00 00 00 00 00 00 00 00 00 00 00 00 00 00
                  00 00 00 00 00 00 00 00 00 00 00 00 00 00 00 00 00 00 00 00
                  00 00 00 00 00 00 00 00 00 00 00 00 00 00 00 00 00 00 00 00
                  00 00 00 00 00 00 00 00 00 00 00 00 00 00 00 00 00 00 00 00
                  00 00 00 00 00 00 00 00 00 00 00 00 00 00 00 00 00 00 00 00
                  00 00 00 00 00 00 00 00 00 00 00 00 00 00 00 00 00 00 00 35
                  00 00 00 9f 00 00 00 f6 00 00 00 ff 00 00 00 ff 00 00 00 ff
                  00 00 00 ff 00 00 00 ff 00 00 00 ff 00 00 00 ff 00 00 00 ff
                  00 00 00 ff 00 00 00 ff 00 00 00 ed 00 00 00 8c 00 00 00 24
                  00 00 00 00 00 00 00 00 00 00 00 00 00 00 00 00 00 00 00 00
                  00 00 00 00 00 00 00 00 00 00 00 00 00 00 00 00 00 00 00 00
                  00 00 00 00 00 00 00 00 00 00 00 00 00 00 00 00 00 00 00 00
                  00 00 00 00 00 00 00 00 00 00 00 00 00 00 00 00 00 00 00 00
                  00 00 00 00 00 00 00 00 00 00 00 00 00 00 00 00 00 00 00 00
                  00 00 00 00 00 00 00 00 00 00 00 00 00 00 00 00 00 00 00 00
                  00 00 00 00 00 00 00 00 00 00 00 00 00 00 00 00 00 00 00 00
                  00 00 00 00 00 00 00 00 00 00 00 00 00 00 00 00 00 00 00 00
                  00 00 00 00 00 00 00 00 00 00 00 00 00 00 00 00 00 00 00 00
                  00 00 00 00 00 00 00 00 00 00 00 00 00 00 00 00 00 00 00 00
                  00 00 00 00 00 00 00 00 00 00 00 00 00 00 00 00 00 00 00 00
                  00 00 00 00 00 00 00 00 00 00 00 00 00 00 00 00 00 00 00 00
                  00 00 00 00 00 00 00 00 00 00 00 00 00 00 00 00 00 00 00 00
                  00 00 00 00 00 00 00 00 00 00 00 00 00 00 00 00 00 00 00 00
                  00 00 00 00 00 00 00 00 00 00 00 00 00 00 00 00 00 00 00 00
                  00 00 00 00 00 00 00 00 00 00 00 00 00 00 00 00 00 00 00 00
                  00 00 00 00 00 00 00 00 00 00 00 00 00 00 00 00 00 00 00 00
                  00 00 00 00 00 00 00 00 00 00 00 00 00 00 00 00 00 00 00 00
                  00 00 00 00 00 00 00 00 00 00 00 00 00 00 00 00 00 00 00 00
                  00 00 00 00 00 00 00 00 00 00 00 00 00 00 00 00 00 00 00 00
                  00 00 00 00 00 00 00 00 00 00 00 00 00 00 00 00 00 00 00 00
                  00 00 00 00 00 00 00 00 00 00 00 00 00 00 00 00 00 00 00 00
                  00 00 00 00 00 00 00 00 00 00 00 00 00 00 00 00 00 00 00 11
                  00 00 00 5e 00 00 00 a2 00 00 00 d4 00 00 00 f6 00 00 00 ff
                  00 00 00 ff 00 00 00 ed 00 00 00 c3 00 00 00 8a 00 00 00 50
                  00 00 00 08 00 00 00 00 00 00 00 00 00 00 00 00 00 00 00 00
                  00 00 00 00 00 00 00 00 00 00 00 00 00 00 00 00 00 00 00 00
                  00 00 00 00 00 00 00 00 00 00 00 00 00 00 00 00 00 00 00 00
                  00 00 00 00 00 00 00 00 00 00 00 00 00 00 00 00 00 00 00 00
                  00 00 00 00 00 00 00 00 00 00 00 00 00 00 00 00 00 00 00 00
                  00 00 00 00 00 00 00 00 00 00 00 00 00 00 00 00 00 00 00 00
                  00 00 00 00 00 00 00 00 00 00 00 00 00 00 00 00 00 00 00 00
                  00 00 00 00 00 00 00 00 00 00 00 00 00 00 00 00 00 00 00 00
                  00 00 00 00 00 00 00 00 00 00 00 00 00 00 00 00 00 00 00 00
                  00 00 00 00 00 00 00 00 00 00 00 00 00 00 00 00 00 00 00 00
                  00 00 00 00 00 00 00 00 00 00 00 00 00 00 00 00 00 00 00 00
                  00 00 00 00 00 00 00 00 00 00 00 00 00 00 00 00
               ]
            }
      )
      dict entry(
         string "sender-pid"
         variant             int64 459019
      )
   ]
   int32 -1
signal time=1773323153.741117 sender=:1.5 -> destination=(null destination) serial=210 path=/org/freedesktop/Notifications; interface=org.freedesktop.Notifications; member=NotificationClosed
   uint32 39
   uint32 1
method call time=1773323180.587524 sender=:1.529 -> destination=:1.5 serial=554 path=/org/freedesktop/Notifications; interface=org.freedesktop.Notifications; member=Notify
   string "LibreWolf"
   uint32 0
   string ""
   string "Windscribe"
   string "Connection to Windscribe has been terminated"
   array [
      string "default"
      string "Activate"
   ]
   array [
      dict entry(
         string "desktop-entry"
         variant             string "LibreWolf"
      )
      dict entry(
         string "suppress-sound"
         variant             boolean false
      )
      dict entry(
         string "image-data"
         variant             struct {
               int32 128
               int32 128
               int32 512
               boolean true
               int32 8
               int32 4
               array of bytes [
                  00 00 00 00 00 00 00 00 00 00 00 00 00 00 00 00 00 00 00 00
                  00 00 00 00 00 00 00 00 00 00 00 00 00 00 00 00 00 00 00 00
                  00 00 00 00 00 00 00 00 00 00 00 00 00 00 00 00 00 00 00 00
                  00 00 00 00 00 00 00 00 00 00 00 00 00 00 00 00 00 00 00 00
                  00 00 00 00 00 00 00 00 00 00 00 00 00 00 00 00 00 00 00 00
                  00 00 00 00 00 00 00 00 00 00 00 00 00 00 00 00 00 00 00 00
                  00 00 00 00 00 00 00 00 00 00 00 00 00 00 00 00 00 00 00 00
                  00 00 00 00 00 00 00 00 00 00 00 00 00 00 00 00 00 00 00 00
                  00 00 00 00 00 00 00 00 00 00 00 00 00 00 00 00 00 00 00 00
                  00 00 00 00 00 00 00 00 00 00 00 00 00 00 00 00 00 00 00 00
                  00 00 00 00 00 00 00 00 00 00 00 00 00 00 00 00 00 00 00 00
                  00 00 00 00 00 00 00 00 00 00 00 00 00 00 00 0d 00 00 00 54
                  00 00 00 90 00 00 00 c8 00 00 00 ef 00 00 00 ff 00 00 00 ff
                  00 00 00 ee 00 00 00 c4 00 00 00 83 00 00 00 30 00 00 00 00
                  00 00 00 00 00 00 00 00 00 00 00 00 00 00 00 00 00 00 00 00
                  00 00 00 00 00 00 00 00 00 00 00 00 00 00 00 00 00 00 00 00
                  00 00 00 00 00 00 00 00 00 00 00 00 00 00 00 00 00 00 00 00
                  00 00 00 00 00 00 00 00 00 00 00 00 00 00 00 00 00 00 00 00
                  00 00 00 00 00 00 00 00 00 00 00 00 00 00 00 00 00 00 00 00
                  00 00 00 00 00 00 00 00 00 00 00 00 00 00 00 00 00 00 00 00
                  00 00 00 00 00 00 00 00 00 00 00 00 00 00 00 00 00 00 00 00
                  00 00 00 00 00 00 00 00 00 00 00 00 00 00 00 00 00 00 00 00
                  00 00 00 00 00 00 00 00 00 00 00 00 00 00 00 00 00 00 00 00
                  00 00 00 00 00 00 00 00 00 00 00 00 00 00 00 00 00 00 00 00
                  00 00 00 00 00 00 00 00 00 00 00 00 00 00 00 00 00 00 00 00
                  00 00 00 00 00 00 00 00 00 00 00 00 00 00 00 00 00 00 00 00
                  00 00 00 00 00 00 00 00 00 00 00 00 00 00 00 00 00 00 00 00
                  00 00 00 00 00 00 00 00 00 00 00 00 00 00 00 00 00 00 00 00
                  00 00 00 00 00 00 00 00 00 00 00 00 00 00 00 00 00 00 00 00
                  00 00 00 00 00 00 00 00 00 00 00 00 00 00 00 00 00 00 00 00
                  00 00 00 00 00 00 00 00 00 00 00 00 00 00 00 00 00 00 00 00
                  00 00 00 00 00 00 00 00 00 00 00 00 00 00 00 00 00 00 00 00
                  00 00 00 00 00 00 00 00 00 00 00 00 00 00 00 00 00 00 00 00
                  00 00 00 00 00 00 00 00 00 00 00 00 00 00 00 00 00 00 00 00
                  00 00 00 00 00 00 00 00 00 00 00 00 00 00 00 00 00 00 00 00
                  00 00 00 00 00 00 00 00 00 00 00 00 00 00 00 00 00 00 00 00
                  00 00 00 00 00 00 00 00 00 00 00 00 00 00 00 00 00 00 00 29
                  00 00 00 93 00 00 00 f2 00 00 00 ff 00 00 00 ff 00 00 00 ff
                  00 00 00 ff 00 00 00 ff 00 00 00 ff 00 00 00 ff 00 00 00 ff
                  00 00 00 ff 00 00 00 ff 00 00 00 cf 00 00 00 66 00 00 00 0b
                  00 00 00 00 00 00 00 00 00 00 00 00 00 00 00 00 00 00 00 00
                  00 00 00 00 00 00 00 00 00 00 00 00 00 00 00 00 00 00 00 00
                  00 00 00 00 00 00 00 00 00 00 00 00 00 00 00 00 00 00 00 00
                  00 00 00 00 00 00 00 00 00 00 00 00 00 00 00 00 00 00 00 00
                  00 00 00 00 00 00 00 00 00 00 00 00 00 00 00 00 00 00 00 00
                  00 00 00 00 00 00 00 00 00 00 00 00 00 00 00 00 00 00 00 00
                  00 00 00 00 00 00 00 00 00 00 00 00 00 00 00 00 00 00 00 00
                  00 00 00 00 00 00 00 00 00 00 00 00 00 00 00 00 00 00 00 00
                  00 00 00 00 00 00 00 00 00 00 00 00 00 00 00 00 00 00 00 00
                  00 00 00 00 00 00 00 00 00 00 00 00 00 00 00 00 00 00 00 00
                  00 00 00 00 00 00 00 00 00 00 00 00 00 00 00 00 00 00 00 00
                  00 00 00 00 00 00 00 00 00 00 00 00 00 00 00 00 00 00 00 00
                  00 00 00 00 00 00 00 00 00 00 00 00 00 00 00 00 00 00 00 00
                  00 00 00 00 00 00 00 00 00 00 00 00 00 00 00 00 00 00 00 00
                  00 00 00 00 00 00 00 00 00 00 00 00 00 00 00 00 00 00 00 00
                  00 00 00 00 00 00 00 00 00 00 00 00 00 00 00 00 00 00 00 00
                  00 00 00 00 00 00 00 00 00 00 00 00 00 00 00 00 00 00 00 00
                  00 00 00 00 00 00 00 00 00 00 00 00 00 00 00 00 00 00 00 00
                  00 00 00 00 00 00 00 00 00 00 00 00 00 00 00 00 00 00 00 00
                  00 00 00 00 00 00 00 00 00 00 00 00 00 00 00 00 00 00 00 00
                  00 00 00 00 00 00 00 00 00 00 00 00 00 00 00 00 00 00 00 00
                  00 00 00 00 00 00 00 00 00 00 00 00 00 00 00 00 00 00 00 03
                  00 00 00 50 00 00 00 bc 00 00 00 ff 00 00 00 ff 00 00 00 ff
                  00 00 00 ff 00 00 00 ff 00 00 00 ff 00 00 00 ff 00 00 00 ff
                  00 00 00 ff 00 00 00 ff 00 00 00 ff 00 00 00 ff 00 00 00 ff
                  00 00 00 ff 00 00 00 ff 00 00 00 f2 00 00 00 93 00 00 00 2a
                  00 00 00 00 00 00 00 00 00 00 00 00 00 00 00 00 00 00 00 00
                  00 00 00 00 00 00 00 00 00 00 00 00 00 00 00 00 00 00 00 00
                  00 00 00 00 00 00 00 00 00 00 00 00 00 00 00 00 00 00 00 00
                  00 00 00 00 00 00 00 00 00 00 00 00 00 00 00 00 00 00 00 00
                  00 00 00 00 00 00 00 00 00 00 00 00 00 00 00 00 00 00 00 00
                  00 00 00 00 00 00 00 00 00 00 00 00 00 00 00 00 00 00 00 00
                  00 00 00 00 00 00 00 00 00 00 00 00 00 00 00 00 00 00 00 00
                  00 00 00 00 00 00 00 00 00 00 00 00 00 00 00 00 00 00 00 00
                  00 00 00 00 00 00 00 00 00 00 00 00 00 00 00 00 00 00 00 00
                  00 00 00 00 00 00 00 00 00 00 00 00 00 00 00 00 00 00 00 00
                  00 00 00 00 00 00 00 00 00 00 00 00 00 00 00 00 00 00 00 00
                  00 00 00 00 00 00 00 00 00 00 00 00 00 00 00 00 00 00 00 00
                  00 00 00 00 00 00 00 00 00 00 00 00 00 00 00 00 00 00 00 00
                  00 00 00 00 00 00 00 00 00 00 00 00 00 00 00 00 00 00 00 00
                  00 00 00 00 00 00 00 00 00 00 00 00 00 00 00 00 00 00 00 00
                  00 00 00 00 00 00 00 00 00 00 00 00 00 00 00 00 00 00 00 00
                  00 00 00 00 00 00 00 00 00 00 00 00 00 00 00 00 00 00 00 00
                  00 00 00 00 00 00 00 00 00 00 00 00 00 00 00 00 00 00 00 00
                  00 00 00 00 00 00 00 00 00 00 00 00 00 00 00 00 00 00 00 00
                  00 00 00 00 00 00 00 00 00 00 00 00 00 00 00 00 00 00 00 00
                  00 00 00 00 00 00 00 00 00 00 00 00 00 00 00 00 00 00 00 00
                  00 00 00 15 00 00 00 78 00 00 00 e1 00 00 00 ff 00 00 00 ff
                  00 00 00 ff 00 00 00 ff 00 00 00 ff 00 00 00 ff 00 00 00 ff
                  00 00 00 ff 00 00 00 ff 00 00 00 ff 00 00 00 ff 00 00 00 ff
                  00 00 00 ff 00 00 00 ff 00 00 00 ff 00 00 00 ff 00 00 00 ff
                  00 00 00 ff 00 00 00 ff 00 00 00 ff 00 00 00 c0 00 00 00 57
                  00 00 00 06 00 00 00 00 00 00 00 00 00 00 00 00 00 00 00 00
                  00 00 00 00 00 00 00 00 00 00 00 00 00 00 00 00 00 00 00 00
                  00 00 00 00 00 00 00 00 00 00 00 00 00 00 00 00 00 00 00 00
                  00 00 00 00 00 00 00 00 00 00 00 00 00 00 00 00 00 00 00 00
                  00 00 00 00 00 00 00 00 00 00 00 00 00 00 00 00 00 00 00 00
                  00 00 00 00 00 00 00 00 00 00 00 00 00 00 00 00 00 00 00 00
                  00 00 00 00 00 00 00 00 00 00 00 00 00 00 00 00 00 00 00 00
                  00 00 00 00 00 00 00 00 00 00 00 00 00 00 00 00 00 00 00 00
                  00 00 00 00 00 00 00 00 00 00 00 00 00 00 00 00 00 00 00 00
                  00 00 00 00 00 00 00 00 00 00 00 00 00 00 00 00 00 00 00 00
                  00 00 00 00 00 00 00 00 00 00 00 00 00 00 00 00 00 00 00 00
                  00 00 00 00 00 00 00 00 00 00 00 00 00 00 00 00 00 00 00 00
                  00 00 00 00 00 00 00 00 00 00 00 00 00 00 00 00 00 00 00 00
                  00 00 00 00 00 00 00 00 00 00 00 00 00 00 00 00 00 00 00 00
                  00 00 00 00 00 00 00 00 00 00 00 00 00 00 00 00 00 00 00 00
                  00 00 00 00 00 00 00 00 00 00 00 00 00 00 00 00 00 00 00 00
                  00 00 00 00 00 00 00 00 00 00 00 00 00 00 00 00 00 00 00 00
                  00 00 00 00 00 00 00 00 00 00 00 00 00 00 00 00 00 00 00 00
                  00 00 00 00 00 00 00 00 00 00 00 00 00 00 00 00 00 00 00 00
                  00 00 00 00 00 00 00 00 00 00 00 00 00 00 00 00 00 00 00 00
                  00 00 00 00 00 00 00 36 00 00 00 a1 00 00 00 f9 00 00 00 ff
                  00 00 00 ff 00 00 00 ff 00 00 00 ff 00 00 00 ff 00 00 00 ff
                  00 00 00 ff 00 00 00 ff 00 00 00 ff 00 00 00 ff 00 00 00 ff
                  00 00 00 ff 00 00 00 ff 00 00 00 ff 00 00 00 ff 00 00 00 ff
                  00 00 00 ff 00 00 00 ff 00 00 00 ff 00 00 00 ff 00 00 00 ff
                  00 00 00 ff 00 00 00 ff 00 00 00 ff 00 00 00 e8 00 00 00 84
                  00 00 00 1e 00 00 00 00 00 00 00 00 00 00 00 00 00 00 00 00
                  00 00 00 00 00 00 00 00 00 00 00 00 00 00 00 00 00 00 00 00
                  00 00 00 00 00 00 00 00 00 00 00 00 00 00 00 00 00 00 00 00
                  00 00 00 00 00 00 00 00 00 00 00 00 00 00 00 00 00 00 00 00
                  00 00 00 00 00 00 00 00 00 00 00 00 00 00 00 00 00 00 00 00
                  00 00 00 00 00 00 00 00 00 00 00 00 00 00 00 00 00 00 00 00
                  00 00 00 00 00 00 00 00 00 00 00 00 00 00 00 00 00 00 00 00
                  00 00 00 00 00 00 00 00 00 00 00 00 00 00 00 00 00 00 00 00
                  00 00 00 00 00 00 00 00 00 00 00 00 00 00 00 00 00 00 00 00
                  00 00 00 00 00 00 00 00 00 00 00 00 00 00 00 00 00 00 00 00
                  00 00 00 00 00 00 00 00 00 00 00 00 00 00 00 00 00 00 00 00
                  00 00 00 00 00 00 00 00 00 00 00 00 00 00 00 00 00 00 00 00
                  00 00 00 00 00 00 00 00 00 00 00 00 00 00 00 00 00 00 00 00
                  00 00 00 00 00 00 00 00 00 00 00 00 00 00 00 00 00 00 00 00
                  00 00 00 00 00 00 00 00 00 00 00 00 00 00 00 00 00 00 00 00
                  00 00 00 00 00 00 00 00 00 00 00 00 00 00 00 00 00 00 00 00
                  00 00 00 00 00 00 00 00 00 00 00 00 00 00 00 00 00 00 00 00
                  00 00 00 00 00 00 00 00 00 00 00 00 00 00 00 00 00 00 00 00
                  00 00 00 00 00 00 00 00 00 00 00 00 00 00 00 00 00 00 00 00
                  00 00 00 00 00 00 00 07 00 00 00 5f 00 00 00 ca 00 00 00 ff
                  00 00 00 ff 00 00 00 ff 00 00 00 ff 00 00 00 ff 00 00 00 ff
                  00 00 00 ff 00 00 00 ff 00 00 00 ff 00 00 00 ff 00 00 00 ff
                  00 00 00 ff 00 00 00 ff 00 00 00 ff 00 00 00 ff 00 00 00 ff
                  00 00 00 ff 00 00 00 ff 00 00 00 ff 00 00 00 ff 00 00 00 ff
                  00 00 00 ff 00 00 00 ff 00 00 00 ff 00 00 00 ff 00 00 00 ff
                  00 00 00 ff 00 00 00 ff 00 00 00 ff 00 00 00 fd 00 00 00 b1
                  00 00 00 48 00 00 00 02 00 00 00 00 00 00 00 00 00 00 00 00
                  00 00 00 00 00 00 00 00 00 00 00 00 00 00 00 00 00 00 00 00
                  00 00 00 00 00 00 00 00 00 00 00 00 00 00 00 00 00 00 00 00
                  00 00 00 00 00 00 00 00 00 00 00 00 00 00 00 00 00 00 00 00
                  00 00 00 00 00 00 00 00 00 00 00 00 00 00 00 00 00 00 00 00
                  00 00 00 00 00 00 00 00 00 00 00 00 00 00 00 00 00 00 00 00
                  00 00 00 00 00 00 00 00 00 00 00 00 00 00 00 00 00 00 00 00
                  00 00 00 00 00 00 00 00 00 00 00 00 00 00 00 00 00 00 00 00
                  00 00 00 00 00 00 00 00 00 00 00 00 00 00 00 00 00 00 00 00
                  00 00 00 00 00 00 00 00 00 00 00 00 00 00 00 00 00 00 00 00
                  00 00 00 00 00 00 00 00 00 00 00 00 00 00 00 00 00 00 00 00
                  00 00 00 00 00 00 00 00 00 00 00 00 00 00 00 00 00 00 00 00
                  00 00 00 00 00 00 00 00 00 00 00 00 00 00 00 00 00 00 00 00
                  00 00 00 00 00 00 00 00 00 00 00 00 00 00 00 00 00 00 00 00
                  00 00 00 00 00 00 00 00 00 00 00 00 00 00 00 00 00 00 00 00
                  00 00 00 00 00 00 00 00 00 00 00 00 00 00 00 00 00 00 00 00
                  00 00 00 00 00 00 00 00 00 00 00 00 00 00 00 00 00 00 00 00
                  00 00 00 00 00 00 00 00 00 00 00 00 00 00 00 00 00 00 00 00
                  00 00 00 00 00 00 00 00 00 00 00 1f 00 00 00 87 00 00 00 eb
                  00 00 00 ff 00 00 00 ff 00 00 00 ff 00 00 00 ff 00 00 00 ff
                  00 00 00 ff 00 00 00 ff 00 00 00 ff 00 00 00 ff 00 00 00 ff
                  00 00 00 ff 00 00 00 ff 07 07 07 ff 5b 5b 5b ff a7 a7 a7 ff
                  dd dd dd ff f9 f9 f9 ff fe fe fe ff d8 d8 d8 ff 88 88 88 ff
                  2d 2d 2d ff 00 00 00 ff 00 00 00 ff 00 00 00 ff 00 00 00 ff
                  00 00 00 ff 00 00 00 ff 00 00 00 ff 00 00 00 ff 00 00 00 ff
                  00 00 00 ff 00 00 00 ff 00 00 00 ff 00 00 00 ff 00 00 00 dd
                  00 00 00 75 00 00 00 14 00 00 00 00 00 00 00 00 00 00 00 00
                  00 00 00 00 00 00 00 00 00 00 00 00 00 00 00 00 00 00 00 00
                  00 00 00 00 00 00 00 00 00 00 00 00 00 00 00 00 00 00 00 00
                  00 00 00 00 00 00 00 00 00 00 00 00 00 00 00 00 00 00 00 00
                  00 00 00 00 00 00 00 00 00 00 00 00 00 00 00 00 00 00 00 00
                  00 00 00 00 00 00 00 00 00 00 00 00 00 00 00 00 00 00 00 00
                  00 00 00 00 00 00 00 00 00 00 00 00 00 00 00 00 00 00 00 00
                  00 00 00 00 00 00 00 00 00 00 00 00 00 00 00 00 00 00 00 00
                  00 00 00 00 00 00 00 00 00 00 00 00 00 00 00 00 00 00 00 00
                  00 00 00 00 00 00 00 00 00 00 00 00 00 00 00 00 00 00 00 00
                  00 00 00 00 00 00 00 00 00 00 00 00 00 00 00 00 00 00 00 00
                  00 00 00 00 00 00 00 00 00 00 00 00 00 00 00 00 00 00 00 00
                  00 00 00 00 00 00 00 00 00 00 00 00 00 00 00 00 00 00 00 00
                  00 00 00 00 00 00 00 00 00 00 00 00 00 00 00 00 00 00 00 00
                  00 00 00 00 00 00 00 00 00 00 00 00 00 00 00 00 00 00 00 00
                  00 00 00 00 00 00 00 00 00 00 00 00 00 00 00 00 00 00 00 00
                  00 00 00 00 00 00 00 00 00 00 00 00 00 00 00 00 00 00 00 00
                  00 00 00 00 00 00 00 00 00 00 00 01 00 00 00 44 00 00 00 b0
                  00 00 00 fd 00 00 00 ff 00 00 00 ff 00 00 00 ff 00 00 00 ff
                  00 00 00 ff 00 00 00 ff 00 00 00 ff 00 00 00 ff 00 00 00 ff
                  00 00 00 ff 00 00 00 ff 00 00 00 ff 1d 1d 1d ff 85 85 85 ff
                  ea ea ea ff ff ff ff ff ff ff ff ff ff ff ff ff ff ff ff ff
                  ff ff ff ff ff ff ff ff ff ff ff ff ff ff ff ff c4 c4 c4 ff
                  5b 5b 5b ff 07 07 07 ff 00 00 00 ff 00 00 00 ff 00 00 00 ff
                  00 00 00 ff 00 00 00 ff 00 00 00 ff 00 00 00 ff 00 00 00 ff
                  00 00 00 ff 00 00 00 ff 00 00 00 ff 00 00 00 ff 00 00 00 f8
                  00 00 00 a2 00 00 00 39 00 00 00 00 00 00 00 00 00 00 00 00
                  00 00 00 00 00 00 00 00 00 00 00 00 00 00 00 00 00 00 00 00
                  00 00 00 00 00 00 00 00 00 00 00 00 00 00 00 00 00 00 00 00
                  00 00 00 00 00 00 00 00 00 00 00 00 00 00 00 00 00 00 00 00
                  00 00 00 00 00 00 00 00 00 00 00 00 00 00 00 00 00 00 00 00
                  00 00 00 00 00 00 00 00 00 00 00 00 00 00 00 00 00 00 00 00
                  00 00 00 00 00 00 00 00 00 00 00 00 00 00 00 00 00 00 00 00
                  00 00 00 00 00 00 00 00 00 00 00 00 00 00 00 00 00 00 00 00
                  00 00 00 00 00 00 00 00 00 00 00 00 00 00 00 00 00 00 00 00
                  00 00 00 00 00 00 00 00 00 00 00 00 00 00 00 00 00 00 00 00
                  00 00 00 00 00 00 00 00 00 00 00 00 00 00 00 00 00 00 00 00
                  00 00 00 00 00 00 00 00 00 00 00 00 00 00 00 00 00 00 00 00
                  00 00 00 00 00 00 00 00 00 00 00 00 00 00 00 00 00 00 00 00
                  00 00 00 00 00 00 00 00 00 00 00 00 00 00 00 00 00 00 00 00
                  00 00 00 00 00 00 00 00 00 00 00 00 00 00 00 00 00 00 00 00
                  00 00 00 00 00 00 00 00 00 00 00 00 00 00 00 00 00 00 00 00
                  00 00 00 00 00 00 00 00 00 00 00 00 00 00 00 0e 00 00 00 6d
                  00 00 00 d7 00 00 00 ff 00 00 00 ff 00 00 00 ff 00 00 00 ff
                  00 00 00 ff 00 00 00 ff 00 00 00 ff 00 00 00 ff 00 00 00 ff
                  00 00 00 ff 00 00 00 ff 00 00 00 ff 01 01 01 ff 41 41 41 ff
                  ae ae ae ff fc fc fc ff ff ff ff ff ff ff ff ff ff ff ff ff
                  ff ff ff ff ff ff ff ff ff ff ff ff ff ff ff ff ff ff ff ff
                  ff ff ff ff ff ff ff ff ff ff ff ff ff ff ff ff ea ea ea ff
                  88 88 88 ff 21 21 21 ff 00 00 00 ff 00 00 00 ff 00 00 00 ff
                  00 00 00 ff 00 00 00 ff 00 00 00 ff 00 00 00 ff 00 00 00 ff
                  00 00 00 ff 00 00 00 ff 00 00 00 ff 00 00 00 ff 00 00 00 ff
                  00 00 00 d0 00 00 00 66 00 00 00 0b 00 00 00 00 00 00 00 00
                  00 00 00 00 00 00 00 00 00 00 00 00 00 00 00 00 00 00 00 00
                  00 00 00 00 00 00 00 00 00 00 00 00 00 00 00 00 00 00 00 00
                  00 00 00 00 00 00 00 00 00 00 00 00 00 00 00 00 00 00 00 00
                  00 00 00 00 00 00 00 00 00 00 00 00 00 00 00 00 00 00 00 00
                  00 00 00 00 00 00 00 00 00 00 00 00 00 00 00 00 00 00 00 00
                  00 00 00 00 00 00 00 00 00 00 00 00 00 00 00 00 00 00 00 00
                  00 00 00 00 00 00 00 00 00 00 00 00 00 00 00 00 00 00 00 00
                  00 00 00 00 00 00 00 00 00 00 00 00 00 00 00 00 00 00 00 00
                  00 00 00 00 00 00 00 00 00 00 00 00 00 00 00 00 00 00 00 00
                  00 00 00 00 00 00 00 00 00 00 00 00 00 00 00 00 00 00 00 00
                  00 00 00 00 00 00 00 00 00 00 00 00 00 00 00 00 00 00 00 00
                  00 00 00 00 00 00 00 00 00 00 00 00 00 00 00 00 00 00 00 00
                  00 00 00 00 00 00 00 00 00 00 00 00 00 00 00 00 00 00 00 00
                  00 00 00 00 00 00 00 00 00 00 00 00 00 00 00 00 00 00 00 00
                  00 00 00 00 00 00 00 00 00 00 00 00 00 00 00 00 00 00 00 2b
                  00 00 00 95 00 00 00 f3 00 00 00 ff 00 00 00 ff 00 00 00 ff
                  00 00 00 ff 00 00 00 ff 00 00 00 ff 00 00 00 ff 00 00 00 ff
                  00 00 00 ff 00 00 00 ff 00 00 00 ff 00 00 00 ff 0d 0d 0d ff
                  6b 6b 6b ff d5 d5 d5 ff ff ff ff ff ff ff ff ff ff ff ff ff
                  ff ff ff ff ff ff ff ff ff ff ff ff ff ff ff ff ff ff ff ff
                  ff ff ff ff ff ff ff ff ff ff ff ff ff ff ff ff ff ff ff ff
                  ff ff ff ff ff ff ff ff ff ff ff ff ff ff ff ff fe fe fe ff
                  b5 b5 b5 ff 4c 4c 4c ff 02 02 02 ff 00 00 00 ff 00 00 00 ff
                  00 00 00 ff 00 00 00 ff 00 00 00 ff 00 00 00 ff 00 00 00 ff
                  00 00 00 ff 00 00 00 ff 00 00 00 ff 00 00 00 ff 00 00 00 ff
                  00 00 00 f2 00 00 00 93 00 00 00 2a 00 00 00 00 00 00 00 00
                  00 00 00 00 00 00 00 00 00 00 00 00 00 00 00 00 00 00 00 00
                  00 00 00 00 00 00 00 00 00 00 00 00 00 00 00 00 00 00 00 00
                  00 00 00 00 00 00 00 00 00 00 00 00 00 00 00 00 00 00 00 00
                  00 00 00 00 00 00 00 00 00 00 00 00 00 00 00 00 00 00 00 00
                  00 00 00 00 00 00 00 00 00 00 00 00 00 00 00 00 00 00 00 00
                  00 00 00 00 00 00 00 00 00 00 00 00 00 00 00 00 00 00 00 00
                  00 00 00 00 00 00 00 00 00 00 00 00 00 00 00 00 00 00 00 00
                  00 00 00 00 00 00 00 00 00 00 00 00 00 00 00 00 00 00 00 00
                  00 00 00 00 00 00 00 00 00 00 00 00 00 00 00 00 00 00 00 00
                  00 00 00 00 00 00 00 00 00 00 00 00 00 00 00 00 00 00 00 00
                  00 00 00 00 00 00 00 00 00 00 00 00 00 00 00 00 00 00 00 00
                  00 00 00 00 00 00 00 00 00 00 00 00 00 00 00 00 00 00 00 00
                  00 00 00 00 00 00 00 00 00 00 00 00 00 00 00 00 00 00 00 00
                  00 00 00 00 00 00 00 00 00 00 00 00 00 00 00 00 00 00 00 04
                  00 00 00 52 00 00 00 bf 00 00 00 ff 00 00 00 ff 00 00 00 ff
                  00 00 00 ff 00 00 00 ff 00 00 00 ff 00 00 00 ff 00 00 00 ff
                  00 00 00 ff 00 00 00 ff 00 00 00 ff 00 00 00 ff 00 00 00 ff
                  29 29 29 ff 93 93 93 ff f2 f2 f2 ff ff ff ff ff ff ff ff ff
                  ff ff ff ff ff ff ff ff ff ff ff ff ff ff ff ff ff ff ff ff
                  ff ff ff ff ff ff ff ff ff ff ff ff ff ff ff ff ff ff ff ff
                  ff ff ff ff ff ff ff ff ff ff ff ff ff ff ff ff ff ff ff ff
                  ff ff ff ff ff ff ff ff ff ff ff ff ff ff ff ff ff ff ff ff
                  e0 e0 e0 ff 79 79 79 ff 16 16 16 ff 00 00 00 ff 00 00 00 ff
                  00 00 00 ff 00 00 00 ff 00 00 00 ff 00 00 00 ff 00 00 00 ff
                  00 00 00 ff 00 00 00 ff 00 00 00 ff 00 00 00 ff 00 00 00 ff
                  00 00 00 ff 00 00 00 c0 00 00 00 57 00 00 00 06 00 00 00 00
                  00 00 00 00 00 00 00 00 00 00 00 00 00 00 00 00 00 00 00 00
                  00 00 00 00 00 00 00 00 00 00 00 00 00 00 00 00 00 00 00 00
                  00 00 00 00 00 00 00 00 00 00 00 00 00 00 00 00 00 00 00 00
                  00 00 00 00 00 00 00 00 00 00 00 00 00 00 00 00 00 00 00 00
                  00 00 00 00 00 00 00 00 00 00 00 00 00 00 00 00 00 00 00 00
                  00 00 00 00 00 00 00 00 00 00 00 00 00 00 00 00 00 00 00 00
                  00 00 00 00 00 00 00 00 00 00 00 00 00 00 00 00 00 00 00 00
                  00 00 00 00 00 00 00 00 00 00 00 00 00 00 00 00 00 00 00 00
                  00 00 00 00 00 00 00 00 00 00 00 00 00 00 00 00 00 00 00 00
                  00 00 00 00 00 00 00 00 00 00 00 00 00 00 00 00 00 00 00 00
                  00 00 00 00 00 00 00 00 00 00 00 00 00 00 00 00 00 00 00 00
                  00 00 00 00 00 00 00 00 00 00 00 00 00 00 00 00 00 00 00 00
                  00 00 00 00 00 00 00 00 00 00 00 00 00 00 00 00 00 00 00 00
                  00 00 00 16 00 00 00 7b 00 00 00 e3 00 00 00 ff 00 00 00 ff
                  00 00 00 ff 00 00 00 ff 00 00 00 ff 00 00 00 ff 00 00 00 ff
                  00 00 00 ff 00 00 00 ff 00 00 00 ff 00 00 00 ff 00 00 00 ff
                  03 03 03 ff 50 50 50 ff bc bc bc ff ff ff ff ff ff ff ff ff
                  ff ff ff ff ff ff ff ff ff ff ff ff ff ff ff ff ff ff ff ff
                  ff ff ff ff ff ff ff ff ff ff ff ff ff ff ff ff ff ff ff ff
                  ff ff ff ff ff ff ff ff ff ff ff ff ff ff ff ff ff ff ff ff
                  ff ff ff ff ff ff ff ff ff ff ff ff ff ff ff ff ff ff ff ff
                  ff ff ff ff ff ff ff ff ff ff ff ff ff ff ff ff ff ff ff ff
                  fa fa fa ff a6 a6 a6 ff 3d 3d 3d ff 00 00 00 ff 00 00 00 ff
                  00 00 00 ff 00 00 00 ff 00 00 00 ff 00 00 00 ff 00 00 00 ff
                  00 00 00 ff 00 00 00 ff 00 00 00 ff 00 00 00 ff 00 00 00 ff
                  00 00 00 ff 00 00 00 e8 00 00 00 84 00 00 00 1e 00 00 00 00
                  00 00 00 00 00 00 00 00 00 00 00 00 00 00 00 00 00 00 00 00
                  00 00 00 00 00 00 00 00 00 00 00 00 00 00 00 00 00 00 00 00
                  00 00 00 00 00 00 00 00 00 00 00 00 00 00 00 00 00 00 00 00
                  00 00 00 00 00 00 00 00 00 00 00 00 00 00 00 00 00 00 00 00
                  00 00 00 00 00 00 00 00 00 00 00 00 00 00 00 00 00 00 00 00
                  00 00 00 00 00 00 00 00 00 00 00 00 00 00 00 00 00 00 00 00
                  00 00 00 00 00 00 00 00 00 00 00 00 00 00 00 00 00 00 00 00
                  00 00 00 00 00 00 00 00 00 00 00 00 00 00 00 00 00 00 00 00
                  00 00 00 00 00 00 00 00 00 00 00 00 00 00 00 00 00 00 00 00
                  00 00 00 00 00 00 00 00 00 00 00 00 00 00 00 00 00 00 00 00
                  00 00 00 00 00 00 00 00 00 00 00 00 00 00 00 00 00 00 00 00
                  00 00 00 00 00 00 00 00 00 00 00 00 00 00 00 00 00 00 00 00
                  00 00 00 00 00 00 00 38 00 00 00 a3 00 00 00 f9 00 00 00 ff
                  00 00 00 ff 00 00 00 ff 00 00 00 ff 00 00 00 ff 00 00 00 ff
                  00 00 00 ff 00 00 00 ff 00 00 00 ff 00 00 00 ff 00 00 00 ff
                  00 00 00 ff 15 15 15 ff 79 79 79 ff e1 e1 e1 ff ff ff ff ff
                  ff ff ff ff ff ff ff ff ff ff ff ff ff ff ff ff ff ff ff ff
                  ff ff ff ff ff ff ff ff ff ff ff ff ff ff ff ff ff ff ff ff
                  ff ff ff ff ff ff ff ff fa fa fa ff a7 a7 a7 ff 52 52 52 ff
                  42 42 42 ff 94 94 94 ff f2 f2 f2 ff ff ff ff ff ff ff ff ff
                  ff ff ff ff ff ff ff ff ff ff ff ff ff ff ff ff ff ff ff ff
                  ff ff ff ff ff ff ff ff ff ff ff ff ff ff ff ff ff ff ff ff
                  ff ff ff ff d3 d3 d3 ff 6a 6a 6a ff 0d 0d 0d ff 00 00 00 ff
                  00 00 00 ff 00 00 00 ff 00 00 00 ff 00 00 00 ff 00 00 00 ff
                  00 00 00 ff 00 00 00 ff 00 00 00 ff 00 00 00 ff 00 00 00 ff
                  00 00 00 ff 00 00 00 fd 00 00 00 b1 00 00 00 48 00 00 00 02
                  00 00 00 00 00 00 00 00 00 00 00 00 00 00 00 00 00 00 00 00
                  00 00 00 00 00 00 00 00 00 00 00 00 00 00 00 00 00 00 00 00
                  00 00 00 00 00 00 00 00 00 00 00 00 00 00 00 00 00 00 00 00
                  00 00 00 00 00 00 00 00 00 00 00 00 00 00 00 00 00 00 00 00
                  00 00 00 00 00 00 00 00 00 00 00 00 00 00 00 00 00 00 00 00
                  00 00 00 00 00 00 00 00 00 00 00 00 00 00 00 00 00 00 00 00
                  00 00 00 00 00 00 00 00 00 00 00 00 00 00 00 00 00 00 00 00
                  00 00 00 00 00 00 00 00 00 00 00 00 00 00 00 00 00 00 00 00
                  00 00 00 00 00 00 00 00 00 00 00 00 00 00 00 00 00 00 00 00
                  00 00 00 00 00 00 00 00 00 00 00 00 00 00 00 00 00 00 00 00
                  00 00 00 00 00 00 00 00 00 00 00 00 00 00 00 00 00 00 00 00
                  00 00 00 00 00 00 00 08 00 00 00 61 00 00 00 cd 00 00 00 ff
                  00 00 00 ff 00 00 00 ff 00 00 00 ff 00 00 00 ff 00 00 00 ff
                  00 00 00 ff 00 00 00 ff 00 00 00 ff 00 00 00 ff 00 00 00 ff
                  00 00 00 ff 00 00 00 ff 36 36 36 ff a1 a1 a1 ff f9 f9 f9 ff
                  ff ff ff ff ff ff ff ff ff ff ff ff ff ff ff ff ff ff ff ff
                  ff ff ff ff ff ff ff ff ff ff ff ff ff ff ff ff ff ff ff ff
                  ff ff ff ff ff ff ff ff ff ff ff ff e3 e3 e3 ff 7c 7c 7c ff
                  17 17 17 ff 00 00 00 ff 00 00 00 ff 00 00 00 ff 00 00 00 ff
                  0d 0d 0d ff 69 69 69 ff d4 d4 d4 ff ff ff ff ff ff ff ff ff
                  ff ff ff ff ff ff ff ff ff ff ff ff ff ff ff ff ff ff ff ff
                  ff ff ff ff ff ff ff ff ff ff ff ff ff ff ff ff ff ff ff ff
                  ff ff ff ff f3 f3 f3 ff 97 97 97 ff 2e 2e 2e ff 00 00 00 ff
                  00 00 00 ff 00 00 00 ff 00 00 00 ff 00 00 00 ff 00 00 00 ff
                  00 00 00 ff 00 00 00 ff 00 00 00 ff 00 00 00 ff 00 00 00 ff
                  00 00 00 ff 00 00 00 ff 00 00 00 dd 00 00 00 75 00 00 00 14
                  00 00 00 00 00 00 00 00 00 00 00 00 00 00 00 00 00 00 00 00
                  00 00 00 00 00 00 00 00 00 00 00 00 00 00 00 00 00 00 00 00
                  00 00 00 00 00 00 00 00 00 00 00 00 00 00 00 00 00 00 00 00
                  00 00 00 00 00 00 00 00 00 00 00 00 00 00 00 00 00 00 00 00
                  00 00 00 00 00 00 00 00 00 00 00 00 00 00 00 00 00 00 00 00
                  00 00 00 00 00 00 00 00 00 00 00 00 00 00 00 00 00 00 00 00
                  00 00 00 00 00 00 00 00 00 00 00 00 00 00 00 00 00 00 00 00
                  00 00 00 00 00 00 00 00 00 00 00 00 00 00 00 00 00 00 00 00
                  00 00 00 00 00 00 00 00 00 00 00 00 00 00 00 00 00 00 00 00
                  00 00 00 00 00 00 00 00 00 00 00 00 00 00 00 00 00 00 00 00
                  00 00 00 00 00 00 00 00 00 00 00 20 00 00 00 89 00 00 00 ed
                  00 00 00 ff 00 00 00 ff 00 00 00 ff 00 00 00 ff 00 00 00 ff
                  00 00 00 ff 00 00 00 ff 00 00 00 ff 00 00 00 ff 00 00 00 ff
                  00 00 00 ff 00 00 00 ff 07 07 07 ff 5f 5f 5f ff ca ca ca ff
                  ff ff ff ff ff ff ff ff ff ff ff ff ff ff ff ff ff ff ff ff
                  ff ff ff ff ff ff ff ff ff ff ff ff ff ff ff ff ff ff ff ff
                  ff ff ff ff ff ff ff ff ff ff ff ff ff ff ff ff bc bc bc ff
                  51 51 51 ff 04 04 04 ff 00 00 00 ff 00 00 00 ff 00 00 00 ff
                  00 00 00 ff 00 00 00 ff 00 00 00 ff 00 00 00 ff 00 00 00 ff
                  00 00 00 ff 3f 3f 3f ff a9 a9 a9 ff fb fb fb ff ff ff ff ff
                  ff ff ff ff ff ff ff ff ff ff ff ff ff ff ff ff ff ff ff ff
                  ff ff ff ff ff ff ff ff ff ff ff ff ff ff ff ff ff ff ff ff
                  ff ff ff ff ff ff ff ff c4 c4 c4 ff 5b 5b 5b ff 07 07 07 ff
                  00 00 00 ff 00 00 00 ff 00 00 00 ff 00 00 00 ff 00 00 00 ff
                  00 00 00 ff 00 00 00 ff 00 00 00 ff 00 00 00 ff 00 00 00 ff
                  00 00 00 ff 00 00 00 ff 00 00 00 f8 00 00 00 a2 00 00 00 39
                  00 00 00 00 00 00 00 00 00 00 00 00 00 00 00 00 00 00 00 00
                  00 00 00 00 00 00 00 00 00 00 00 00 00 00 00 00 00 00 00 00
                  00 00 00 00 00 00 00 00 00 00 00 00 00 00 00 00 00 00 00 00
                  00 00 00 00 00 00 00 00 00 00 00 00 00 00 00 00 00 00 00 00
                  00 00 00 00 00 00 00 00 00 00 00 00 00 00 00 00 00 00 00 00
                  00 00 00 00 00 00 00 00 00 00 00 00 00 00 00 00 00 00 00 00
                  00 00 00 00 00 00 00 00 00 00 00 00 00 00 00 00 00 00 00 00
                  00 00 00 00 00 00 00 00 00 00 00 00 00 00 00 00 00 00 00 00
                  00 00 00 00 00 00 00 00 00 00 00 00 00 00 00 00 00 00 00 00
                  00 00 00 00 00 00 00 00 00 00 00 01 00 00 00 46 00 00 00 b1
                  00 00 00 fe 00 00 00 ff 00 00 00 ff 00 00 00 ff 00 00 00 ff
                  00 00 00 ff 00 00 00 ff 00 00 00 ff 00 00 00 ff 00 00 00 ff
                  00 00 00 ff 00 00 00 ff 00 00 00 ff 1f 1f 1f ff 88 88 88 ff
                  eb eb eb ff ff ff ff ff ff ff ff ff ff ff ff ff ff ff ff ff
                  ff ff ff ff ff ff ff ff ff ff ff ff ff ff ff ff ff ff ff ff
                  ff ff ff ff ff ff ff ff ff ff ff ff ff ff ff ff f1 f1 f1 ff
                  91 91 91 ff 28 28 28 ff 00 00 00 ff 00 00 00 ff 00 00 00 ff
                  00 00 00 ff 00 00 00 ff 00 00 00 ff 00 00 00 ff 00 00 00 ff
                  00 00 00 ff 00 00 00 ff 00 00 00 ff 00 00 00 ff 00 00 00 ff
                  00 00 00 ff 19 19 19 ff 7f 7f 7f ff e5 e5 e5 ff ff ff ff ff
                  ff ff ff ff ff ff ff ff ff ff ff ff ff ff ff ff ff ff ff ff
                  ff ff ff ff ff ff ff ff ff ff ff ff ff ff ff ff ff ff ff ff
                  ff ff ff ff ff ff ff ff ea ea ea ff 88 88 88 ff 21 21 21 ff
                  00 00 00 ff 00 00 00 ff 00 00 00 ff 00 00 00 ff 00 00 00 ff
                  00 00 00 ff 00 00 00 ff 00 00 00 ff 00 00 00 ff 00 00 00 ff
                  00 00 00 ff 00 00 00 ff 00 00 00 ff 00 00 00 d0 00 00 00 66
                  00 00 00 09 00 00 00 00 00 00 00 00 00 00 00 00 00 00 00 00
                  00 00 00 00 00 00 00 00 00 00 00 00 00 00 00 00 00 00 00 00
                  00 00 00 00 00 00 00 00 00 00 00 00 00 00 00 00 00 00 00 00
                  00 00 00 00 00 00 00 00 00 00 00 00 00 00 00 00 00 00 00 00
                  00 00 00 00 00 00 00 00 00 00 00 00 00 00 00 00 00 00 00 00
                  00 00 00 00 00 00 00 00 00 00 00 00 00 00 00 00 00 00 00 00
                  00 00 00 00 00 00 00 00 00 00 00 00 00 00 00 00 00 00 00 00
                  00 00 00 00 00 00 00 00 00 00 00 00 00 00 00 00 00 00 00 00
                  00 00 00 00 00 00 00 00 00 00 00 00 00 00 00 00 00 00 00 48
                  00 00 00 d0 00 00 00 ff 00 00 00 ff 00 00 00 ff 00 00 00 ff
                  00 00 00 ff 00 00 00 ff 00 00 00 ff 00 00 00 ff 00 00 00 ff
                  00 00 00 ff 00 00 00 ff 00 00 00 ff 01 01 01 ff 44 44 44 ff
                  b0 b0 b0 ff fd fd fd ff ff ff ff ff ff ff ff ff ff ff ff ff
                  ff ff ff ff ff ff ff ff ff ff ff ff ff ff ff ff ff ff ff ff
                  ff ff ff ff ff ff ff ff ff ff ff ff ff ff ff ff ff ff ff ff
                  d0 d0 d0 ff 65 65 65 ff 0b 0b 0b ff 00 00 00 ff 00 00 00 ff
                  00 00 00 ff 00 00 00 ff 00 00 00 ff 00 00 00 ff 00 00 00 ff
                  00 00 00 ff 00 00 00 ff 00 00 00 ff 00 00 00 ff 00 00 00 ff
                  00 00 00 ff 00 00 00 ff 00 00 00 ff 00 00 00 ff 00 00 00 ff
                  00 00 00 ff 04 04 04 ff 54 54 54 ff be be be ff ff ff ff ff
                  ff ff ff ff ff ff ff ff ff ff ff ff ff ff ff ff ff ff ff ff
                  ff ff ff ff ff ff ff ff ff ff ff ff ff ff ff ff ff ff ff ff
                  ff ff ff ff ff ff ff ff fe fe fe ff b5 b5 b5 ff 4c 4c 4c ff
                  02 02 02 ff 00 00 00 ff 00 00 00 ff 00 00 00 ff 00 00 00 ff
                  00 00 00 ff 00 00 00 ff 00 00 00 ff 00 00 00 ff 00 00 00 ff
                  00 00 00 ff 00 00 00 ff 00 00 00 ff 00 00 00 e4 00 00 00 5d
                  00 00 00 00 00 00 00 00 00 00 00 00 00 00 00 00 00 00 00 00
                  00 00 00 00 00 00 00 00 00 00 00 00 00 00 00 00 00 00 00 00
                  00 00 00 00 00 00 00 00 00 00 00 00 00 00 00 00 00 00 00 00
                  00 00 00 00 00 00 00 00 00 00 00 00 00 00 00 00 00 00 00 00
                  00 00 00 00 00 00 00 00 00 00 00 00 00 00 00 00 00 00 00 00
                  00 00 00 00 00 00 00 00 00 00 00 00 00 00 00 00 00 00 00 00
                  00 00 00 00 00 00 00 00 00 00 00 00 00 00 00 00 00 00 00 00
                  00 00 00 00 00 00 00 00 00 00 00 00 00 00 00 00 00 00 00 00
                  00 00 00 0b 00 00 00 9f 00 00 00 ff 00 00 00 ff 00 00 00 ff
                  00 00 00 ff 00 00 00 ff 00 00 00 ff 00 00 00 ff 00 00 00 ff
                  00 00 00 ff 00 00 00 ff 00 00 00 ff 00 00 00 ff 0e 0e 0e ff
                  6d 6d 6d ff d7 d7 d7 ff ff ff ff ff ff ff ff ff ff ff ff ff
                  ff ff ff ff ff ff ff ff ff ff ff ff ff ff ff ff ff ff ff ff
                  ff ff ff ff ff ff ff ff ff ff ff ff ff ff ff ff ff ff ff ff
                  fa fa fa ff a5 a5 a5 ff 3b 3b 3b ff 00 00 00 ff 00 00 00 ff
                  00 00 00 ff 00 00 00 ff 00 00 00 ff 00 00 00 ff 00 00 00 ff
                  00 00 00 ff 00 00 00 ff 00 00 00 ff 00 00 00 ff 00 00 00 ff
                  00 00 00 ff 00 00 00 ff 00 00 00 ff 00 00 00 ff 00 00 00 ff
                  00 00 00 ff 00 00 00 ff 00 00 00 ff 00 00 00 ff 00 00 00 ff
                  00 00 00 ff 00 00 00 ff 29 29 29 ff 92 92 92 ff f2 f2 f2 ff
                  ff ff ff ff ff ff ff ff ff ff ff ff ff ff ff ff ff ff ff ff
                  ff ff ff ff ff ff ff ff ff ff ff ff ff ff ff ff ff ff ff ff
                  ff ff ff ff ff ff ff ff ff ff ff ff e0 e0 e0 ff 79 79 79 ff
                  16 16 16 ff 00 00 00 ff 00 00 00 ff 00 00 00 ff 00 00 00 ff
                  00 00 00 ff 00 00 00 ff 00 00 00 ff 00 00 00 ff 00 00 00 ff
                  00 00 00 ff 00 00 00 ff 00 00 00 ff 00 00 00 b3 00 00 00 11
                  00 00 00 00 00 00 00 00 00 00 00 00 00 00 00 00 00 00 00 00
                  00 00 00 00 00 00 00 00 00 00 00 00 00 00 00 00 00 00 00 00
                  00 00 00 00 00 00 00 00 00 00 00 00 00 00 00 00 00 00 00 00
                  00 00 00 00 00 00 00 00 00 00 00 00 00 00 00 00 00 00 00 00
                  00 00 00 00 00 00 00 00 00 00 00 00 00 00 00 00 00 00 00 00
                  00 00 00 00 00 00 00 00 00 00 00 00 00 00 00 00 00 00 00 00
                  00 00 00 00 00 00 00 00 00 00 00 00 00 00 00 00 00 00 00 00
                  00 00 00 00 00 00 00 00 00 00 00 15 00 00 00 cb 00 00 00 ff
                  00 00 00 ff 00 00 00 ff 00 00 00 ff 00 00 00 ff 00 00 00 ff
                  00 00 00 ff 00 00 00 ff 00 00 00 ff 00 00 00 ff 00 00 00 ff
                  2b 2b 2b ff 95 95 95 ff f3 f3 f3 ff ff ff ff ff ff ff ff ff
                  ff ff ff ff ff ff ff ff ff ff ff ff ff ff ff ff ff ff ff ff
                  ff ff ff ff ff ff ff ff ff ff ff ff ff ff ff ff ff ff ff ff
                  ff ff ff ff e2 e2 e2 ff 7b 7b 7b ff 16 16 16 ff 00 00 00 ff
                  00 00 00 ff 00 00 00 ff 00 00 00 ff 00 00 00 ff 00 00 00 ff
                  00 00 00 ff 00 00 00 ff 00 00 00 ff 00 00 00 ff 00 00 00 ff
                  00 00 00 ff 00 00 00 ff 00 00 00 ff 00 00 00 ff 00 00 00 ff
                  00 00 00 ff 00 00 00 ff 00 00 00 ff 00 00 00 ff 00 00 00 ff
                  00 00 00 ff 00 00 00 ff 00 00 00 ff 00 00 00 ff 00 00 00 ff
                  00 00 00 ff 00 00 00 ff 0c 0c 0c ff 68 68 68 ff d2 d2 d2 ff
                  ff ff ff ff ff ff ff ff ff ff ff ff ff ff ff ff ff ff ff ff
                  ff ff ff ff ff ff ff ff ff ff ff ff ff ff ff ff ff ff ff ff
                  ff ff ff ff ff ff ff ff ff ff ff ff fa fa fa ff a6 a6 a6 ff
                  3d 3d 3d ff 00 00 00 ff 00 00 00 ff 00 00 00 ff 00 00 00 ff
                  00 00 00 ff 00 00 00 ff 00 00 00 ff 00 00 00 ff 00 00 00 ff
                  00 00 00 ff 00 00 00 ff 00 00 00 da 00 00 00 1d 00 00 00 00
                  00 00 00 00 00 00 00 00 00 00 00 00 00 00 00 00 00 00 00 00
                  00 00 00 00 00 00 00 00 00 00 00 00 00 00 00 00 00 00 00 00
                  00 00 00 00 00 00 00 00 00 00 00 00 00 00 00 00 00 00 00 00
                  00 00 00 00 00 00 00 00 00 00 00 00 00 00 00 00 00 00 00 00
                  00 00 00 00 00 00 00 00 00 00 00 00 00 00 00 00 00 00 00 00
                  00 00 00 00 00 00 00 00 00 00 00 00 00 00 00 00 00 00 00 00
                  00 00 00 00 00 00 00 00 00 00 00 00 00 00 00 00 00 00 00 0c
                  00 00 00 cb 00 00 00 ff 00 00 00 ff 00 00 00 ff 00 00 00 ff
                  00 00 00 ff 00 00 00 ff 00 00 00 ff 00 00 00 ff 00 00 00 ff
                  04 04 04 ff 52 52 52 ff bf bf bf ff ff ff ff ff ff ff ff ff
                  ff ff ff ff ff ff ff ff ff ff ff ff ff ff ff ff ff ff ff ff
                  ff ff ff ff ff ff ff ff ff ff ff ff ff ff ff ff ff ff ff ff
                  ff ff ff ff ff ff ff ff bb bb bb ff 50 50 50 ff 03 03 03 ff
                  00 00 00 ff 00 00 00 ff 00 00 00 ff 00 00 00 ff 00 00 00 ff
                  00 00 00 ff 00 00 00 ff 00 00 00 ff 00 00 00 ff 00 00 00 ff
                  00 00 00 ff 00 00 00 ff 00 00 00 ff 00 00 00 ff 00 00 00 ff
                  00 00 00 ff 00 00 00 ff 00 00 00 ff 00 00 00 ff 00 00 00 ff
                  00 00 00 ff 00 00 00 ff 00 00 00 ff 00 00 00 ff 00 00 00 ff
                  00 00 00 ff 00 00 00 ff 00 00 00 ff 00 00 00 ff 00 00 00 ff
                  00 00 00 ff 00 00 00 ff 00 00 00 ff 3e 3e 3e ff a8 a8 a8 ff
                  fa fa fa ff ff ff ff ff ff ff ff ff ff ff ff ff ff ff ff ff
                  ff ff ff ff ff ff ff ff ff ff ff ff ff ff ff ff ff ff ff ff
                  ff ff ff ff ff ff ff ff ff ff ff ff ff ff ff ff d3 d3 d3 ff
                  6a 6a 6a ff 0d 0d 0d ff 00 00 00 ff 00 00 00 ff 00 00 00 ff
                  00 00 00 ff 00 00 00 ff 00 00 00 ff 00 00 00 ff 00 00 00 ff
                  00 00 00 ff 00 00 00 dd 00 00 00 16 00 00 00 00 00 00 00 00
                  00 00 00 00 00 00 00 00 00 00 00 00 00 00 00 00 00 00 00 00
                  00 00 00 00 00 00 00 00 00 00 00 00 00 00 00 00 00 00 00 00
                  00 00 00 00 00 00 00 00 00 00 00 00 00 00 00 00 00 00 00 00
                  00 00 00 00 00 00 00 00 00 00 00 00 00 00 00 00 00 00 00 00
                  00 00 00 00 00 00 00 00 00 00 00 00 00 00 00 00 00 00 00 00
                  00 00 00 00 00 00 00 00 00 00 00 00 00 00 00 00 00 00 00 00
                  00 00 00 00 00 00 00 00 00 00 00 a4 00 00 00 ff 00 00 00 ff
                  00 00 00 ff 00 00 00 ff 00 00 00 ff 00 00 00 ff 00 00 00 ff
                  00 00 00 ff 16 16 16 ff 7b 7b 7b ff e3 e3 e3 ff ff ff ff ff
                  ff ff ff ff ff ff ff ff ff ff ff ff ff ff ff ff ff ff ff ff
                  ff ff ff ff ff ff ff ff ff ff ff ff ff ff ff ff ff ff ff ff
                  ff ff ff ff ff ff ff ff f0 f0 f0 ff 90 90 90 ff 26 26 26 ff
                  00 00 00 ff 00 00 00 ff 00 00 00 ff 00 00 00 ff 00 00 00 ff
                  00 00 00 ff 00 00 00 ff 00 00 00 ff 00 00 00 ff 00 00 00 ff
                  00 00 00 ff 00 00 00 ff 00 00 00 ff 00 00 00 ff 00 00 00 ff
                  00 00 00 ff 00 00 00 ff 00 00 00 ff 00 00 00 ff 00 00 00 ff
                  00 00 00 ff 00 00 00 ff 00 00 00 ff 00 00 00 ff 00 00 00 ff
                  00 00 00 ff 00 00 00 ff 00 00 00 ff 00 00 00 ff 00 00 00 ff
                  00 00 00 ff 00 00 00 ff 00 00 00 ff 00 00 00 ff 00 00 00 ff
                  00 00 00 ff 00 00 00 ff 00 00 00 ff 18 18 18 ff 7e 7e 7e ff
                  e4 e4 e4 ff ff ff ff ff ff ff ff ff ff ff ff ff ff ff ff ff
                  ff ff ff ff ff ff ff ff ff ff ff ff ff ff ff ff ff ff ff ff
                  ff ff ff ff ff ff ff ff ff ff ff ff ff ff ff ff f3 f3 f3 ff
                  97 97 97 ff 2e 2e 2e ff 00 00 00 ff 00 00 00 ff 00 00 00 ff
                  00 00 00 ff 00 00 00 ff 00 00 00 ff 00 00 00 ff 00 00 00 ff
                  00 00 00 c0 00 00 00 03 00 00 00 00 00 00 00 00 00 00 00 00
                  00 00 00 00 00 00 00 00 00 00 00 00 00 00 00 00 00 00 00 00
                  00 00 00 00 00 00 00 00 00 00 00 00 00 00 00 00 00 00 00 00
                  00 00 00 00 00 00 00 00 00 00 00 00 00 00 00 00 00 00 00 00
                  00 00 00 00 00 00 00 00 00 00 00 00 00 00 00 00 00 00 00 00
                  00 00 00 00 00 00 00 00 00 00 00 00 00 00 00 00 00 00 00 00
                  00 00 00 00 00 00 00 00 00 00 00 00 00 00 00 00 00 00 00 4b
                  00 00 00 ff 00 00 00 ff 00 00 00 ff 00 00 00 ff 00 00 00 ff
                  00 00 00 ff 00 00 00 ff 1e 1e 1e ff 9e 9e 9e ff f9 f9 f9 ff
                  ff ff ff ff ff ff ff ff ff ff ff ff ff ff ff ff ff ff ff ff
                  ff ff ff ff ff ff ff ff ff ff ff ff ff ff ff ff ff ff ff ff
                  ff ff ff ff ff ff ff ff ff ff ff ff cf cf cf ff 64 64 64 ff
                  0b 0b 0b ff 00 00 00 ff 00 00 00 ff 00 00 00 ff 00 00 00 ff
                  00 00 00 ff 00 00 00 ff 00 00 00 ff 00 00 00 ff 00 00 00 ff
                  00 00 00 ff 00 00 00 ff 00 00 00 ff 00 00 00 ff 00 00 00 ff
                  00 00 00 ff 00 00 00 ff 00 00 00 ff 00 00 00 ff 00 00 00 ff
                  00 00 00 ff 00 00 00 ff 00 00 00 ff 00 00 00 ff 00 00 00 ff
                  00 00 00 ff 00 00 00 ff 00 00 00 ff 00 00 00 ff 00 00 00 ff
                  00 00 00 ff 00 00 00 ff 00 00 00 ff 00 00 00 ff 00 00 00 ff
                  00 00 00 ff 00 00 00 ff 00 00 00 ff 00 00 00 ff 00 00 00 ff
                  00 00 00 ff 00 00 00 ff 00 00 00 ff 04 04 04 ff 52 52 52 ff
                  bd bd bd ff ff ff ff ff ff ff ff ff ff ff ff ff ff ff ff ff
                  ff ff ff ff ff ff ff ff ff ff ff ff ff ff ff ff ff ff ff ff
                  ff ff ff ff ff ff ff ff ff ff ff ff ff ff ff ff ff ff ff ff
                  bd bd bd ff 2d 2d 2d ff 00 00 00 ff 00 00 00 ff 00 00 00 ff
                  00 00 00 ff 00 00 00 ff 00 00 00 ff 00 00 00 ff 00 00 00 6b
                  00 00 00 00 00 00 00 00 00 00 00 00 00 00 00 00 00 00 00 00
                  00 00 00 00 00 00 00 00 00 00 00 00 00 00 00 00 00 00 00 00
                  00 00 00 00 00 00 00 00 00 00 00 00 00 00 00 00 00 00 00 00
                  00 00 00 00 00 00 00 00 00 00 00 00 00 00 00 00 00 00 00 00
                  00 00 00 00 00 00 00 00 00 00 00 00 00 00 00 00 00 00 00 00
                  00 00 00 00 00 00 00 00 00 00 00 00 00 00 00 00 00 00 00 00
                  00 00 00 00 00 00 00 01 00 00 00 d5 00 00 00 ff 00 00 00 ff
                  00 00 00 ff 00 00 00 ff 00 00 00 ff 00 00 00 ff 5e 5e 5e ff
                  f7 f7 f7 ff ff ff ff ff ff ff ff ff ff ff ff ff ff ff ff ff
                  ff ff ff ff ff ff ff ff ff ff ff ff ff ff ff ff ff ff ff ff
                  ff ff ff ff ff ff ff ff ff ff ff ff f9 f9 f9 ff a4 a4 a4 ff
                  39 39 39 ff 00 00 00 ff 00 00 00 ff 00 00 00 ff 00 00 00 ff
                  00 00 00 ff 00 00 00 ff 00 00 00 ff 00 00 00 ff 00 00 00 ff
                  00 00 00 ff 00 00 00 ff 00 00 00 ff 00 00 00 ff 00 00 00 ff
                  00 00 00 ff 00 00 00 ff 00 00 00 ff 00 00 00 ff 00 00 00 ff
                  00 00 00 ff 00 00 00 ff 00 00 00 ff 00 00 00 ff 00 00 00 ff
                  00 00 00 ff 00 00 00 ff 00 00 00 ff 00 00 00 ff 00 00 00 ff
                  00 00 00 ff 00 00 00 ff 00 00 00 ff 00 00 00 ff 00 00 00 ff
                  00 00 00 ff 00 00 00 ff 00 00 00 ff 00 00 00 ff 00 00 00 ff
                  00 00 00 ff 00 00 00 ff 00 00 00 ff 00 00 00 ff 00 00 00 ff
                  00 00 00 ff 00 00 00 ff 00 00 00 ff 00 00 00 ff 28 28 28 ff
                  91 91 91 ff f1 f1 f1 ff ff ff ff ff ff ff ff ff ff ff ff ff
                  ff ff ff ff ff ff ff ff ff ff ff ff ff ff ff ff ff ff ff ff
                  ff ff ff ff ff ff ff ff ff ff ff ff ff ff ff ff fb fb fb ff
                  6c 6c 6c ff 00 00 00 ff 00 00 00 ff 00 00 00 ff 00 00 00 ff
                  00 00 00 ff 00 00 00 ff 00 00 00 ec 00 00 00 0b 00 00 00 00
                  00 00 00 00 00 00 00 00 00 00 00 00 00 00 00 00 00 00 00 00
                  00 00 00 00 00 00 00 00 00 00 00 00 00 00 00 00 00 00 00 00
                  00 00 00 00 00 00 00 00 00 00 00 00 00 00 00 00 00 00 00 00
                  00 00 00 00 00 00 00 00 00 00 00 00 00 00 00 00 00 00 00 00
                  00 00 00 00 00 00 00 00 00 00 00 00 00 00 00 00 00 00 00 00
                  00 00 00 00 00 00 00 00 00 00 00 00 00 00 00 00 00 00 00 4a
                  00 00 00 ff 00 00 00 ff 00 00 00 ff 00 00 00 ff 00 00 00 ff
                  00 00 00 ff 5f 5f 5f ff ff ff ff ff ff ff ff ff ff ff ff ff
                  ff ff ff ff ff ff ff ff ff ff ff ff ff ff ff ff ff ff ff ff
                  ff ff ff ff ff ff ff ff ff ff ff ff ff ff ff ff e1 e1 e1 ff
                  79 79 79 ff 16 16 16 ff 00 00 00 ff 00 00 00 ff 00 00 00 ff
                  00 00 00 ff 00 00 00 ff 00 00 00 ff 00 00 00 ff 00 00 00 ff
                  00 00 00 ff 00 00 00 ff 00 00 00 ff 00 00 00 ff 00 00 00 ff
                  00 00 00 ff 00 00 00 ff 00 00 00 ff 00 00 00 ff 00 00 00 ff
                  00 00 00 ff 00 00 00 ff 00 00 00 ff 00 00 00 ff 00 00 00 ff
                  00 00 00 ff 00 00 00 ff 00 00 00 ff 00 00 00 ff 00 00 00 ff
                  00 00 00 ff 00 00 00 ff 00 00 00 ff 00 00 00 ff 00 00 00 ff
                  00 00 00 ff 00 00 00 ff 00 00 00 ff 00 00 00 ff 00 00 00 ff
                  00 00 00 ff 00 00 00 ff 00 00 00 ff 00 00 00 ff 00 00 00 ff
                  00 00 00 ff 00 00 00 ff 00 00 00 ff 00 00 00 ff 00 00 00 ff
                  00 00 00 ff 00 00 00 ff 00 00 00 ff 00 00 00 ff 0b 0b 0b ff
                  67 67 67 ff d1 d1 d1 ff ff ff ff ff ff ff ff ff ff ff ff ff
                  ff ff ff ff ff ff ff ff ff ff ff ff ff ff ff ff ff ff ff ff
                  ff ff ff ff ff ff ff ff ff ff ff ff ff ff ff ff 7c 7c 7c ff
                  00 00 00 ff 00 00 00 ff 00 00 00 ff 00 00 00 ff 00 00 00 ff
                  00 00 00 ff 00 00 00 69 00 00 00 00 00 00 00 00 00 00 00 00
                  00 00 00 00 00 00 00 00 00 00 00 00 00 00 00 00 00 00 00 00
                  00 00 00 00 00 00 00 00 00 00 00 00 00 00 00 00 00 00 00 00
                  00 00 00 00 00 00 00 00 00 00 00 00 00 00 00 00 00 00 00 00
                  00 00 00 00 00 00 00 00 00 00 00 00 00 00 00 00 00 00 00 00
                  00 00 00 00 00 00 00 00 00 00 00 00 00 00 00 00 00 00 00 00
                  00 00 00 00 00 00 00 00 00 00 00 b5 00 00 00 ff 00 00 00 ff
                  00 00 00 ff 00 00 00 ff 00 00 00 ff 21 21 21 ff f8 f8 f8 ff
                  ff ff ff ff ff ff ff ff ff ff ff ff ff ff ff ff ff ff ff ff
                  ff ff ff ff ff ff ff ff ff ff ff ff ff ff ff ff ff ff ff ff
                  b9 b9 b9 ff 4f 4f 4f ff 03 03 03 ff 00 00 00 ff 00 00 00 ff
                  00 00 00 ff 00 00 00 ff 00 00 00 ff 00 00 00 ff 00 00 00 ff
                  00 00 00 ff 00 00 00 ff 00 00 00 ff 00 00 00 ff 00 00 00 ff
                  00 00 00 ff 00 00 00 ff 00 00 00 ff 00 00 00 ff 00 00 00 ff
                  00 00 00 ff 00 00 00 ff 00 00 00 ff 00 00 00 ff 00 00 00 ff
                  00 00 00 ff 00 00 00 ff 00 00 00 ff 00 00 00 ff 00 00 00 ff
                  00 00 00 ff 00 00 00 ff 00 00 00 ff 00 00 00 ff 00 00 00 ff
                  00 00 00 ff 00 00 00 ff 00 00 00 ff 00 00 00 ff 00 00 00 ff
                  00 00 00 ff 00 00 00 ff 00 00 00 ff 00 00 00 ff 00 00 00 ff
                  00 00 00 ff 00 00 00 ff 00 00 00 ff 00 00 00 ff 00 00 00 ff
                  00 00 00 ff 00 00 00 ff 00 00 00 ff 00 00 00 ff 00 00 00 ff
                  00 00 00 ff 00 00 00 ff 00 00 00 ff 00 00 00 ff 00 00 00 ff
                  3c 3c 3c ff a7 a7 a7 ff fa fa fa ff ff ff ff ff ff ff ff ff
                  ff ff ff ff ff ff ff ff ff ff ff ff ff ff ff ff ff ff ff ff
                  ff ff ff ff ff ff ff ff ff ff ff ff 3e 3e 3e ff 00 00 00 ff
                  00 00 00 ff 00 00 00 ff 00 00 00 ff 00 00 00 ff 00 00 00 d4
                  00 00 00 00 00 00 00 00 00 00 00 00 00 00 00 00 00 00 00 00
                  00 00 00 00 00 00 00 00 00 00 00 00 00 00 00 00 00 00 00 00
                  00 00 00 00 00 00 00 00 00 00 00 00 00 00 00 00 00 00 00 00
                  00 00 00 00 00 00 00 00 00 00 00 00 00 00 00 00 00 00 00 00
                  00 00 00 00 00 00 00 00 00 00 00 00 00 00 00 00 00 00 00 00
                  00 00 00 00 00 00 00 00 00 00 00 00 00 00 00 00 00 00 00 23
                  00 00 00 fe 00 00 00 ff 00 00 00 ff 00 00 00 ff 00 00 00 ff
                  00 00 00 ff a2 a2 a2 ff ff ff ff ff ff ff ff ff ff ff ff ff
                  ff ff ff ff ff ff ff ff ff ff ff ff ff ff ff ff ff ff ff ff
                  ef ef ef ff 8f 8f 8f ff 25 25 25 ff 00 00 00 ff 00 00 00 ff
                  00 00 00 ff 00 00 00 ff 00 00 00 ff 00 00 00 ff 00 00 00 ff
                  00 00 00 ff 00 00 00 ff 00 00 00 ff 00 00 00 ff 00 00 00 ff
                  00 00 00 ff 00 00 00 ff 00 00 00 ff 00 00 00 ff 00 00 00 ff
                  00 00 00 ff 00 00 00 ff 00 00 00 ff 00 00 00 ff 00 00 00 ff
                  00 00 00 ff 00 00 00 ff 00 00 00 ff 00 00 00 ff 00 00 00 ff
                  00 00 00 ff 00 00 00 ff 00 00 00 ff 00 00 00 ff 00 00 00 ff
                  00 00 00 ff 00 00 00 ff 00 00 00 ff 00 00 00 ff 00 00 00 ff
                  00 00 00 ff 00 00 00 ff 00 00 00 ff 00 00 00 ff 00 00 00 ff
                  00 00 00 ff 00 00 00 ff 00 00 00 ff 00 00 00 ff 00 00 00 ff
                  00 00 00 ff 00 00 00 ff 00 00 00 ff 00 00 00 ff 00 00 00 ff
                  00 00 00 ff 00 00 00 ff 00 00 00 ff 00 00 00 ff 00 00 00 ff
                  00 00 00 ff 00 00 00 ff 00 00 00 ff 00 00 00 ff 00 00 00 ff
                  17 17 17 ff 7c 7c 7c ff e3 e3 e3 ff ff ff ff ff ff ff ff ff
                  ff ff ff ff ff ff ff ff ff ff ff ff ff ff ff ff ff ff ff ff
                  ff ff ff ff c6 c6 c6 ff 00 00 00 ff 00 00 00 ff 00 00 00 ff
                  00 00 00 ff 00 00 00 ff 00 00 00 ff 00 00 00 3e 00 00 00 00
                  00 00 00 00 00 00 00 00 00 00 00 00 00 00 00 00 00 00 00 00
                  00 00 00 00 00 00 00 00 00 00 00 00 00 00 00 00 00 00 00 00
                  00 00 00 00 00 00 00 00 00 00 00 00 00 00 00 00 00 00 00 00
                  00 00 00 00 00 00 00 00 00 00 00 00 00 00 00 00 00 00 00 00
                  00 00 00 00 00 00 00 00 00 00 00 00 00 00 00 00 00 00 00 00
                  00 00 00 00 00 00 00 00 00 00 00 8c 00 00 00 ff 00 00 00 ff
                  00 00 00 ff 00 00 00 ff 00 00 00 ff 1a 1a 1a ff fb fb fb ff
                  ff ff ff ff ff ff ff ff ff ff ff ff ff ff ff ff ff ff ff ff
                  ff ff ff ff d2 d2 d2 ff 62 62 62 ff 0a 0a 0a ff 00 00 00 ff
                  00 00 00 ff 00 00 00 ff 00 00 00 ff 00 00 00 ff 00 00 00 ff
                  00 00 00 ff 00 00 00 ff 00 00 00 ff 00 00 00 ff 00 00 00 ff
                  00 00 00 ff 00 00 00 ff 00 00 00 ff 00 00 00 ff 00 00 00 ff
                  00 00 00 ff 00 00 00 ff 00 00 00 ff 00 00 00 ff 00 00 00 ff
                  00 00 00 ff 00 00 00 ff 00 00 00 ff 00 00 00 ff 00 00 00 ff
                  00 00 00 ff 00 00 00 ff 00 00 00 ff 00 00 00 ff 00 00 00 ff
                  00 00 00 ff 00 00 00 ff 00 00 00 ff 00 00 00 ff 00 00 00 ff
                  00 00 00 ff 00 00 00 ff 00 00 00 ff 00 00 00 ff 00 00 00 ff
                  00 00 00 ff 00 00 00 ff 00 00 00 ff 00 00 00 ff 00 00 00 ff
                  00 00 00 ff 00 00 00 ff 00 00 00 ff 00 00 00 ff 00 00 00 ff
                  00 00 00 ff 00 00 00 ff 00 00 00 ff 00 00 00 ff 00 00 00 ff
                  00 00 00 ff 00 00 00 ff 00 00 00 ff 00 00 00 ff 00 00 00 ff
                  00 00 00 ff 00 00 00 ff 00 00 00 ff 00 00 00 ff 00 00 00 ff
                  04 04 04 ff 51 51 51 ff bf bf bf ff ff ff ff ff ff ff ff ff
                  ff ff ff ff ff ff ff ff ff ff ff ff ff ff ff ff ff ff ff ff
                  32 32 32 ff 00 00 00 ff 00 00 00 ff 00 00 00 ff 00 00 00 ff
                  00 00 00 ff 00 00 00 a7 00 00 00 00 00 00 00 00 00 00 00 00
                  00 00 00 00 00 00 00 00 00 00 00 00 00 00 00 00 00 00 00 00
                  00 00 00 00 00 00 00 00 00 00 00 00 00 00 00 00 00 00 00 00
                  00 00 00 00 00 00 00 00 00 00 00 00 00 00 00 00 00 00 00 00
                  00 00 00 00 00 00 00 00 00 00 00 00 00 00 00 00 00 00 00 00
                  00 00 00 00 00 00 00 00 00 00 00 00 00 00 00 00 00 00 00 09
                  00 00 00 ee 00 00 00 ff 00 00 00 ff 00 00 00 ff 00 00 00 ff
                  00 00 00 ff 80 80 80 ff ff ff ff ff ff ff ff ff ff ff ff ff
                  ff ff ff ff ff ff ff ff ff ff ff ff 98 98 98 ff 03 03 03 ff
                  00 00 00 ff 00 00 00 ff 00 00 00 ff 00 00 00 ff 00 00 00 ff
                  00 00 00 ff 00 00 00 ff 00 00 00 ff 00 00 00 ff 00 00 00 ff
                  00 00 00 ff 00 00 00 ff 00 00 00 ff 00 00 00 ff 00 00 00 ff
                  00 00 00 ff 00 00 00 ff 00 00 00 ff 00 00 00 ff 00 00 00 ff
                  00 00 00 ff 00 00 00 ff 00 00 00 ff 00 00 00 ff 00 00 00 ff
                  00 00 00 ff 00 00 00 ff 00 00 00 ff 00 00 00 ff 00 00 00 ff
                  00 00 00 ff 00 00 00 ff 00 00 00 ff 00 00 00 ff 00 00 00 ff
                  00 00 00 ff 00 00 00 ff 00 00 00 ff 00 00 00 ff 00 00 00 ff
                  00 00 00 ff 00 00 00 ff 00 00 00 ff 00 00 00 ff 00 00 00 ff
                  00 00 00 ff 00 00 00 ff 00 00 00 ff 00 00 00 ff 00 00 00 ff
                  00 00 00 ff 00 00 00 ff 00 00 00 ff 00 00 00 ff 00 00 00 ff
                  00 00 00 ff 00 00 00 ff 00 00 00 ff 00 00 00 ff 00 00 00 ff
                  00 00 00 ff 00 00 00 ff 00 00 00 ff 00 00 00 ff 00 00 00 ff
                  00 00 00 ff 00 00 00 ff 00 00 00 ff 00 00 00 ff 00 00 00 ff
                  00 00 00 ff 6e 6e 6e ff ff ff ff ff ff ff ff ff ff ff ff ff
                  ff ff ff ff ff ff ff ff ff ff ff ff 9d 9d 9d ff 00 00 00 ff
                  00 00 00 ff 00 00 00 ff 00 00 00 ff 00 00 00 ff 00 00 00 fa
                  00 00 00 16 00 00 00 00 00 00 00 00 00 00 00 00 00 00 00 00
                  00 00 00 00 00 00 00 00 00 00 00 00 00 00 00 00 00 00 00 00
                  00 00 00 00 00 00 00 00 00 00 00 00 00 00 00 00 00 00 00 00
                  00 00 00 00 00 00 00 00 00 00 00 00 00 00 00 00 00 00 00 00
                  00 00 00 00 00 00 00 00 00 00 00 00 00 00 00 00 00 00 00 00
                  00 00 00 00 00 00 00 00 00 00 00 61 00 00 00 ff 00 00 00 ff
                  00 00 00 ff 00 00 00 ff 00 00 00 ff 05 05 05 ff e6 e6 e6 ff
                  ff ff ff ff ff ff ff ff ff ff ff ff ff ff ff ff ff ff ff ff
                  df df df ff 06 06 06 ff 00 00 00 ff 00 00 00 ff 00 00 00 ff
                  00 00 00 ff 00 00 00 ff 00 00 00 ff 00 00 00 ff 00 00 00 ff
                  00 00 00 ff 00 00 00 ff 00 00 00 ff 00 00 00 ff 00 00 00 ff
                  00 00 00 ff 00 00 00 ff 00 00 00 ff 00 00 00 ff 00 00 00 ff
                  00 00 00 ff 00 00 00 ff 00 00 00 ff 00 00 00 ff 00 00 00 ff
                  00 00 00 ff 00 00 00 ff 00 00 00 ff 00 00 00 ff 00 00 00 ff
                  00 00 00 ff 00 00 00 ff 00 00 00 ff 00 00 00 ff 00 00 00 ff
                  00 00 00 ff 00 00 00 ff 00 00 00 ff 00 00 00 ff 00 00 00 ff
                  00 00 00 ff 00 00 00 ff 00 00 00 ff 00 00 00 ff 00 00 00 ff
                  00 00 00 ff 00 00 00 ff 00 00 00 ff 00 00 00 ff 00 00 00 ff
                  00 00 00 ff 00 00 00 ff 00 00 00 ff 00 00 00 ff 00 00 00 ff
                  00 00 00 ff 00 00 00 ff 00 00 00 ff 00 00 00 ff 00 00 00 ff
                  00 00 00 ff 00 00 00 ff 00 00 00 ff 00 00 00 ff 00 00 00 ff
                  00 00 00 ff 00 00 00 ff 00 00 00 ff 00 00 00 ff 00 00 00 ff
                  00 00 00 ff 00 00 00 ff 00 00 00 ff 00 00 00 ff 00 00 00 ff
                  ba ba ba ff ff ff ff ff ff ff ff ff ff ff ff ff ff ff ff ff
                  ff ff ff ff f6 f6 f6 ff 10 10 10 ff 00 00 00 ff 00 00 00 ff
                  00 00 00 ff 00 00 00 ff 00 00 00 ff 00 00 00 7a 00 00 00 00
                  00 00 00 00 00 00 00 00 00 00 00 00 00 00 00 00 00 00 00 00
                  00 00 00 00 00 00 00 00 00 00 00 00 00 00 00 00 00 00 00 00
                  00 00 00 00 00 00 00 00 00 00 00 00 00 00 00 00 00 00 00 00
                  00 00 00 00 00 00 00 00 00 00 00 00 00 00 00 00 00 00 00 00
                  00 00 00 00 00 00 00 00 00 00 00 00 00 00 00 00 00 00 00 00
                  00 00 00 cc 00 00 00 ff 00 00 00 ff 00 00 00 ff 00 00 00 ff
                  00 00 00 ff 55 55 55 ff ff ff ff ff ff ff ff ff ff ff ff ff
                  ff ff ff ff ff ff ff ff ff ff ff ff 77 77 77 ff 00 00 00 ff
                  00 00 00 ff 00 00 00 ff 00 00 00 ff 00 00 00 ff 00 00 00 ff
                  00 00 00 ff 00 00 00 ff 00 00 00 ff 00 00 00 ff 00 00 00 ff
                  00 00 00 ff 00 00 00 ff 00 00 00 ff 00 00 00 ff 00 00 00 ff
                  00 00 00 ff 00 00 00 ff 00 00 00 ff 00 00 00 ff 00 00 00 ff
                  00 00 00 ff 00 00 00 ff 00 00 00 ff 00 00 00 ff 00 00 00 ff
                  00 00 00 ff 00 00 00 ff 00 00 00 ff 00 00 00 ff 00 00 00 ff
                  00 00 00 ff 00 00 00 ff 00 00 00 ff 00 00 00 ff 00 00 00 ff
                  00 00 00 ff 00 00 00 ff 00 00 00 ff 00 00 00 ff 00 00 00 ff
                  00 00 00 ff 00 00 00 ff 00 00 00 ff 00 00 00 ff 00 00 00 ff
                  00 00 00 ff 00 00 00 ff 00 00 00 ff 00 00 00 ff 00 00 00 ff
                  00 00 00 ff 00 00 00 ff 00 00 00 ff 00 00 00 ff 00 00 00 ff
                  00 00 00 ff 00 00 00 ff 00 00 00 ff 00 00 00 ff 00 00 00 ff
                  00 00 00 ff 00 00 00 ff 00 00 00 ff 00 00 00 ff 00 00 00 ff
                  00 00 00 ff 00 00 00 ff 00 00 00 ff 00 00 00 ff 00 00 00 ff
                  00 00 00 ff 00 00 00 ff 00 00 00 ff 4b 4b 4b ff ff ff ff ff
                  ff ff ff ff ff ff ff ff ff ff ff ff ff ff ff ff ff ff ff ff
                  70 70 70 ff 00 00 00 ff 00 00 00 ff 00 00 00 ff 00 00 00 ff
                  00 00 00 ff 00 00 00 e1 00 00 00 02 00 00 00 00 00 00 00 00
                  00 00 00 00 00 00 00 00 00 00 00 00 00 00 00 00 00 00 00 00
                  00 00 00 00 00 00 00 00 00 00 00 00 00 00 00 00 00 00 00 00
                  00 00 00 00 00 00 00 00 00 00 00 00 00 00 00 00 00 00 00 00
                  00 00 00 00 00 00 00 00 00 00 00 00 00 00 00 00 00 00 00 00
                  00 00 00 00 00 00 00 00 00 00 00 37 00 00 00 ff 00 00 00 ff
                  00 00 00 ff 00 00 00 ff 00 00 00 ff 00 00 00 ff c0 c0 c0 ff
                  ff ff ff ff ff ff ff ff ff ff ff ff ff ff ff ff ff ff ff ff
                  f8 f8 f8 ff 14 14 14 ff 00 00 00 ff 00 00 00 ff 00 00 00 ff
                  00 00 00 ff 00 00 00 ff 00 00 00 ff 00 00 00 ff 00 00 00 ff
                  00 00 00 ff 00 00 00 ff 00 00 00 ff 00 00 00 ff 00 00 00 ff
                  00 00 00 ff 00 00 00 ff 00 00 00 ff 00 00 00 ff 00 00 00 ff
                  00 00 00 ff 00 00 00 ff 00 00 00 ff 00 00 00 ff 00 00 00 ff
                  00 00 00 ff 00 00 00 ff 00 00 00 ff 00 00 00 ff 00 00 00 ff
                  00 00 00 ff 00 00 00 ff 00 00 00 ff 00 00 00 ff 00 00 00 ff
                  00 00 00 ff 00 00 00 ff 00 00 00 ff 00 00 00 ff 00 00 00 ff
                  00 00 00 ff 00 00 00 ff 00 00 00 ff 00 00 00 ff 00 00 00 ff
                  00 00 00 ff 00 00 00 ff 00 00 00 ff 00 00 00 ff 00 00 00 ff
                  00 00 00 ff 00 00 00 ff 00 00 00 ff 00 00 00 ff 00 00 00 ff
                  00 00 00 ff 00 00 00 ff 00 00 00 ff 00 00 00 ff 00 00 00 ff
                  00 00 00 ff 00 00 00 ff 00 00 00 ff 00 00 00 ff 00 00 00 ff
                  00 00 00 ff 00 00 00 ff 00 00 00 ff 00 00 00 ff 00 00 00 ff
                  00 00 00 ff 00 00 00 ff 00 00 00 ff 00 00 00 ff 00 00 00 ff
                  00 00 00 ff 02 02 02 ff de de de ff ff ff ff ff ff ff ff ff
                  ff ff ff ff ff ff ff ff ff ff ff ff d8 d8 d8 ff 01 01 01 ff
                  00 00 00 ff 00 00 00 ff 00 00 00 ff 00 00 00 ff 00 00 00 ff
                  00 00 00 4e 00 00 00 00 00 00 00 00 00 00 00 00 00 00 00 00
                  00 00 00 00 00 00 00 00 00 00 00 00 00 00 00 00 00 00 00 00
                  00 00 00 00 00 00 00 00 00 00 00 00 00 00 00 00 00 00 00 00
                  00 00 00 00 00 00 00 00 00 00 00 00 00 00 00 00 00 00 00 00
                  00 00 00 00 00 00 00 00 00 00 00 00 00 00 00 00 00 00 00 00
                  00 00 00 a1 00 00 00 ff 00 00 00 ff 00 00 00 ff 00 00 00 ff
                  00 00 00 ff 2b 2b 2b ff ff ff ff ff ff ff ff ff ff ff ff ff
                  ff ff ff ff ff ff ff ff ff ff ff ff a1 a1 a1 ff 00 00 00 ff
                  00 00 00 ff 00 00 00 ff 00 00 00 ff 00 00 00 ff 00 00 00 ff
                  00 00 00 ff 00 00 00 ff 00 00 00 ff 00 00 00 ff 00 00 00 ff
                  00 00 00 ff 00 00 00 ff 00 00 00 ff 00 00 00 ff 00 00 00 ff
                  00 00 00 ff 00 00 00 ff 00 00 00 ff 00 00 00 ff 00 00 00 ff
                  00 00 00 ff 00 00 00 ff 00 00 00 ff 00 00 00 ff 00 00 00 ff
                  00 00 00 ff 00 00 00 ff 00 00 00 ff 00 00 00 ff 00 00 00 ff
                  00 00 00 ff 00 00 00 ff 00 00 00 ff 00 00 00 ff 00 00 00 ff
                  00 00 00 ff 00 00 00 ff 00 00 00 ff 00 00 00 ff 00 00 00 ff
                  00 00 00 ff 00 00 00 ff 00 00 00 ff 00 00 00 ff 00 00 00 ff
                  00 00 00 ff 00 00 00 ff 00 00 00 ff 00 00 00 ff 00 00 00 ff
                  00 00 00 ff 00 00 00 ff 00 00 00 ff 00 00 00 ff 00 00 00 ff
                  00 00 00 ff 00 00 00 ff 00 00 00 ff 00 00 00 ff 00 00 00 ff
                  00 00 00 ff 00 00 00 ff 00 00 00 ff 00 00 00 ff 00 00 00 ff
                  00 00 00 ff 00 00 00 ff 00 00 00 ff 00 00 00 ff 00 00 00 ff
                  00 00 00 ff 00 00 00 ff 00 00 00 ff 00 00 00 ff 00 00 00 ff
                  75 75 75 ff ff ff ff ff ff ff ff ff ff ff ff ff ff ff ff ff
                  ff ff ff ff ff ff ff ff 42 42 42 ff 00 00 00 ff 00 00 00 ff
                  00 00 00 ff 00 00 00 ff 00 00 00 ff 00 00 00 b7 00 00 00 00
                  00 00 00 00 00 00 00 00 00 00 00 00 00 00 00 00 00 00 00 00
                  00 00 00 00 00 00 00 00 00 00 00 00 00 00 00 00 00 00 00 00
                  00 00 00 00 00 00 00 00 00 00 00 00 00 00 00 00 00 00 00 00
                  00 00 00 00 00 00 00 00 00 00 00 00 00 00 00 00 00 00 00 00
                  00 00 00 00 00 00 00 00 00 00 00 14 00 00 00 f8 00 00 00 ff
                  00 00 00 ff 00 00 00 ff 00 00 00 ff 00 00 00 ff 95 95 95 ff
                  ff ff ff ff ff ff ff ff ff ff ff ff ff ff ff ff ff ff ff ff
                  ff ff ff ff 37 37 37 ff 00 00 00 ff 00 00 00 ff 00 00 00 ff
                  00 00 00 ff 00 00 00 ff 00 00 00 ff 00 00 00 ff 00 00 00 ff
                  00 00 00 ff 00 00 00 ff 00 00 00 ff 00 00 00 ff 00 00 00 ff
                  00 00 00 ff 00 00 00 ff 00 00 00 ff 00 00 00 ff 00 00 00 ff
                  00 00 00 ff 00 00 00 ff 00 00 00 ff 00 00 00 ff 00 00 00 ff
                  00 00 00 ff 00 00 00 ff 00 00 00 ff 00 00 00 ff 00 00 00 ff
                  00 00 00 ff 00 00 00 ff 00 00 00 ff 00 00 00 ff 00 00 00 ff
                  00 00 00 ff 00 00 00 ff 00 00 00 ff 00 00 00 ff 00 00 00 ff
                  00 00 00 ff 00 00 00 ff 00 00 00 ff 00 00 00 ff 00 00 00 ff
                  00 00 00 ff 00 00 00 ff 00 00 00 ff 00 00 00 ff 00 00 00 ff
                  00 00 00 ff 00 00 00 ff 00 00 00 ff 00 00 00 ff 00 00 00 ff
                  00 00 00 ff 00 00 00 ff 00 00 00 ff 00 00 00 ff 00 00 00 ff
                  00 00 00 ff 00 00 00 ff 00 00 00 ff 00 00 00 ff 00 00 00 ff
                  00 00 00 ff 00 00 00 ff 00 00 00 ff 00 00 00 ff 00 00 00 ff
                  00 00 00 ff 00 00 00 ff 00 00 00 ff 00 00 00 ff 00 00 00 ff
                  00 00 00 ff 00 00 00 ff 00 00 00 ff 13 13 13 ff f8 f8 f8 ff
                  ff ff ff ff ff ff ff ff ff ff ff ff ff ff ff ff ff ff ff ff
                  ac ac ac ff 00 00 00 ff 00 00 00 ff 00 00 00 ff 00 00 00 ff
                  00 00 00 ff 00 00 00 fe 00 00 00 22 00 00 00 00 00 00 00 00
                  00 00 00 00 00 00 00 00 00 00 00 00 00 00 00 00 00 00 00 00
                  00 00 00 00 00 00 00 00 00 00 00 00 00 00 00 00 00 00 00 00
                  00 00 00 00 00 00 00 00 00 00 00 00 00 00 00 00 00 00 00 00
                  00 00 00 00 00 00 00 00 00 00 00 00 00 00 00 00 00 00 00 00
                  00 00 00 77 00 00 00 ff 00 00 00 ff 00 00 00 ff 00 00 00 ff
                  00 00 00 ff 0d 0d 0d ff f3 f3 f3 ff ff ff ff ff ff ff ff ff
                  ff ff ff ff ff ff ff ff ff ff ff ff cc cc cc ff 00 00 00 ff
                  00 00 00 ff 00 00 00 ff 00 00 00 ff 00 00 00 ff 00 00 00 ff
                  00 00 00 ff 00 00 00 ff 00 00 00 ff 00 00 00 ff 00 00 00 ff
                  00 00 00 ff 00 00 00 ff 00 00 00 ff 00 00 00 ff 00 00 00 ff
                  00 00 00 ff 00 00 00 ff 00 00 00 ff 00 00 00 ff 00 00 00 ff
                  00 00 00 ff 00 00 00 ff 00 00 00 ff 00 00 00 ff 00 00 00 ff
                  00 00 00 ff 00 00 00 ff 00 00 00 ff 00 00 00 ff 00 00 00 ff
                  00 00 00 ff 00 00 00 ff 00 00 00 ff 00 00 00 ff 00 00 00 ff
                  00 00 00 ff 00 00 00 ff 00 00 00 ff 00 00 00 ff 00 00 00 ff
                  00 00 00 ff 00 00 00 ff 00 00 00 ff 00 00 00 ff 00 00 00 ff
                  00 00 00 ff 00 00 00 ff 00 00 00 ff 00 00 00 ff 00 00 00 ff
                  00 00 00 ff 00 00 00 ff 00 00 00 ff 00 00 00 ff 00 00 00 ff
                  00 00 00 ff 00 00 00 ff 00 00 00 ff 00 00 00 ff 00 00 00 ff
                  00 00 00 ff 00 00 00 ff 00 00 00 ff 00 00 00 ff 00 00 00 ff
                  00 00 00 ff 00 00 00 ff 00 00 00 ff 00 00 00 ff 00 00 00 ff
                  00 00 00 ff 00 00 00 ff 00 00 00 ff 00 00 00 ff 00 00 00 ff
                  00 00 00 ff 00 00 00 ff a0 a0 a0 ff ff ff ff ff ff ff ff ff
                  ff ff ff ff ff ff ff ff ff ff ff ff fc fc fc ff 1a 1a 1a ff
                  00 00 00 ff 00 00 00 ff 00 00 00 ff 00 00 00 ff 00 00 00 ff
                  00 00 00 8a 00 00 00 00 00 00 00 00 00 00 00 00 00 00 00 00
                  00 00 00 00 00 00 00 00 00 00 00 00 00 00 00 00 00 00 00 00
                  00 00 00 00 00 00 00 00 00 00 00 00 00 00 00 00 00 00 00 00
                  00 00 00 00 00 00 00 00 00 00 00 00 00 00 00 00 00 00 00 00
                  00 00 00 00 00 00 00 00 00 00 00 02 00 00 00 df 00 00 00 ff
                  00 00 00 ff 00 00 00 ff 00 00 00 ff 00 00 00 ff 6b 6b 6b ff
                  ff ff ff ff ff ff ff ff ff ff ff ff ff ff ff ff ff ff ff ff
                  ff ff ff ff 61 61 61 ff 00 00 00 ff 00 00 00 ff 00 00 00 ff
                  00 00 00 ff 00 00 00 ff 00 00 00 ff 00 00 00 ff 00 00 00 ff
                  00 00 00 ff 00 00 00 ff 00 00 00 ff 00 00 00 ff 00 00 00 ff
                  00 00 00 ff 00 00 00 ff 00 00 00 ff 00 00 00 ff 00 00 00 ff
                  00 00 00 ff 00 00 00 ff 00 00 00 ff 00 00 00 ff 00 00 00 ff
                  00 00 00 ff 00 00 00 ff 00 00 00 ff 00 00 00 ff 00 00 00 ff
                  00 00 00 ff 00 00 00 ff 00 00 00 ff 00 00 00 ff 00 00 00 ff
                  00 00 00 ff 00 00 00 ff 00 00 00 ff 00 00 00 ff 00 00 00 ff
                  00 00 00 ff 00 00 00 ff 00 00 00 ff 00 00 00 ff 00 00 00 ff
                  00 00 00 ff 00 00 00 ff 00 00 00 ff 00 00 00 ff 00 00 00 ff
                  00 00 00 ff 00 00 00 ff 00 00 00 ff 00 00 00 ff 00 00 00 ff
                  00 00 00 ff 00 00 00 ff 00 00 00 ff 00 00 00 ff 00 00 00 ff
                  00 00 00 ff 00 00 00 ff 00 00 00 ff 00 00 00 ff 00 00 00 ff
                  00 00 00 ff 00 00 00 ff 00 00 00 ff 00 00 00 ff 00 00 00 ff
                  00 00 00 ff 00 00 00 ff 00 00 00 ff 00 00 00 ff 00 00 00 ff
                  00 00 00 ff 00 00 00 ff 00 00 00 ff 00 00 00 ff 00 00 00 ff
                  35 35 35 ff ff ff ff ff ff ff ff ff ff ff ff ff ff ff ff ff
                  ff ff ff ff ff ff ff ff 80 80 80 ff 00 00 00 ff 00 00 00 ff
                  00 00 00 ff 00 00 00 ff 00 00 00 ff 00 00 00 ec 00 00 00 07
                  00 00 00 00 00 00 00 00 00 00 00 00 00 00 00 00 00 00 00 00
                  00 00 00 00 00 00 00 00 00 00 00 00 00 00 00 00 00 00 00 00
                  00 00 00 00 00 00 00 00 00 00 00 00 00 00 00 00 00 00 00 00
                  00 00 00 00 00 00 00 00 00 00 00 00 00 00 00 00 00 00 00 00
                  00 00 00 4c 00 00 00 ff 00 00 00 ff 00 00 00 ff 00 00 00 ff
                  00 00 00 ff 00 00 00 ff d5 d5 d5 ff ff ff ff ff ff ff ff ff
                  ff ff ff ff ff ff ff ff ff ff ff ff ee ee ee ff 09 09 09 ff
                  00 00 00 ff 00 00 00 ff 00 00 00 ff 00 00 00 ff 00 00 00 ff
                  00 00 00 ff 00 00 00 ff 00 00 00 ff 00 00 00 ff 00 00 00 ff
                  00 00 00 ff 00 00 00 ff 00 00 00 ff 00 00 00 ff 00 00 00 ff
                  00 00 00 ff 00 00 00 ff 00 00 00 ff 00 00 00 ff 00 00 00 ff
                  00 00 00 ff 00 00 00 ff 00 00 00 ff 00 00 00 ff 00 00 00 ff
                  00 00 00 ff 00 00 00 ff 00 00 00 ff 00 00 00 ff 00 00 00 ff
                  00 00 00 ff 00 00 00 ff 00 00 00 ff 00 00 00 ff 00 00 00 ff
                  00 00 00 ff 00 00 00 ff 00 00 00 ff 00 00 00 ff 00 00 00 ff
                  00 00 00 ff 00 00 00 ff 00 00 00 ff 00 00 00 ff 00 00 00 ff
                  00 00 00 ff 00 00 00 ff 00 00 00 ff 00 00 00 ff 00 00 00 ff
                  00 00 00 ff 00 00 00 ff 00 00 00 ff 00 00 00 ff 00 00 00 ff
                  00 00 00 ff 00 00 00 ff 00 00 00 ff 00 00 00 ff 00 00 00 ff
                  00 00 00 ff 00 00 00 ff 00 00 00 ff 00 00 00 ff 00 00 00 ff
                  00 00 00 ff 00 00 00 ff 00 00 00 ff 00 00 00 ff 00 00 00 ff
                  00 00 00 ff 00 00 00 ff 00 00 00 ff 00 00 00 ff 00 00 00 ff
                  00 00 00 ff 00 00 00 ff 00 00 00 ff 00 00 00 ff c9 c9 c9 ff
                  ff ff ff ff ff ff ff ff ff ff ff ff ff ff ff ff ff ff ff ff
                  e5 e5 e5 ff 04 04 04 ff 00 00 00 ff 00 00 00 ff 00 00 00 ff
                  00 00 00 ff 00 00 00 ff 00 00 00 5d 00 00 00 00 00 00 00 00
                  00 00 00 00 00 00 00 00 00 00 00 00 00 00 00 00 00 00 00 00
                  00 00 00 00 00 00 00 00 00 00 00 00 00 00 00 00 00 00 00 00
                  00 00 00 00 00 00 00 00 00 00 00 00 00 00 00 00 00 00 00 00
                  00 00 00 00 00 00 00 00 00 00 00 00 00 00 00 b7 00 00 00 ff
                  00 00 00 ff 00 00 00 ff 00 00 00 ff 00 00 00 ff 40 40 40 ff
                  ff ff ff ff ff ff ff ff ff ff ff ff ff ff ff ff ff ff ff ff
                  ff ff ff ff 8c 8c 8c ff 00 00 00 ff 00 00 00 ff 00 00 00 ff
                  00 00 00 ff 00 00 00 ff 00 00 00 ff 00 00 00 ff 00 00 00 ff
                  42 42 42 ff 60 60 60 ff 60 60 60 ff 60 60 60 ff 60 60 60 ff
                  60 60 60 ff 60 60 60 ff 60 60 60 ff 60 60 60 ff 60 60 60 ff
                  60 60 60 ff 60 60 60 ff 0c 0c 0c ff 00 00 00 ff 00 00 00 ff
                  00 00 00 ff 00 00 00 ff 00 00 00 ff 00 00 00 ff 00 00 00 ff
                  00 00 00 ff 00 00 00 ff 00 00 00 ff 00 00 00 ff 00 00 00 ff
                  00 00 00 ff 00 00 00 ff 00 00 00 ff 00 00 00 ff 00 00 00 ff
                  00 00 00 ff 00 00 00 ff 00 00 00 ff 00 00 00 ff 00 00 00 ff
                  00 00 00 ff 00 00 00 ff 00 00 00 ff 00 00 00 ff 00 00 00 ff
                  00 00 00 ff 00 00 00 ff 00 00 00 ff 00 00 00 ff 00 00 00 ff
                  00 00 00 ff 00 00 00 ff 00 00 00 ff 00 00 00 ff 00 00 00 ff
                  00 00 00 ff 00 00 00 ff 54 54 54 ff 60 60 60 ff 60 60 60 ff
                  60 60 60 ff 60 60 60 ff 60 60 60 ff 60 60 60 ff 60 60 60 ff
                  60 60 60 ff 60 60 60 ff 60 60 60 ff 60 60 60 ff 00 00 00 ff
                  00 00 00 ff 00 00 00 ff 00 00 00 ff 00 00 00 ff 00 00 00 ff
                  00 00 00 ff 00 00 00 ff 5f 5f 5f ff ff ff ff ff ff ff ff ff
                  ff ff ff ff ff ff ff ff ff ff ff ff ff ff ff ff 52 52 52 ff
                  00 00 00 ff 00 00 00 ff 00 00 00 ff 00 00 00 ff 00 00 00 ff
                  00 00 00 c7 00 00 00 00 00 00 00 00 00 00 00 00 00 00 00 00
                  00 00 00 00 00 00 00 00 00 00 00 00 00 00 00 00 00 00 00 00
                  00 00 00 00 00 00 00 00 00 00 00 00 00 00 00 00 00 00 00 00
                  00 00 00 00 00 00 00 00 00 00 00 00 00 00 00 00 00 00 00 00
                  00 00 00 23 00 00 00 fe 00 00 00 ff 00 00 00 ff 00 00 00 ff
                  00 00 00 ff 00 00 00 ff ab ab ab ff ff ff ff ff ff ff ff ff
                  ff ff ff ff ff ff ff ff ff ff ff ff fe fe fe ff 23 23 23 ff
                  00 00 00 ff 00 00 00 ff 00 00 00 ff 00 00 00 ff 00 00 00 ff
                  00 00 00 ff 00 00 00 ff 00 00 00 ff b0 b0 b0 ff ff ff ff ff
                  ff ff ff ff ff ff ff ff ff ff ff ff ff ff ff ff ff ff ff ff
                  ff ff ff ff ff ff ff ff ff ff ff ff ff ff ff ff ff ff ff ff
                  20 20 20 ff 00 00 00 ff 00 00 00 ff 00 00 00 ff 00 00 00 ff
                  00 00 00 ff 00 00 00 ff 00 00 00 ff 00 00 00 ff 00 00 00 ff
                  00 00 00 ff 00 00 00 ff 00 00 00 ff 00 00 00 ff 00 00 00 ff
                  00 00 00 ff 00 00 00 ff 00 00 00 ff 00 00 00 ff 00 00 00 ff
                  00 00 00 ff 00 00 00 ff 00 00 00 ff 00 00 00 ff 00 00 00 ff
                  00 00 00 ff 00 00 00 ff 00 00 00 ff 00 00 00 ff 00 00 00 ff
                  00 00 00 ff 00 00 00 ff 00 00 00 ff 00 00 00 ff 00 00 00 ff
                  00 00 00 ff 00 00 00 ff 00 00 00 ff 00 00 00 ff 00 00 00 ff
                  e0 e0 e0 ff ff ff ff ff ff ff ff ff ff ff ff ff ff ff ff ff
                  ff ff ff ff ff ff ff ff ff ff ff ff ff ff ff ff ff ff ff ff
                  ff ff ff ff ff ff ff ff 00 00 00 ff 00 00 00 ff 00 00 00 ff
                  00 00 00 ff 00 00 00 ff 00 00 00 ff 00 00 00 ff 00 00 00 ff
                  08 08 08 ff ec ec ec ff ff ff ff ff ff ff ff ff ff ff ff ff
                  ff ff ff ff ff ff ff ff bc bc bc ff 00 00 00 ff 00 00 00 ff
                  00 00 00 ff 00 00 00 ff 00 00 00 ff 00 00 00 ff 00 00 00 30
                  00 00 00 00 00 00 00 00 00 00 00 00 00 00 00 00 00 00 00 00
                  00 00 00 00 00 00 00 00 00 00 00 00 00 00 00 00 00 00 00 00
                  00 00 00 00 00 00 00 00 00 00 00 00 00 00 00 00 00 00 00 00
                  00 00 00 00 00 00 00 00 00 00 00 00 00 00 00 8d 00 00 00 ff
                  00 00 00 ff 00 00 00 ff 00 00 00 ff 00 00 00 ff 1b 1b 1b ff
                  fc fc fc ff ff ff ff ff ff ff ff ff ff ff ff ff ff ff ff ff
                  ff ff ff ff b7 b7 b7 ff 00 00 00 ff 00 00 00 ff 00 00 00 ff
                  00 00 00 ff 00 00 00 ff 00 00 00 ff 00 00 00 ff 00 00 00 ff
                  00 00 00 ff b0 b0 b0 ff ff ff ff ff ff ff ff ff ff ff ff ff
                  ff ff ff ff ff ff ff ff ff ff ff ff ff ff ff ff ff ff ff ff
                  ff ff ff ff ff ff ff ff ff ff ff ff 20 20 20 ff 00 00 00 ff
                  00 00 00 ff 00 00 00 ff 00 00 00 ff 00 00 00 ff 00 00 00 ff
                  00 00 00 ff 00 00 00 ff 00 00 00 ff 00 00 00 ff 00 00 00 ff
                  00 00 00 ff 00 00 00 ff 00 00 00 ff 00 00 00 ff 00 00 00 ff
                  00 00 00 ff 00 00 00 ff 00 00 00 ff 00 00 00 ff 00 00 00 ff
                  00 00 00 ff 00 00 00 ff 00 00 00 ff 00 00 00 ff 00 00 00 ff
                  00 00 00 ff 00 00 00 ff 00 00 00 ff 00 00 00 ff 00 00 00 ff
                  00 00 00 ff 00 00 00 ff 00 00 00 ff 00 00 00 ff 00 00 00 ff
                  00 00 00 ff 00 00 00 ff 00 00 00 ff e0 e0 e0 ff ff ff ff ff
                  ff ff ff ff ff ff ff ff ff ff ff ff ff ff ff ff ff ff ff ff
                  ff ff ff ff ff ff ff ff ff ff ff ff ff ff ff ff ff ff ff ff
                  00 00 00 ff 00 00 00 ff 00 00 00 ff 00 00 00 ff 00 00 00 ff
                  00 00 00 ff 00 00 00 ff 00 00 00 ff 00 00 00 ff 89 89 89 ff
                  ff ff ff ff ff ff ff ff ff ff ff ff ff ff ff ff ff ff ff ff
                  ff ff ff ff 26 26 26 ff 00 00 00 ff 00 00 00 ff 00 00 00 ff
                  00 00 00 ff 00 00 00 ff 00 00 00 9a 00 00 00 00 00 00 00 00
                  00 00 00 00 00 00 00 00 00 00 00 00 00 00 00 00 00 00 00 00
                  00 00 00 00 00 00 00 00 00 00 00 00 00 00 00 00 00 00 00 00
                  00 00 00 00 00 00 00 00 00 00 00 00 00 00 00 00 00 00 00 00
                  00 00 00 0a 00 00 00 ee 00 00 00 ff 00 00 00 ff 00 00 00 ff
                  00 00 00 ff 00 00 00 ff 81 81 81 ff ff ff ff ff ff ff ff ff
                  ff ff ff ff ff ff ff ff ff ff ff ff ff ff ff ff 4c 4c 4c ff
                  00 00 00 ff 00 00 00 ff 00 00 00 ff 00 00 00 ff 00 00 00 ff
                  00 00 00 ff 00 00 00 ff 00 00 00 ff 00 00 00 ff b0 b0 b0 ff
                  ff ff ff ff ff ff ff ff ff ff ff ff ff ff ff ff ff ff ff ff
                  ff ff ff ff ff ff ff ff ff ff ff ff ff ff ff ff ff ff ff ff
                  ff ff ff ff 20 20 20 ff 00 00 00 ff 00 00 00 ff 00 00 00 ff
                  00 00 00 ff 00 00 00 ff 00 00 00 ff 00 00 00 ff 00 00 00 ff
                  00 00 00 ff 00 00 00 ff 00 00 00 ff 00 00 00 ff 00 00 00 ff
                  00 00 00 ff 00 00 00 ff 00 00 00 ff 00 00 00 ff 00 00 00 ff
                  00 00 00 ff 00 00 00 ff 00 00 00 ff 00 00 00 ff 00 00 00 ff
                  00 00 00 ff 00 00 00 ff 00 00 00 ff 00 00 00 ff 00 00 00 ff
                  00 00 00 ff 00 00 00 ff 00 00 00 ff 00 00 00 ff 00 00 00 ff
                  00 00 00 ff 00 00 00 ff 00 00 00 ff 00 00 00 ff 00 00 00 ff
                  00 00 00 ff e0 e0 e0 ff ff ff ff ff ff ff ff ff ff ff ff ff
                  ff ff ff ff ff ff ff ff ff ff ff ff ff ff ff ff ff ff ff ff
                  ff ff ff ff ff ff ff ff ff ff ff ff 00 00 00 ff 00 00 00 ff
                  00 00 00 ff 00 00 00 ff 00 00 00 ff 00 00 00 ff 00 00 00 ff
                  00 00 00 ff 00 00 00 ff 21 21 21 ff fe fe fe ff ff ff ff ff
                  ff ff ff ff ff ff ff ff ff ff ff ff ff ff ff ff 90 90 90 ff
                  00 00 00 ff 00 00 00 ff 00 00 00 ff 00 00 00 ff 00 00 00 ff
                  00 00 00 f5 00 00 00 0e 00 00 00 00 00 00 00 00 00 00 00 00
                  00 00 00 00 00 00 00 00 00 00 00 00 00 00 00 00 00 00 00 00
                  00 00 00 00 00 00 00 00 00 00 00 00 00 00 00 00 00 00 00 00
                  00 00 00 00 00 00 00 00 00 00 00 00 00 00 00 62 00 00 00 ff
                  00 00 00 ff 00 00 00 ff 00 00 00 ff 00 00 00 ff 05 05 05 ff
                  e7 e7 e7 ff ff ff ff ff ff ff ff ff ff ff ff ff ff ff ff ff
                  ff ff ff ff df df df ff 02 02 02 ff 00 00 00 ff 00 00 00 ff
                  00 00 00 ff 00 00 00 ff 00 00 00 ff 00 00 00 ff 00 00 00 ff
                  00 00 00 ff 00 00 00 ff b0 b0 b0 ff ff ff ff ff ff ff ff ff
                  ff ff ff ff ff ff ff ff ff ff ff ff ff ff ff ff ff ff ff ff
                  ff ff ff ff ff ff ff ff ff ff ff ff ff ff ff ff 20 20 20 ff
                  00 00 00 ff 00 00 00 ff 00 00 00 ff 00 00 00 ff 00 00 00 ff
                  00 00 00 ff 00 00 00 ff 00 00 00 ff 00 00 00 ff 00 00 00 ff
                  00 00 00 ff 00 00 00 ff 00 00 00 ff 00 00 00 ff 00 00 00 ff
                  00 00 00 ff 00 00 00 ff 00 00 00 ff 00 00 00 ff 00 00 00 ff
                  00 00 00 ff 00 00 00 ff 00 00 00 ff 00 00 00 ff 00 00 00 ff
                  00 00 00 ff 00 00 00 ff 00 00 00 ff 00 00 00 ff 00 00 00 ff
                  00 00 00 ff 00 00 00 ff 00 00 00 ff 00 00 00 ff 00 00 00 ff
                  00 00 00 ff 00 00 00 ff 00 00 00 ff 00 00 00 ff e0 e0 e0 ff
                  ff ff ff ff ff ff ff ff ff ff ff ff ff ff ff ff ff ff ff ff
                  ff ff ff ff ff ff ff ff ff ff ff ff ff ff ff ff ff ff ff ff
                  ff ff ff ff 00 00 00 ff 00 00 00 ff 00 00 00 ff 00 00 00 ff
                  00 00 00 ff 00 00 00 ff 00 00 00 ff 00 00 00 ff 00 00 00 ff
                  00 00 00 ff b4 b4 b4 ff ff ff ff ff ff ff ff ff ff ff ff ff
                  ff ff ff ff ff ff ff ff ef ef ef ff 0a 0a 0a ff 00 00 00 ff
                  00 00 00 ff 00 00 00 ff 00 00 00 ff 00 00 00 ff 00 00 00 6d
                  00 00 00 00 00 00 00 00 00 00 00 00 00 00 00 00 00 00 00 00
                  00 00 00 00 00 00 00 00 00 00 00 00 00 00 00 00 00 00 00 00
                  00 00 00 00 00 00 00 00 00 00 00 00 00 00 00 00 00 00 00 00
                  00 00 00 00 00 00 00 ce 00 00 00 ff 00 00 00 ff 00 00 00 ff
                  00 00 00 ff 00 00 00 ff 57 57 57 ff ff ff ff ff ff ff ff ff
                  ff ff ff ff ff ff ff ff ff ff ff ff ff ff ff ff 77 77 77 ff
                  00 00 00 ff 00 00 00 ff 00 00 00 ff 00 00 00 ff 00 00 00 ff
                  00 00 00 ff 00 00 00 ff 00 00 00 ff 00 00 00 ff 00 00 00 ff
                  b0 b0 b0 ff ff ff ff ff ff ff ff ff ff ff ff ff ff ff ff ff
                  ff ff ff ff ff ff ff ff ff ff ff ff ff ff ff ff ff ff ff ff
                  ff ff ff ff ff ff ff ff 20 20 20 ff 00 00 00 ff 00 00 00 ff
                  00 00 00 ff 00 00 00 ff 00 00 00 ff 00 00 00 ff 00 00 00 ff
                  00 00 00 ff 00 00 00 ff 00 00 00 ff 00 00 00 ff 00 00 00 ff
                  00 00 00 ff 00 00 00 ff 00 00 00 ff 00 00 00 ff 00 00 00 ff
                  00 00 00 ff 00 00 00 ff 00 00 00 ff 00 00 00 ff 00 00 00 ff
                  00 00 00 ff 00 00 00 ff 00 00 00 ff 00 00 00 ff 00 00 00 ff
                  00 00 00 ff 00 00 00 ff 00 00 00 ff 00 00 00 ff 00 00 00 ff
                  00 00 00 ff 00 00 00 ff 00 00 00 ff 00 00 00 ff 00 00 00 ff
                  00 00 00 ff 00 00 00 ff e0 e0 e0 ff ff ff ff ff ff ff ff ff
                  ff ff ff ff ff ff ff ff ff ff ff ff ff ff ff ff ff ff ff ff
                  ff ff ff ff ff ff ff ff ff ff ff ff ff ff ff ff 00 00 00 ff
                  00 00 00 ff 00 00 00 ff 00 00 00 ff 00 00 00 ff 00 00 00 ff
                  00 00 00 ff 00 00 00 ff 00 00 00 ff 00 00 00 ff 49 49 49 ff
                  ff ff ff ff ff ff ff ff ff ff ff ff ff ff ff ff ff ff ff ff
                  ff ff ff ff 62 62 62 ff 00 00 00 ff 00 00 00 ff 00 00 00 ff
                  00 00 00 ff 00 00 00 ff 00 00 00 d6 00 00 00 00 00 00 00 00
                  00 00 00 00 00 00 00 00 00 00 00 00 00 00 00 00 00 00 00 00
                  00 00 00 00 00 00 00 00 00 00 00 00 00 00 00 00 00 00 00 00
                  00 00 00 00 00 00 00 00 00 00 00 00 00 00 00 38 00 00 00 ff
                  00 00 00 ff 00 00 00 ff 00 00 00 ff 00 00 00 ff 00 00 00 ff
                  c1 c1 c1 ff ff ff ff ff ff ff ff ff ff ff ff ff ff ff ff ff
                  ff ff ff ff f8 f8 f8 ff 14 14 14 ff 00 00 00 ff 00 00 00 ff
                  00 00 00 ff 00 00 00 ff 00 00 00 ff 00 00 00 ff 00 00 00 ff
                  00 00 00 ff 00 00 00 ff 00 00 00 ff b0 b0 b0 ff ff ff ff ff
                  ff ff ff ff ff ff ff ff ff ff ff ff ff ff ff ff ff ff ff ff
                  ff ff ff ff ff ff ff ff ff ff ff ff ff ff ff ff ff ff ff ff
                  20 20 20 ff 00 00 00 ff 00 00 00 ff 00 00 00 ff 00 00 00 ff
                  00 00 00 ff 00 00 00 ff 00 00 00 ff 00 00 00 ff 00 00 00 ff
                  00 00 00 ff 00 00 00 ff 00 00 00 ff 00 00 00 ff 00 00 00 ff
                  00 00 00 ff 00 00 00 ff 00 00 00 ff 00 00 00 ff 00 00 00 ff
                  00 00 00 ff 00 00 00 ff 00 00 00 ff 00 00 00 ff 00 00 00 ff
                  00 00 00 ff 00 00 00 ff 00 00 00 ff 00 00 00 ff 00 00 00 ff
                  00 00 00 ff 00 00 00 ff 00 00 00 ff 00 00 00 ff 00 00 00 ff
                  00 00 00 ff 00 00 00 ff 00 00 00 ff 00 00 00 ff 00 00 00 ff
                  e0 e0 e0 ff ff ff ff ff ff ff ff ff ff ff ff ff ff ff ff ff
                  ff ff ff ff ff ff ff ff ff ff ff ff ff ff ff ff ff ff ff ff
                  ff ff ff ff ff ff ff ff 00 00 00 ff 00 00 00 ff 00 00 00 ff
                  00 00 00 ff 00 00 00 ff 00 00 00 ff 00 00 00 ff 00 00 00 ff
                  00 00 00 ff 00 00 00 ff 02 02 02 ff dd dd dd ff ff ff ff ff
                  ff ff ff ff ff ff ff ff ff ff ff ff ff ff ff ff cc cc cc ff
                  00 00 00 ff 00 00 00 ff 00 00 00 ff 00 00 00 ff 00 00 00 ff
                  00 00 00 ff 00 00 00 40 00 00 00 00 00 00 00 00 00 00 00 00
                  00 00 00 00 00 00 00 00 00 00 00 00 00 00 00 00 00 00 00 00
                  00 00 00 00 00 00 00 00 00 00 00 00 00 00 00 00 00 00 00 00
                  00 00 00 00 00 00 00 a2 00 00 00 ff 00 00 00 ff 00 00 00 ff
                  00 00 00 ff 00 00 00 ff 2c 2c 2c ff ff ff ff ff ff ff ff ff
                  ff ff ff ff ff ff ff ff ff ff ff ff ff ff ff ff a1 a1 a1 ff
                  00 00 00 ff 00 00 00 ff 00 00 00 ff 00 00 00 ff 00 00 00 ff
                  00 00 00 ff 00 00 00 ff 00 00 00 ff 00 00 00 ff 00 00 00 ff
                  00 00 00 ff b0 b0 b0 ff ff ff ff ff ff ff ff ff ff ff ff ff
                  ff ff ff ff ff ff ff ff ff ff ff ff ff ff ff ff ff ff ff ff
                  ff ff ff ff ff ff ff ff ff ff ff ff 20 20 20 ff 00 00 00 ff
                  00 00 00 ff 00 00 00 ff 00 00 00 ff 00 00 00 ff 00 00 00 ff
                  00 00 00 ff 00 00 00 ff 00 00 00 ff 00 00 00 ff 00 00 00 ff
                  00 00 00 ff 00 00 00 ff 00 00 00 ff 00 00 00 ff 00 00 00 ff
                  00 00 00 ff 00 00 00 ff 00 00 00 ff 00 00 00 ff 00 00 00 ff
                  00 00 00 ff 00 00 00 ff 00 00 00 ff 00 00 00 ff 00 00 00 ff
                  00 00 00 ff 00 00 00 ff 00 00 00 ff 00 00 00 ff 00 00 00 ff
                  00 00 00 ff 00 00 00 ff 00 00 00 ff 00 00 00 ff 00 00 00 ff
                  00 00 00 ff 00 00 00 ff 00 00 00 ff e0 e0 e0 ff ff ff ff ff
                  ff ff ff ff ff ff ff ff ff ff ff ff ff ff ff ff ff ff ff ff
                  ff ff ff ff ff ff ff ff ff ff ff ff ff ff ff ff ff ff ff ff
                  00 00 00 ff 00 00 00 ff 00 00 00 ff 00 00 00 ff 00 00 00 ff
                  00 00 00 ff 00 00 00 ff 00 00 00 ff 00 00 00 ff 00 00 00 ff
                  00 00 00 ff 74 74 74 ff ff ff ff ff ff ff ff ff ff ff ff ff
                  ff ff ff ff ff ff ff ff ff ff ff ff 35 35 35 ff 00 00 00 ff
                  00 00 00 ff 00 00 00 ff 00 00 00 ff 00 00 00 ff 00 00 00 aa
                  00 00 00 00 00 00 00 00 00 00 00 00 00 00 00 00 00 00 00 00
                  00 00 00 00 00 00 00 00 00 00 00 00 00 00 00 00 00 00 00 00
                  00 00 00 00 00 00 00 00 00 00 00 00 00 00 00 15 00 00 00 f9
                  00 00 00 ff 00 00 00 ff 00 00 00 ff 00 00 00 ff 00 00 00 ff
                  97 97 97 ff ff ff ff ff ff ff ff ff ff ff ff ff ff ff ff ff
                  ff ff ff ff ff ff ff ff 37 37 37 ff 00 00 00 ff 00 00 00 ff
                  00 00 00 ff 00 00 00 ff 00 00 00 ff 00 00 00 ff 00 00 00 ff
                  00 00 00 ff 00 00 00 ff 00 00 00 ff 00 00 00 ff b0 b0 b0 ff
                  ff ff ff ff ff ff ff ff ff ff ff ff ff ff ff ff ff ff ff ff
                  ff ff ff ff ff ff ff ff ff ff ff ff ff ff ff ff ff ff ff ff
                  ff ff ff ff 20 20 20 ff 00 00 00 ff 00 00 00 ff 00 00 00 ff
                  00 00 00 ff 00 00 00 ff 00 00 00 ff 00 00 00 ff 00 00 00 ff
                  00 00 00 ff 00 00 00 ff 00 00 00 ff 00 00 00 ff 00 00 00 ff
                  00 00 00 ff 00 00 00 ff 00 00 00 ff 00 00 00 ff 00 00 00 ff
                  00 00 00 ff 00 00 00 ff 00 00 00 ff 00 00 00 ff 00 00 00 ff
                  00 00 00 ff 00 00 00 ff 00 00 00 ff 00 00 00 ff 00 00 00 ff
                  00 00 00 ff 00 00 00 ff 00 00 00 ff 00 00 00 ff 00 00 00 ff
                  00 00 00 ff 00 00 00 ff 00 00 00 ff 00 00 00 ff 00 00 00 ff
                  00 00 00 ff e0 e0 e0 ff ff ff ff ff ff ff ff ff ff ff ff ff
                  ff ff ff ff ff ff ff ff ff ff ff ff ff ff ff ff ff ff ff ff
                  ff ff ff ff ff ff ff ff ff ff ff ff 00 00 00 ff 00 00 00 ff
                  00 00 00 ff 00 00 00 ff 00 00 00 ff 00 00 00 ff 00 00 00 ff
                  00 00 00 ff 00 00 00 ff 00 00 00 ff 00 00 00 ff 12 12 12 ff
                  f7 f7 f7 ff ff ff ff ff ff ff ff ff ff ff ff ff ff ff ff ff
                  ff ff ff ff 9f 9f 9f ff 00 00 00 ff 00 00 00 ff 00 00 00 ff
                  00 00 00 ff 00 00 00 ff 00 00 00 fb 00 00 00 18 00 00 00 00
                  00 00 00 00 00 00 00 00 00 00 00 00 00 00 00 00 00 00 00 00
                  00 00 00 00 00 00 00 00 00 00 00 00 00 00 00 00 00 00 00 00
                  00 00 00 00 00 00 00 78 00 00 00 ff 00 00 00 ff 00 00 00 ff
                  00 00 00 ff 00 00 00 ff 0e 0e 0e ff f3 f3 f3 ff ff ff ff ff
                  ff ff ff ff ff ff ff ff ff ff ff ff ff ff ff ff cc cc cc ff
                  00 00 00 ff 00 00 00 ff 00 00 00 ff 00 00 00 ff 00 00 00 ff
                  00 00 00 ff 00 00 00 ff 00 00 00 ff 00 00 00 ff 00 00 00 ff
                  00 00 00 ff 00 00 00 ff b0 b0 b0 ff ff ff ff ff ff ff ff ff
                  ff ff ff ff ff ff ff ff ff ff ff ff ff ff ff ff ff ff ff ff
                  ff ff ff ff ff ff ff ff ff ff ff ff ff ff ff ff 20 20 20 ff
                  00 00 00 ff 00 00 00 ff 00 00 00 ff 00 00 00 ff 00 00 00 ff
                  00 00 00 ff 00 00 00 ff 00 00 00 ff 00 00 00 ff 00 00 00 ff
                  00 00 00 ff 00 00 00 ff 00 00 00 ff 00 00 00 ff 00 00 00 ff
                  00 00 00 ff 00 00 00 ff 00 00 00 ff 00 00 00 ff 00 00 00 ff
                  00 00 00 ff 00 00 00 ff 00 00 00 ff 00 00 00 ff 00 00 00 ff
                  00 00 00 ff 00 00 00 ff 00 00 00 ff 00 00 00 ff 00 00 00 ff
                  00 00 00 ff 00 00 00 ff 00 00 00 ff 00 00 00 ff 00 00 00 ff
                  00 00 00 ff 00 00 00 ff 00 00 00 ff 00 00 00 ff e0 e0 e0 ff
                  ff ff ff ff ff ff ff ff ff ff ff ff ff ff ff ff ff ff ff ff
                  ff ff ff ff ff ff ff ff ff ff ff ff ff ff ff ff ff ff ff ff
                  ff ff ff ff 00 00 00 ff 00 00 00 ff 00 00 00 ff 00 00 00 ff
                  00 00 00 ff 00 00 00 ff 00 00 00 ff 00 00 00 ff 00 00 00 ff
                  00 00 00 ff 00 00 00 ff 00 00 00 ff 9f 9f 9f ff ff ff ff ff
                  ff ff ff ff ff ff ff ff ff ff ff ff ff ff ff ff f7 f7 f7 ff
                  12 12 12 ff 00 00 00 ff 00 00 00 ff 00 00 00 ff 00 00 00 ff
                  00 00 00 ff 00 00 00 7d 00 00 00 00 00 00 00 00 00 00 00 00
                  00 00 00 00 00 00 00 00 00 00 00 00 00 00 00 00 00 00 00 00
                  00 00 00 00 00 00 00 00 00 00 00 00 00 00 00 02 00 00 00 e0
                  00 00 00 ff 00 00 00 ff 00 00 00 ff 00 00 00 ff 00 00 00 ff
                  6c 6c 6c ff ff ff ff ff ff ff ff ff ff ff ff ff ff ff ff ff
                  ff ff ff ff ff ff ff ff 61 61 61 ff 00 00 00 ff 00 00 00 ff
                  00 00 00 ff 00 00 00 ff 00 00 00 ff 00 00 00 ff 00 00 00 ff
                  00 00 00 ff 00 00 00 ff 00 00 00 ff 00 00 00 ff 00 00 00 ff
                  b0 b0 b0 ff ff ff ff ff ff ff ff ff ff ff ff ff ff ff ff ff
                  ff ff ff ff ff ff ff ff ff ff ff ff ff ff ff ff ff ff ff ff
                  ff ff ff ff ff ff ff ff 20 20 20 ff 00 00 00 ff 00 00 00 ff
                  00 00 00 ff 00 00 00 ff 00 00 00 ff 00 00 00 ff 00 00 00 ff
                  00 00 00 ff 00 00 00 ff 00 00 00 ff 00 00 00 ff 00 00 00 ff
                  00 00 00 ff 00 00 00 ff 00 00 00 ff 00 00 00 ff 00 00 00 ff
                  00 00 00 ff 00 00 00 ff 00 00 00 ff 00 00 00 ff 00 00 00 ff
                  00 00 00 ff 00 00 00 ff 00 00 00 ff 00 00 00 ff 00 00 00 ff
                  00 00 00 ff 00 00 00 ff 00 00 00 ff 00 00 00 ff 00 00 00 ff
                  00 00 00 ff 00 00 00 ff 00 00 00 ff 00 00 00 ff 00 00 00 ff
                  00 00 00 ff 00 00 00 ff e0 e0 e0 ff ff ff ff ff ff ff ff ff
                  ff ff ff ff ff ff ff ff ff ff ff ff ff ff ff ff ff ff ff ff
                  ff ff ff ff ff ff ff ff ff ff ff ff ff ff ff ff 00 00 00 ff
                  00 00 00 ff 00 00 00 ff 00 00 00 ff 00 00 00 ff 00 00 00 ff
                  00 00 00 ff 00 00 00 ff 00 00 00 ff 00 00 00 ff 00 00 00 ff
                  00 00 00 ff 34 34 34 ff ff ff ff ff ff ff ff ff ff ff ff ff
                  ff ff ff ff ff ff ff ff ff ff ff ff 72 72 72 ff 00 00 00 ff
                  00 00 00 ff 00 00 00 ff 00 00 00 ff 00 00 00 ff 00 00 00 e3
                  00 00 00 03 00 00 00 00 00 00 00 00 00 00 00 00 00 00 00 00
                  00 00 00 00 00 00 00 00 00 00 00 00 00 00 00 00 00 00 00 00
                  00 00 00 00 00 00 00 4e 00 00 00 ff 00 00 00 ff 00 00 00 ff
                  00 00 00 ff 00 00 00 ff 01 01 01 ff d6 d6 d6 ff ff ff ff ff
                  ff ff ff ff ff ff ff ff ff ff ff ff ff ff ff ff ee ee ee ff
                  09 09 09 ff 00 00 00 ff 00 00 00 ff 00 00 00 ff 00 00 00 ff
                  00 00 00 ff 00 00 00 ff 00 00 00 ff 00 00 00 ff 00 00 00 ff
                  00 00 00 ff 00 00 00 ff 00 00 00 ff b0 b0 b0 ff ff ff ff ff
                  ff ff ff ff ff ff ff ff ff ff ff ff ff ff ff ff ff ff ff ff
                  ff ff ff ff ff ff ff ff ff ff ff ff ff ff ff ff ff ff ff ff
                  20 20 20 ff 00 00 00 ff 00 00 00 ff 00 00 00 ff 00 00 00 ff
                  00 00 00 ff 00 00 00 ff 00 00 00 ff 00 00 00 ff 00 00 00 ff
                  00 00 00 ff 00 00 00 ff 00 00 00 ff 00 00 00 ff 00 00 00 ff
                  00 00 00 ff 00 00 00 ff 00 00 00 ff 00 00 00 ff 00 00 00 ff
                  00 00 00 ff 00 00 00 ff 00 00 00 ff 00 00 00 ff 00 00 00 ff
                  00 00 00 ff 00 00 00 ff 00 00 00 ff 00 00 00 ff 00 00 00 ff
                  00 00 00 ff 00 00 00 ff 00 00 00 ff 00 00 00 ff 00 00 00 ff
                  00 00 00 ff 00 00 00 ff 00 00 00 ff 00 00 00 ff 00 00 00 ff
                  e0 e0 e0 ff ff ff ff ff ff ff ff ff ff ff ff ff ff ff ff ff
                  ff ff ff ff ff ff ff ff ff ff ff ff ff ff ff ff ff ff ff ff
                  ff ff ff ff ff ff ff ff 00 00 00 ff 00 00 00 ff 00 00 00 ff
                  00 00 00 ff 00 00 00 ff 00 00 00 ff 00 00 00 ff 00 00 00 ff
                  00 00 00 ff 00 00 00 ff 00 00 00 ff 00 00 00 ff 00 00 00 ff
                  c9 c9 c9 ff ff ff ff ff ff ff ff ff ff ff ff ff ff ff ff ff
                  ff ff ff ff db db db ff 01 01 01 ff 00 00 00 ff 00 00 00 ff
                  00 00 00 ff 00 00 00 ff 00 00 00 ff 00 00 00 50 00 00 00 00
                  00 00 00 00 00 00 00 00 00 00 00 00 00 00 00 00 00 00 00 00
                  00 00 00 00 00 00 00 00 00 00 00 00 00 00 00 00 00 00 00 b8
                  00 00 00 ff 00 00 00 ff 00 00 00 ff 00 00 00 ff 00 00 00 ff
                  41 41 41 ff ff ff ff ff ff ff ff ff ff ff ff ff ff ff ff ff
                  ff ff ff ff ff ff ff ff 8c 8c 8c ff 00 00 00 ff 00 00 00 ff
                  00 00 00 ff 00 00 00 ff 00 00 00 ff 00 00 00 ff 00 00 00 ff
                  00 00 00 ff 00 00 00 ff 00 00 00 ff 00 00 00 ff 00 00 00 ff
                  00 00 00 ff b0 b0 b0 ff ff ff ff ff ff ff ff ff ff ff ff ff
                  ff ff ff ff ff ff ff ff ff ff ff ff ff ff ff ff ff ff ff ff
                  ff ff ff ff ff ff ff ff ff ff ff ff 20 20 20 ff 00 00 00 ff
                  00 00 00 ff 00 00 00 ff 00 00 00 ff 00 00 00 ff 00 00 00 ff
                  00 00 00 ff 00 00 00 ff 00 00 00 ff 00 00 00 ff 00 00 00 ff
                  00 00 00 ff 00 00 00 ff 00 00 00 ff 00 00 00 ff 00 00 00 ff
                  00 00 00 ff 00 00 00 ff 00 00 00 ff 00 00 00 ff 00 00 00 ff
                  00 00 00 ff 00 00 00 ff 00 00 00 ff 00 00 00 ff 00 00 00 ff
                  00 00 00 ff 00 00 00 ff 00 00 00 ff 00 00 00 ff 00 00 00 ff
                  00 00 00 ff 00 00 00 ff 00 00 00 ff 00 00 00 ff 00 00 00 ff
                  00 00 00 ff 00 00 00 ff 00 00 00 ff e0 e0 e0 ff ff ff ff ff
                  ff ff ff ff ff ff ff ff ff ff ff ff ff ff ff ff ff ff ff ff
                  ff ff ff ff ff ff ff ff ff ff ff ff ff ff ff ff ff ff ff ff
                  00 00 00 ff 00 00 00 ff 00 00 00 ff 00 00 00 ff 00 00 00 ff
                  00 00 00 ff 00 00 00 ff 00 00 00 ff 00 00 00 ff 00 00 00 ff
                  00 00 00 ff 00 00 00 ff 00 00 00 ff 5f 5f 5f ff ff ff ff ff
                  ff ff ff ff ff ff ff ff ff ff ff ff ff ff ff ff ff ff ff ff
                  45 45 45 ff 00 00 00 ff 00 00 00 ff 00 00 00 ff 00 00 00 ff
                  00 00 00 ff 00 00 00 b9 00 00 00 00 00 00 00 00 00 00 00 00
                  00 00 00 00 00 00 00 00 00 00 00 00 00 00 00 00 00 00 00 00
                  00 00 00 00 00 00 00 24 00 00 00 fe 00 00 00 ff 00 00 00 ff
                  00 00 00 ff 00 00 00 ff 00 00 00 ff ac ac ac ff ff ff ff ff
                  ff ff ff ff ff ff ff ff ff ff ff ff ff ff ff ff fe fe fe ff
                  22 22 22 ff 00 00 00 ff 00 00 00 ff 00 00 00 ff 00 00 00 ff
                  00 00 00 ff 00 00 00 ff 00 00 00 ff 00 00 00 ff 00 00 00 ff
                  00 00 00 ff 00 00 00 ff 00 00 00 ff 00 00 00 ff b0 b0 b0 ff
                  ff ff ff ff ff ff ff ff ff ff ff ff ff ff ff ff ff ff ff ff
                  ff ff ff ff ff ff ff ff ff ff ff ff ff ff ff ff ff ff ff ff
                  ff ff ff ff 20 20 20 ff 00 00 00 ff 00 00 00 ff 00 00 00 ff
                  00 00 00 ff 00 00 00 ff 00 00 00 ff 00 00 00 ff 00 00 00 ff
                  00 00 00 ff 00 00 00 ff 00 00 00 ff 00 00 00 ff 00 00 00 ff
                  00 00 00 ff 00 00 00 ff 00 00 00 ff 00 00 00 ff 00 00 00 ff
                  00 00 00 ff 00 00 00 ff 00 00 00 ff 00 00 00 ff 00 00 00 ff
                  00 00 00 ff 00 00 00 ff 00 00 00 ff 00 00 00 ff 00 00 00 ff
                  00 00 00 ff 00 00 00 ff 00 00 00 ff 00 00 00 ff 00 00 00 ff
                  00 00 00 ff 00 00 00 ff 00 00 00 ff 00 00 00 ff 00 00 00 ff
                  00 00 00 ff e0 e0 e0 ff ff ff ff ff ff ff ff ff ff ff ff ff
                  ff ff ff ff ff ff ff ff ff ff ff ff ff ff ff ff ff ff ff ff
                  ff ff ff ff ff ff ff ff ff ff ff ff 00 00 00 ff 00 00 00 ff
                  00 00 00 ff 00 00 00 ff 00 00 00 ff 00 00 00 ff 00 00 00 ff
                  00 00 00 ff 00 00 00 ff 00 00 00 ff 00 00 00 ff 00 00 00 ff
                  00 00 00 ff 08 08 08 ff ec ec ec ff ff ff ff ff ff ff ff ff
                  ff ff ff ff ff ff ff ff ff ff ff ff af af af ff 00 00 00 ff
                  00 00 00 ff 00 00 00 ff 00 00 00 ff 00 00 00 ff 00 00 00 ff
                  00 00 00 24 00 00 00 00 00 00 00 00 00 00 00 00 00 00 00 00
                  00 00 00 00 00 00 00 00 00 00 00 00 00 00 00 00 00 00 00 8e
                  00 00 00 ff 00 00 00 ff 00 00 00 ff 00 00 00 ff 00 00 00 ff
                  1b 1b 1b ff fc fc fc ff ff ff ff ff ff ff ff ff ff ff ff ff
                  ff ff ff ff ff ff ff ff b5 b5 b5 ff 00 00 00 ff 00 00 00 ff
                  00 00 00 ff 00 00 00 ff 00 00 00 ff 00 00 00 ff 00 00 00 ff
                  00 00 00 ff 00 00 00 ff 00 00 00 ff 00 00 00 ff 00 00 00 ff
                  00 00 00 ff 00 00 00 ff b0 b0 b0 ff ff ff ff ff ff ff ff ff
                  ff ff ff ff ff ff ff ff ff ff ff ff ff ff ff ff ff ff ff ff
                  ff ff ff ff ff ff ff ff ff ff ff ff ff ff ff ff 20 20 20 ff
                  00 00 00 ff 00 00 00 ff 00 00 00 ff 00 00 00 ff 00 00 00 ff
                  00 00 00 ff 00 00 00 ff 00 00 00 ff 00 00 00 ff 00 00 00 ff
                  00 00 00 ff 00 00 00 ff 00 00 00 ff 00 00 00 ff 00 00 00 ff
                  00 00 00 ff 00 00 00 ff 00 00 00 ff 00 00 00 ff 00 00 00 ff
                  00 00 00 ff 00 00 00 ff 00 00 00 ff 00 00 00 ff 00 00 00 ff
                  00 00 00 ff 00 00 00 ff 00 00 00 ff 00 00 00 ff 00 00 00 ff
                  00 00 00 ff 00 00 00 ff 00 00 00 ff 00 00 00 ff 00 00 00 ff
                  00 00 00 ff 00 00 00 ff 00 00 00 ff 00 00 00 ff e0 e0 e0 ff
                  ff ff ff ff ff ff ff ff ff ff ff ff ff ff ff ff ff ff ff ff
                  ff ff ff ff ff ff ff ff ff ff ff ff ff ff ff ff ff ff ff ff
                  ff ff ff ff 00 00 00 ff 00 00 00 ff 00 00 00 ff 00 00 00 ff
                  00 00 00 ff 00 00 00 ff 00 00 00 ff 00 00 00 ff 00 00 00 ff
                  00 00 00 ff 00 00 00 ff 00 00 00 ff 00 00 00 ff 00 00 00 ff
                  89 89 89 ff ff ff ff ff ff ff ff ff ff ff ff ff ff ff ff ff
                  ff ff ff ff fc fc fc ff 1c 1c 1c ff 00 00 00 ff 00 00 00 ff
                  00 00 00 ff 00 00 00 ff 00 00 00 ff 00 00 00 8d 00 00 00 00
                  00 00 00 00 00 00 00 00 00 00 00 00 00 00 00 00 00 00 00 00
                  00 00 00 00 00 00 00 0a 00 00 00 ee 00 00 00 ff 00 00 00 ff
                  00 00 00 ff 00 00 00 ff 00 00 00 ff 82 82 82 ff ff ff ff ff
                  ff ff ff ff ff ff ff ff ff ff ff ff ff ff ff ff ff ff ff ff
                  4b 4b 4b ff 00 00 00 ff 00 00 00 ff 00 00 00 ff 00 00 00 ff
                  00 00 00 ff 00 00 00 ff 00 00 00 ff 00 00 00 ff 00 00 00 ff
                  00 00 00 ff 00 00 00 ff 00 00 00 ff 00 00 00 ff 00 00 00 ff
                  b0 b0 b0 ff ff ff ff ff ff ff ff ff ff ff ff ff ff ff ff ff
                  ff ff ff ff ff ff ff ff ff ff ff ff ff ff ff ff ff ff ff ff
                  ff ff ff ff ff ff ff ff 20 20 20 ff 00 00 00 ff 00 00 00 ff
                  00 00 00 ff 00 00 00 ff 00 00 00 ff 00 00 00 ff 00 00 00 ff
                  00 00 00 ff 00 00 00 ff 00 00 00 ff 00 00 00 ff 00 00 00 ff
                  00 00 00 ff 00 00 00 ff 00 00 00 ff 00 00 00 ff 00 00 00 ff
                  00 00 00 ff 00 00 00 ff 00 00 00 ff 00 00 00 ff 00 00 00 ff
                  00 00 00 ff 00 00 00 ff 00 00 00 ff 00 00 00 ff 00 00 00 ff
                  00 00 00 ff 00 00 00 ff 00 00 00 ff 00 00 00 ff 00 00 00 ff
                  00 00 00 ff 00 00 00 ff 00 00 00 ff 00 00 00 ff 00 00 00 ff
                  00 00 00 ff 00 00 00 ff e0 e0 e0 ff ff ff ff ff ff ff ff ff
                  ff ff ff ff ff ff ff ff ff ff ff ff ff ff ff ff ff ff ff ff
                  ff ff ff ff ff ff ff ff ff ff ff ff ff ff ff ff 00 00 00 ff
                  00 00 00 ff 00 00 00 ff 00 00 00 ff 00 00 00 ff 00 00 00 ff
                  00 00 00 ff 00 00 00 ff 00 00 00 ff 00 00 00 ff 00 00 00 ff
                  00 00 00 ff 00 00 00 ff 00 00 00 ff 21 21 21 ff fe fe fe ff
                  ff ff ff ff ff ff ff ff ff ff ff ff ff ff ff ff ff ff ff ff
                  82 82 82 ff 00 00 00 ff 00 00 00 ff 00 00 00 ff 00 00 00 ff
                  00 00 00 ff 00 00 00 ee 00 00 00 08 00 00 00 00 00 00 00 00
                  00 00 00 00 00 00 00 00 00 00 00 00 00 00 00 00 00 00 00 64
                  00 00 00 ff 00 00 00 ff 00 00 00 ff 00 00 00 ff 00 00 00 ff
                  06 06 06 ff e8 e8 e8 ff ff ff ff ff ff ff ff ff ff ff ff ff
                  ff ff ff ff ff ff ff ff de de de ff 02 02 02 ff 00 00 00 ff
                  00 00 00 ff 00 00 00 ff 00 00 00 ff 00 00 00 ff 00 00 00 ff
                  00 00 00 ff 00 00 00 ff 00 00 00 ff 00 00 00 ff 00 00 00 ff
                  00 00 00 ff 00 00 00 ff 00 00 00 ff b0 b0 b0 ff ff ff ff ff
                  ff ff ff ff ff ff ff ff ff ff ff ff ff ff ff ff ff ff ff ff
                  ff ff ff ff ff ff ff ff ff ff ff ff ff ff ff ff ff ff ff ff
                  20 20 20 ff 00 00 00 ff 00 00 00 ff 00 00 00 ff 00 00 00 ff
                  00 00 00 ff 00 00 00 ff 00 00 00 ff 00 00 00 ff 00 00 00 ff
                  00 00 00 ff 00 00 00 ff 00 00 00 ff 00 00 00 ff 00 00 00 ff
                  00 00 00 ff 00 00 00 ff 00 00 00 ff 00 00 00 ff 00 00 00 ff
                  00 00 00 ff 00 00 00 ff 00 00 00 ff 00 00 00 ff 00 00 00 ff
                  00 00 00 ff 00 00 00 ff 00 00 00 ff 00 00 00 ff 00 00 00 ff
                  00 00 00 ff 00 00 00 ff 00 00 00 ff 00 00 00 ff 00 00 00 ff
                  00 00 00 ff 00 00 00 ff 00 00 00 ff 00 00 00 ff 00 00 00 ff
                  e0 e0 e0 ff ff ff ff ff ff ff ff ff ff ff ff ff ff ff ff ff
                  ff ff ff ff ff ff ff ff ff ff ff ff ff ff ff ff ff ff ff ff
                  ff ff ff ff ff ff ff ff 00 00 00 ff 00 00 00 ff 00 00 00 ff
                  00 00 00 ff 00 00 00 ff 00 00 00 ff 00 00 00 ff 00 00 00 ff
                  00 00 00 ff 00 00 00 ff 00 00 00 ff 00 00 00 ff 00 00 00 ff
                  00 00 00 ff 00 00 00 ff b4 b4 b4 ff ff ff ff ff ff ff ff ff
                  ff ff ff ff ff ff ff ff ff ff ff ff e7 e7 e7 ff 05 05 05 ff
                  00 00 00 ff 00 00 00 ff 00 00 00 ff 00 00 00 ff 00 00 00 ff
                  00 00 00 60 00 00 00 00 00 00 00 00 00 00 00 00 00 00 00 00
                  00 00 00 00 00 00 00 00 00 00 00 cf 00 00 00 ff 00 00 00 ff
                  00 00 00 ff 00 00 00 ff 00 00 00 ff 58 58 58 ff ff ff ff ff
                  ff ff ff ff ff ff ff ff ff ff ff ff ff ff ff ff ff ff ff ff
                  75 75 75 ff 00 00 00 ff 00 00 00 ff 00 00 00 ff 00 00 00 ff
                  00 00 00 ff 00 00 00 ff 00 00 00 ff 00 00 00 ff 00 00 00 ff
                  00 00 00 ff 00 00 00 ff 00 00 00 ff 00 00 00 ff 00 00 00 ff
                  00 00 00 ff b0 b0 b0 ff ff ff ff ff ff ff ff ff ff ff ff ff
                  ff ff ff ff ff ff ff ff ff ff ff ff ff ff ff ff ff ff ff ff
                  ff ff ff ff ff ff ff ff ff ff ff ff 20 20 20 ff 00 00 00 ff
                  00 00 00 ff 00 00 00 ff 00 00 00 ff 00 00 00 ff 00 00 00 ff
                  00 00 00 ff 00 00 00 ff 00 00 00 ff 00 00 00 ff 00 00 00 ff
                  00 00 00 ff 00 00 00 ff 00 00 00 ff 00 00 00 ff 00 00 00 ff
                  00 00 00 ff 00 00 00 ff 00 00 00 ff 00 00 00 ff 00 00 00 ff
                  00 00 00 ff 00 00 00 ff 00 00 00 ff 00 00 00 ff 00 00 00 ff
                  00 00 00 ff 00 00 00 ff 00 00 00 ff 00 00 00 ff 00 00 00 ff
                  00 00 00 ff 00 00 00 ff 00 00 00 ff 00 00 00 ff 00 00 00 ff
                  00 00 00 ff 00 00 00 ff 00 00 00 ff e0 e0 e0 ff ff ff ff ff
                  ff ff ff ff ff ff ff ff ff ff ff ff ff ff ff ff ff ff ff ff
                  ff ff ff ff ff ff ff ff ff ff ff ff ff ff ff ff ff ff ff ff
                  00 00 00 ff 00 00 00 ff 00 00 00 ff 00 00 00 ff 00 00 00 ff
                  00 00 00 ff 00 00 00 ff 00 00 00 ff 00 00 00 ff 00 00 00 ff
                  00 00 00 ff 00 00 00 ff 00 00 00 ff 00 00 00 ff 00 00 00 ff
                  49 49 49 ff ff ff ff ff ff ff ff ff ff ff ff ff ff ff ff ff
                  ff ff ff ff ff ff ff ff 55 55 55 ff 00 00 00 ff 00 00 00 ff
                  00 00 00 ff 00 00 00 ff 00 00 00 ff 00 00 00 c9 00 00 00 00
                  00 00 00 00 00 00 00 00 00 00 00 00 00 00 00 00 00 00 00 39
                  00 00 00 ff 00 00 00 ff 00 00 00 ff 00 00 00 ff 00 00 00 ff
                  00 00 00 ff c2 c2 c2 ff ff ff ff ff ff ff ff ff ff ff ff ff
                  ff ff ff ff ff ff ff ff f8 f8 f8 ff 13 13 13 ff 00 00 00 ff
                  00 00 00 ff 00 00 00 ff 00 00 00 ff 00 00 00 ff 00 00 00 ff
                  00 00 00 ff 00 00 00 ff 00 00 00 ff 00 00 00 ff 00 00 00 ff
                  00 00 00 ff 00 00 00 ff 00 00 00 ff 00 00 00 ff b0 b0 b0 ff
                  ff ff ff ff ff ff ff ff ff ff ff ff ff ff ff ff ff ff ff ff
                  ff ff ff ff ff ff ff ff ff ff ff ff ff ff ff ff ff ff ff ff
                  ff ff ff ff 20 20 20 ff 00 00 00 ff 00 00 00 ff 00 00 00 ff
                  00 00 00 ff 00 00 00 ff 00 00 00 ff 00 00 00 ff 00 00 00 ff
                  00 00 00 ff 00 00 00 ff 00 00 00 ff 00 00 00 ff 00 00 00 ff
                  00 00 00 ff 00 00 00 ff 00 00 00 ff 00 00 00 ff 00 00 00 ff
                  00 00 00 ff 00 00 00 ff 00 00 00 ff 00 00 00 ff 00 00 00 ff
                  00 00 00 ff 00 00 00 ff 00 00 00 ff 00 00 00 ff 00 00 00 ff
                  00 00 00 ff 00 00 00 ff 00 00 00 ff 00 00 00 ff 00 00 00 ff
                  00 00 00 ff 00 00 00 ff 00 00 00 ff 00 00 00 ff 00 00 00 ff
                  00 00 00 ff e0 e0 e0 ff ff ff ff ff ff ff ff ff ff ff ff ff
                  ff ff ff ff ff ff ff ff ff ff ff ff ff ff ff ff ff ff ff ff
                  ff ff ff ff ff ff ff ff ff ff ff ff 00 00 00 ff 00 00 00 ff
                  00 00 00 ff 00 00 00 ff 00 00 00 ff 00 00 00 ff 00 00 00 ff
                  00 00 00 ff 00 00 00 ff 00 00 00 ff 00 00 00 ff 00 00 00 ff
                  00 00 00 ff 00 00 00 ff 00 00 00 ff 02 02 02 ff dd dd dd ff
                  ff ff ff ff ff ff ff ff ff ff ff ff ff ff ff ff ff ff ff ff
                  bf bf bf ff 00 00 00 ff 00 00 00 ff 00 00 00 ff 00 00 00 ff
                  00 00 00 ff 00 00 00 ff 00 00 00 32 00 00 00 00 00 00 00 00
                  00 00 00 00 00 00 00 00 00 00 00 a4 00 00 00 ff 00 00 00 ff
                  00 00 00 ff 00 00 00 ff 00 00 00 ff 2e 2e 2e ff ff ff ff ff
                  ff ff ff ff ff ff ff ff ff ff ff ff ff ff ff ff ff ff ff ff
                  a0 a0 a0 ff 00 00 00 ff 00 00 00 ff 00 00 00 ff 00 00 00 ff
                  00 00 00 ff 00 00 00 ff 00 00 00 ff 00 00 00 ff 00 00 00 ff
                  00 00 00 ff 00 00 00 ff 00 00 00 ff 00 00 00 ff 00 00 00 ff
                  00 00 00 ff 00 00 00 ff b0 b0 b0 ff ff ff ff ff ff ff ff ff
                  ff ff ff ff ff ff ff ff ff ff ff ff ff ff ff ff ff ff ff ff
                  ff ff ff ff ff ff ff ff ff ff ff ff ff ff ff ff 20 20 20 ff
                  00 00 00 ff 00 00 00 ff 00 00 00 ff 00 00 00 ff 00 00 00 ff
                  00 00 00 ff 00 00 00 ff 00 00 00 ff 00 00 00 ff 00 00 00 ff
                  00 00 00 ff 00 00 00 ff 00 00 00 ff 00 00 00 ff 00 00 00 ff
                  00 00 00 ff 00 00 00 ff 00 00 00 ff 00 00 00 ff 00 00 00 ff
                  00 00 00 ff 00 00 00 ff 00 00 00 ff 00 00 00 ff 00 00 00 ff
                  00 00 00 ff 00 00 00 ff 00 00 00 ff 00 00 00 ff 00 00 00 ff
                  00 00 00 ff 00 00 00 ff 00 00 00 ff 00 00 00 ff 00 00 00 ff
                  00 00 00 ff 00 00 00 ff 00 00 00 ff 00 00 00 ff e0 e0 e0 ff
                  ff ff ff ff ff ff ff ff ff ff ff ff ff ff ff ff ff ff ff ff
                  ff ff ff ff ff ff ff ff ff ff ff ff ff ff ff ff ff ff ff ff
                  ff ff ff ff 00 00 00 ff 00 00 00 ff 00 00 00 ff 00 00 00 ff
                  00 00 00 ff 00 00 00 ff 00 00 00 ff 00 00 00 ff 00 00 00 ff
                  00 00 00 ff 00 00 00 ff 00 00 00 ff 00 00 00 ff 00 00 00 ff
                  00 00 00 ff 00 00 00 ff 74 74 74 ff ff ff ff ff ff ff ff ff
                  ff ff ff ff ff ff ff ff ff ff ff ff ff ff ff ff 29 29 29 ff
                  00 00 00 ff 00 00 00 ff 00 00 00 ff 00 00 00 ff 00 00 00 ff
                  00 00 00 9d 00 00 00 00 00 00 00 00 00 00 00 00 00 00 00 16
                  00 00 00 f9 00 00 00 ff 00 00 00 ff 00 00 00 ff 00 00 00 ff
                  00 00 00 ff 98 98 98 ff ff ff ff ff ff ff ff ff ff ff ff ff
                  ff ff ff ff ff ff ff ff ff ff ff ff 35 35 35 ff 00 00 00 ff
                  00 00 00 ff 00 00 00 ff 00 00 00 ff 00 00 00 ff 00 00 00 ff
                  00 00 00 ff 00 00 00 ff 00 00 00 ff 00 00 00 ff 00 00 00 ff
                  00 00 00 ff 00 00 00 ff 00 00 00 ff 00 00 00 ff 00 00 00 ff
                  b0 b0 b0 ff ff ff ff ff ff ff ff ff ff ff ff ff ff ff ff ff
                  ff ff ff ff ff ff ff ff ff ff ff ff ff ff ff ff ff ff ff ff
                  ff ff ff ff ff ff ff ff 20 20 20 ff 00 00 00 ff 00 00 00 ff
                  00 00 00 ff 00 00 00 ff 00 00 00 ff 00 00 00 ff 00 00 00 ff
                  00 00 00 ff 00 00 00 ff 00 00 00 ff 00 00 00 ff 00 00 00 ff
                  00 00 00 ff 00 00 00 ff 00 00 00 ff 00 00 00 ff 00 00 00 ff
                  00 00 00 ff 00 00 00 ff 00 00 00 ff 00 00 00 ff 00 00 00 ff
                  00 00 00 ff 00 00 00 ff 00 00 00 ff 00 00 00 ff 00 00 00 ff
                  00 00 00 ff 00 00 00 ff 00 00 00 ff 00 00 00 ff 00 00 00 ff
                  00 00 00 ff 00 00 00 ff 00 00 00 ff 00 00 00 ff 00 00 00 ff
                  00 00 00 ff 00 00 00 ff e0 e0 e0 ff ff ff ff ff ff ff ff ff
                  ff ff ff ff ff ff ff ff ff ff ff ff ff ff ff ff ff ff ff ff
                  ff ff ff ff ff ff ff ff ff ff ff ff ff ff ff ff 00 00 00 ff
                  00 00 00 ff 00 00 00 ff 00 00 00 ff 00 00 00 ff 00 00 00 ff
                  00 00 00 ff 00 00 00 ff 00 00 00 ff 00 00 00 ff 00 00 00 ff
                  00 00 00 ff 00 00 00 ff 00 00 00 ff 00 00 00 ff 00 00 00 ff
                  12 12 12 ff f7 f7 f7 ff ff ff ff ff ff ff ff ff ff ff ff ff
                  ff ff ff ff ff ff ff ff 91 91 91 ff 00 00 00 ff 00 00 00 ff
                  00 00 00 ff 00 00 00 ff 00 00 00 ff 00 00 00 f6 00 00 00 10
                  00 00 00 00 00 00 00 00 00 00 00 79 00 00 00 ff 00 00 00 ff
                  00 00 00 ff 00 00 00 ff 00 00 00 ff 0e 0e 0e ff f4 f4 f4 ff
                  ff ff ff ff ff ff ff ff ff ff ff ff ff ff ff ff ff ff ff ff
                  cb cb cb ff 00 00 00 ff 00 00 00 ff 00 00 00 ff 00 00 00 ff
                  00 00 00 ff 00 00 00 ff 00 00 00 ff 00 00 00 ff 00 00 00 ff
                  00 00 00 ff 00 00 00 ff 00 00 00 ff 00 00 00 ff 00 00 00 ff
                  00 00 00 ff 00 00 00 ff 00 00 00 ff b0 b0 b0 ff ff ff ff ff
                  ff ff ff ff ff ff ff ff ff ff ff ff ff ff ff ff ff ff ff ff
                  ff ff ff ff ff ff ff ff ff ff ff ff ff ff ff ff ff ff ff ff
                  20 20 20 ff 00 00 00 ff 00 00 00 ff 00 00 00 ff 00 00 00 ff
                  00 00 00 ff 00 00 00 ff 00 00 00 ff 00 00 00 ff 00 00 00 ff
                  00 00 00 ff 00 00 00 ff 00 00 00 ff 00 00 00 ff 00 00 00 ff
                  00 00 00 ff 00 00 00 ff 00 00 00 ff 00 00 00 ff 6b 6b 6b ff
                  94 94 94 ff 00 00 00 ff 00 00 00 ff 00 00 00 ff 00 00 00 ff
                  00 00 00 ff 00 00 00 ff 00 00 00 ff 00 00 00 ff 00 00 00 ff
                  00 00 00 ff 00 00 00 ff 00 00 00 ff 00 00 00 ff 00 00 00 ff
                  00 00 00 ff 00 00 00 ff 00 00 00 ff 00 00 00 ff 00 00 00 ff
                  e0 e0 e0 ff ff ff ff ff ff ff ff ff ff ff ff ff ff ff ff ff
                  ff ff ff ff ff ff ff ff ff ff ff ff ff ff ff ff ff ff ff ff
                  ff ff ff ff ff ff ff ff 00 00 00 ff 00 00 00 ff 00 00 00 ff
                  00 00 00 ff 00 00 00 ff 00 00 00 ff 00 00 00 ff 00 00 00 ff
                  00 00 00 ff 00 00 00 ff 00 00 00 ff 00 00 00 ff 00 00 00 ff
                  00 00 00 ff 00 00 00 ff 00 00 00 ff 00 00 00 ff 9f 9f 9f ff
                  ff ff ff ff ff ff ff ff ff ff ff ff ff ff ff ff ff ff ff ff
                  f1 f1 f1 ff 0b 0b 0b ff 00 00 00 ff 00 00 00 ff 00 00 00 ff
                  00 00 00 ff 00 00 00 ff 00 00 00 70 00 00 00 00 00 00 00 02
                  00 00 00 e1 00 00 00 ff 00 00 00 ff 00 00 00 ff 00 00 00 ff
                  00 00 00 ff 6e 6e 6e ff ff ff ff ff ff ff ff ff ff ff ff ff
                  ff ff ff ff ff ff ff ff ff ff ff ff 60 60 60 ff 00 00 00 ff
                  00 00 00 ff 00 00 00 ff 00 00 00 ff 00 00 00 ff 00 00 00 ff
                  00 00 00 ff 00 00 00 ff 00 00 00 ff 00 00 00 ff 00 00 00 ff
                  00 00 00 ff 00 00 00 ff 00 00 00 ff 00 00 00 ff 00 00 00 ff
                  00 00 00 ff b0 b0 b0 ff ff ff ff ff ff ff ff ff ff ff ff ff
                  ff ff ff ff ff ff ff ff ff ff ff ff ff ff ff ff ff ff ff ff
                  ff ff ff ff ff ff ff ff ff ff ff ff 20 20 20 ff 00 00 00 ff
                  00 00 00 ff 00 00 00 ff 00 00 00 ff 00 00 00 ff 00 00 00 ff
                  00 00 00 ff 00 00 00 ff 00 00 00 ff 00 00 00 ff 00 00 00 ff
                  00 00 00 ff 00 00 00 ff 00 00 00 ff 00 00 00 ff 00 00 00 ff
                  00 00 00 ff 57 57 57 ff fd fd fd ff ff ff ff ff 80 80 80 ff
                  00 00 00 ff 00 00 00 ff 00 00 00 ff 00 00 00 ff 00 00 00 ff
                  00 00 00 ff 00 00 00 ff 00 00 00 ff 00 00 00 ff 00 00 00 ff
                  00 00 00 ff 00 00 00 ff 00 00 00 ff 00 00 00 ff 00 00 00 ff
                  00 00 00 ff 00 00 00 ff 00 00 00 ff e0 e0 e0 ff ff ff ff ff
                  ff ff ff ff ff ff ff ff ff ff ff ff ff ff ff ff ff ff ff ff
                  ff ff ff ff ff ff ff ff ff ff ff ff ff ff ff ff ff ff ff ff
                  00 00 00 ff 00 00 00 ff 00 00 00 ff 00 00 00 ff 00 00 00 ff
                  00 00 00 ff 00 00 00 ff 00 00 00 ff 00 00 00 ff 00 00 00 ff
                  00 00 00 ff 00 00 00 ff 00 00 00 ff 00 00 00 ff 00 00 00 ff
                  00 00 00 ff 00 00 00 ff 33 33 33 ff ff ff ff ff ff ff ff ff
                  ff ff ff ff ff ff ff ff ff ff ff ff ff ff ff ff 65 65 65 ff
                  00 00 00 ff 00 00 00 ff 00 00 00 ff 00 00 00 ff 00 00 00 ff
                  00 00 00 d8 00 00 00 01 00 00 00 43 00 00 00 ff 00 00 00 ff
                  00 00 00 ff 00 00 00 ff 00 00 00 ff 01 01 01 ff d7 d7 d7 ff
                  ff ff ff ff ff ff ff ff ff ff ff ff ff ff ff ff ff ff ff ff
                  ed ed ed ff 08 08 08 ff 00 00 00 ff 00 00 00 ff 00 00 00 ff
                  00 00 00 ff 00 00 00 ff 00 00 00 ff 00 00 00 ff 00 00 00 ff
                  00 00 00 ff 00 00 00 ff 00 00 00 ff 00 00 00 ff 00 00 00 ff
                  00 00 00 ff 00 00 00 ff 00 00 00 ff 00 00 00 ff b0 b0 b0 ff
                  ff ff ff ff ff ff ff ff ff ff ff ff ff ff ff ff ff ff ff ff
                  ff ff ff ff ff ff ff ff ff ff ff ff ff ff ff ff ff ff ff ff
                  ff ff ff ff 20 20 20 ff 00 00 00 ff 00 00 00 ff 00 00 00 ff
                  00 00 00 ff 00 00 00 ff 00 00 00 ff 00 00 00 ff 00 00 00 ff
                  00 00 00 ff 00 00 00 ff 00 00 00 ff 00 00 00 ff 00 00 00 ff
                  00 00 00 ff 00 00 00 ff 00 00 00 ff 47 47 47 ff fa fa fa ff
                  ff ff ff ff ff ff ff ff ff ff ff ff 6c 6c 6c ff 00 00 00 ff
                  00 00 00 ff 00 00 00 ff 00 00 00 ff 00 00 00 ff 00 00 00 ff
                  00 00 00 ff 00 00 00 ff 00 00 00 ff 00 00 00 ff 00 00 00 ff
                  00 00 00 ff 00 00 00 ff 00 00 00 ff 00 00 00 ff 00 00 00 ff
                  00 00 00 ff e0 e0 e0 ff ff ff ff ff ff ff ff ff ff ff ff ff
                  ff ff ff ff ff ff ff ff ff ff ff ff ff ff ff ff ff ff ff ff
                  ff ff ff ff ff ff ff ff ff ff ff ff 00 00 00 ff 00 00 00 ff
                  00 00 00 ff 00 00 00 ff 00 00 00 ff 00 00 00 ff 00 00 00 ff
                  00 00 00 ff 00 00 00 ff 00 00 00 ff 00 00 00 ff 00 00 00 ff
                  00 00 00 ff 00 00 00 ff 00 00 00 ff 00 00 00 ff 00 00 00 ff
                  00 00 00 ff c8 c8 c8 ff ff ff ff ff ff ff ff ff ff ff ff ff
                  ff ff ff ff ff ff ff ff cf cf cf ff 00 00 00 ff 00 00 00 ff
                  00 00 00 ff 00 00 00 ff 00 00 00 ff 00 00 00 ff 00 00 00 3a
                  00 00 00 90 00 00 00 ff 00 00 00 ff 00 00 00 ff 00 00 00 ff
                  00 00 00 ff 42 42 42 ff ff ff ff ff ff ff ff ff ff ff ff ff
                  ff ff ff ff ff ff ff ff ff ff ff ff 8b 8b 8b ff 00 00 00 ff
                  00 00 00 ff 00 00 00 ff 00 00 00 ff 00 00 00 ff 00 00 00 ff
                  00 00 00 ff 00 00 00 ff 00 00 00 ff 00 00 00 ff 00 00 00 ff
                  00 00 00 ff 00 00 00 ff 00 00 00 ff 00 00 00 ff 00 00 00 ff
                  00 00 00 ff 00 00 00 ff b0 b0 b0 ff ff ff ff ff ff ff ff ff
                  ff ff ff ff ff ff ff ff ff ff ff ff ff ff ff ff ff ff ff ff
                  ff ff ff ff ff ff ff ff ff ff ff ff ff ff ff ff 20 20 20 ff
                  00 00 00 ff 00 00 00 ff 00 00 00 ff 00 00 00 ff 00 00 00 ff
                  00 00 00 ff 00 00 00 ff 00 00 00 ff 00 00 00 ff 00 00 00 ff
                  00 00 00 ff 00 00 00 ff 00 00 00 ff 00 00 00 ff 00 00 00 ff
                  37 37 37 ff f6 f6 f6 ff ff ff ff ff ff ff ff ff ff ff ff ff
                  ff ff ff ff fd fd fd ff 57 57 57 ff 00 00 00 ff 00 00 00 ff
                  00 00 00 ff 00 00 00 ff 00 00 00 ff 00 00 00 ff 00 00 00 ff
                  00 00 00 ff 00 00 00 ff 00 00 00 ff 00 00 00 ff 00 00 00 ff
                  00 00 00 ff 00 00 00 ff 00 00 00 ff 00 00 00 ff e0 e0 e0 ff
                  ff ff ff ff ff ff ff ff ff ff ff ff ff ff ff ff ff ff ff ff
                  ff ff ff ff ff ff ff ff ff ff ff ff ff ff ff ff ff ff ff ff
                  ff ff ff ff 00 00 00 ff 00 00 00 ff 00 00 00 ff 00 00 00 ff
                  00 00 00 ff 00 00 00 ff 00 00 00 ff 00 00 00 ff 00 00 00 ff
                  00 00 00 ff 00 00 00 ff 00 00 00 ff 00 00 00 ff 00 00 00 ff
                  00 00 00 ff 00 00 00 ff 00 00 00 ff 00 00 00 ff 5e 5e 5e ff
                  ff ff ff ff ff ff ff ff ff ff ff ff ff ff ff ff ff ff ff ff
                  ff ff ff ff 38 38 38 ff 00 00 00 ff 00 00 00 ff 00 00 00 ff
                  00 00 00 ff 00 00 00 ff 00 00 00 8c 00 00 00 cb 00 00 00 ff
                  00 00 00 ff 00 00 00 ff 00 00 00 ff 00 00 00 ff 9b 9b 9b ff
                  ff ff ff ff ff ff ff ff ff ff ff ff ff ff ff ff ff ff ff ff
                  fe fe fe ff 22 22 22 ff 00 00 00 ff 00 00 00 ff 00 00 00 ff
                  00 00 00 ff 00 00 00 ff 00 00 00 ff 00 00 00 ff 00 00 00 ff
                  00 00 00 ff 00 00 00 ff 00 00 00 ff 00 00 00 ff 00 00 00 ff
                  00 00 00 ff 00 00 00 ff 00 00 00 ff 00 00 00 ff 00 00 00 ff
                  b0 b0 b0 ff ff ff ff ff ff ff ff ff ff ff ff ff ff ff ff ff
                  ff ff ff ff ff ff ff ff ff ff ff ff ff ff ff ff ff ff ff ff
                  ff ff ff ff ff ff ff ff 20 20 20 ff 00 00 00 ff 00 00 00 ff
                  00 00 00 ff 00 00 00 ff 00 00 00 ff 00 00 00 ff 00 00 00 ff
                  00 00 00 ff 00 00 00 ff 00 00 00 ff 00 00 00 ff 00 00 00 ff
                  00 00 00 ff 00 00 00 ff 2b 2b 2b ff ec ec ec ff ff ff ff ff
                  ff ff ff ff ff ff ff ff ff ff ff ff ff ff ff ff ff ff ff ff
                  fa fa fa ff 45 45 45 ff 00 00 00 ff 00 00 00 ff 00 00 00 ff
                  00 00 00 ff 00 00 00 ff 00 00 00 ff 00 00 00 ff 00 00 00 ff
                  00 00 00 ff 00 00 00 ff 00 00 00 ff 00 00 00 ff 00 00 00 ff
                  00 00 00 ff 00 00 00 ff e0 e0 e0 ff ff ff ff ff ff ff ff ff
                  ff ff ff ff ff ff ff ff ff ff ff ff ff ff ff ff ff ff ff ff
                  ff ff ff ff ff ff ff ff ff ff ff ff ff ff ff ff 00 00 00 ff
                  00 00 00 ff 00 00 00 ff 00 00 00 ff 00 00 00 ff 00 00 00 ff
                  00 00 00 ff 00 00 00 ff 00 00 00 ff 00 00 00 ff 00 00 00 ff
                  00 00 00 ff 00 00 00 ff 00 00 00 ff 00 00 00 ff 00 00 00 ff
                  00 00 00 ff 00 00 00 ff 07 07 07 ff eb eb eb ff ff ff ff ff
                  ff ff ff ff ff ff ff ff ff ff ff ff ff ff ff ff 94 94 94 ff
                  00 00 00 ff 00 00 00 ff 00 00 00 ff 00 00 00 ff 00 00 00 ff
                  00 00 00 c8 00 00 00 f1 00 00 00 ff 00 00 00 ff 00 00 00 ff
                  00 00 00 ff 00 00 00 ff df df df ff ff ff ff ff ff ff ff ff
                  ff ff ff ff ff ff ff ff ff ff ff ff b5 b5 b5 ff 00 00 00 ff
                  00 00 00 ff 00 00 00 ff 00 00 00 ff 00 00 00 ff 00 00 00 ff
                  00 00 00 ff 00 00 00 ff 00 00 00 ff 00 00 00 ff 00 00 00 ff
                  00 00 00 ff 00 00 00 ff 00 00 00 ff 00 00 00 ff 00 00 00 ff
                  00 00 00 ff 00 00 00 ff 00 00 00 ff b0 b0 b0 ff ff ff ff ff
                  ff ff ff ff ff ff ff ff ff ff ff ff ff ff ff ff ff ff ff ff
                  ff ff ff ff ff ff ff ff ff ff ff ff ff ff ff ff ff ff ff ff
                  20 20 20 ff 00 00 00 ff 00 00 00 ff 00 00 00 ff 00 00 00 ff
                  00 00 00 ff 00 00 00 ff 00 00 00 ff 00 00 00 ff 00 00 00 ff
                  00 00 00 ff 00 00 00 ff 00 00 00 ff 00 00 00 ff 1e 1e 1e ff
                  e4 e4 e4 ff ff ff ff ff ff ff ff ff ff ff ff ff ff ff ff ff
                  ff ff ff ff ff ff ff ff ff ff ff ff ff ff ff ff f4 f4 f4 ff
                  36 36 36 ff 00 00 00 ff 00 00 00 ff 00 00 00 ff 00 00 00 ff
                  00 00 00 ff 00 00 00 ff 00 00 00 ff 00 00 00 ff 00 00 00 ff
                  00 00 00 ff 00 00 00 ff 00 00 00 ff 00 00 00 ff 00 00 00 ff
                  e0 e0 e0 ff ff ff ff ff ff ff ff ff ff ff ff ff ff ff ff ff
                  ff ff ff ff ff ff ff ff ff ff ff ff ff ff ff ff ff ff ff ff
                  ff ff ff ff ff ff ff ff 00 00 00 ff 00 00 00 ff 00 00 00 ff
                  00 00 00 ff 00 00 00 ff 00 00 00 ff 00 00 00 ff 00 00 00 ff
                  00 00 00 ff 00 00 00 ff 00 00 00 ff 00 00 00 ff 00 00 00 ff
                  00 00 00 ff 00 00 00 ff 00 00 00 ff 00 00 00 ff 00 00 00 ff
                  00 00 00 ff 89 89 89 ff ff ff ff ff ff ff ff ff ff ff ff ff
                  ff ff ff ff ff ff ff ff da da da ff 00 00 00 ff 00 00 00 ff
                  00 00 00 ff 00 00 00 ff 00 00 00 ff 00 00 00 ef 00 00 00 ff
                  00 00 00 ff 00 00 00 ff 00 00 00 ff 00 00 00 ff 01 01 01 ff
                  fb fb fb ff ff ff ff ff ff ff ff ff ff ff ff ff ff ff ff ff
                  ff ff ff ff 5d 5d 5d ff 00 00 00 ff 00 00 00 ff 00 00 00 ff
                  00 00 00 ff 00 00 00 ff 00 00 00 ff 00 00 00 ff 00 00 00 ff
                  00 00 00 ff 00 00 00 ff 00 00 00 ff 00 00 00 ff 00 00 00 ff
                  00 00 00 ff 00 00 00 ff 00 00 00 ff 00 00 00 ff 00 00 00 ff
                  00 00 00 ff b0 b0 b0 ff ff ff ff ff ff ff ff ff ff ff ff ff
                  ff ff ff ff ff ff ff ff ff ff ff ff ff ff ff ff ff ff ff ff
                  ff ff ff ff ff ff ff ff ff ff ff ff 20 20 20 ff 00 00 00 ff
                  00 00 00 ff 00 00 00 ff 00 00 00 ff 00 00 00 ff 00 00 00 ff
                  00 00 00 ff 00 00 00 ff 00 00 00 ff 00 00 00 ff 00 00 00 ff
                  00 00 00 ff 15 15 15 ff da da da ff ff ff ff ff ff ff ff ff
                  ff ff ff ff ff ff ff ff ff ff ff ff ff ff ff ff ff ff ff ff
                  ff ff ff ff ff ff ff ff ff ff ff ff eb eb eb ff 28 28 28 ff
                  00 00 00 ff 00 00 00 ff 00 00 00 ff 00 00 00 ff 00 00 00 ff
                  00 00 00 ff 00 00 00 ff 00 00 00 ff 00 00 00 ff 00 00 00 ff
                  00 00 00 ff 00 00 00 ff 00 00 00 ff e0 e0 e0 ff ff ff ff ff
                  ff ff ff ff ff ff ff ff ff ff ff ff ff ff ff ff ff ff ff ff
                  ff ff ff ff ff ff ff ff ff ff ff ff ff ff ff ff ff ff ff ff
                  00 00 00 ff 00 00 00 ff 00 00 00 ff 00 00 00 ff 00 00 00 ff
                  00 00 00 ff 00 00 00 ff 00 00 00 ff 00 00 00 ff 00 00 00 ff
                  00 00 00 ff 00 00 00 ff 00 00 00 ff 00 00 00 ff 00 00 00 ff
                  00 00 00 ff 00 00 00 ff 00 00 00 ff 00 00 00 ff 50 50 50 ff
                  ff ff ff ff ff ff ff ff ff ff ff ff ff ff ff ff ff ff ff ff
                  f9 f9 f9 ff 00 00 00 ff 00 00 00 ff 00 00 00 ff 00 00 00 ff
                  00 00 00 ff 00 00 00 ff 00 00 00 ff 00 00 00 ff 00 00 00 ff
                  00 00 00 ff 00 00 00 ff 01 01 01 ff fb fb fb ff ff ff ff ff
                  ff ff ff ff ff ff ff ff ff ff ff ff ff ff ff ff 4f 4f 4f ff
                  00 00 00 ff 00 00 00 ff 00 00 00 ff 00 00 00 ff 00 00 00 ff
                  00 00 00 ff 00 00 00 ff 00 00 00 ff 00 00 00 ff 00 00 00 ff
                  00 00 00 ff 00 00 00 ff 00 00 00 ff 00 00 00 ff 00 00 00 ff
                  00 00 00 ff 00 00 00 ff 00 00 00 ff 00 00 00 ff b0 b0 b0 ff
                  ff ff ff ff ff ff ff ff ff ff ff ff ff ff ff ff ff ff ff ff
                  ff ff ff ff ff ff ff ff ff ff ff ff ff ff ff ff ff ff ff ff
                  ff ff ff ff 20 20 20 ff 00 00 00 ff 00 00 00 ff 00 00 00 ff
                  00 00 00 ff 00 00 00 ff 00 00 00 ff 00 00 00 ff 00 00 00 ff
                  00 00 00 ff 00 00 00 ff 00 00 00 ff 0f 0f 0f ff cc cc cc ff
                  ff ff ff ff ff ff ff ff ff ff ff ff ff ff ff ff ff ff ff ff
                  ff ff ff ff ff ff ff ff ff ff ff ff ff ff ff ff ff ff ff ff
                  ff ff ff ff ff ff ff ff e3 e3 e3 ff 1c 1c 1c ff 00 00 00 ff
                  00 00 00 ff 00 00 00 ff 00 00 00 ff 00 00 00 ff 00 00 00 ff
                  00 00 00 ff 00 00 00 ff 00 00 00 ff 00 00 00 ff 00 00 00 ff
                  00 00 00 ff e0 e0 e0 ff ff ff ff ff ff ff ff ff ff ff ff ff
                  ff ff ff ff ff ff ff ff ff ff ff ff ff ff ff ff ff ff ff ff
                  ff ff ff ff ff ff ff ff ff ff ff ff 00 00 00 ff 00 00 00 ff
                  00 00 00 ff 00 00 00 ff 00 00 00 ff 00 00 00 ff 00 00 00 ff
                  00 00 00 ff 00 00 00 ff 00 00 00 ff 00 00 00 ff 00 00 00 ff
                  00 00 00 ff 00 00 00 ff 00 00 00 ff 00 00 00 ff 00 00 00 ff
                  00 00 00 ff 00 00 00 ff 5a 5a 5a ff ff ff ff ff ff ff ff ff
                  ff ff ff ff ff ff ff ff ff ff ff ff fb fb fb ff 00 00 00 ff
                  00 00 00 ff 00 00 00 ff 00 00 00 ff 00 00 00 ff 00 00 00 ff
                  00 00 00 f1 00 00 00 ff 00 00 00 ff 00 00 00 ff 00 00 00 ff
                  00 00 00 ff df df df ff ff ff ff ff ff ff ff ff ff ff ff ff
                  ff ff ff ff ff ff ff ff a2 a2 a2 ff 00 00 00 ff 00 00 00 ff
                  00 00 00 ff 00 00 00 ff 00 00 00 ff 00 00 00 ff 00 00 00 ff
                  00 00 00 ff 00 00 00 ff 00 00 00 ff 00 00 00 ff 00 00 00 ff
                  00 00 00 ff 00 00 00 ff 00 00 00 ff 00 00 00 ff 00 00 00 ff
                  00 00 00 ff 00 00 00 ff b0 b0 b0 ff ff ff ff ff ff ff ff ff
                  ff ff ff ff ff ff ff ff ff ff ff ff ff ff ff ff ff ff ff ff
                  ff ff ff ff ff ff ff ff ff ff ff ff ff ff ff ff 20 20 20 ff
                  00 00 00 ff 00 00 00 ff 00 00 00 ff 00 00 00 ff 00 00 00 ff
                  00 00 00 ff 00 00 00 ff 00 00 00 ff 00 00 00 ff 00 00 00 ff
                  06 06 06 ff be be be ff ff ff ff ff ff ff ff ff ff ff ff ff
                  ff ff ff ff ff ff ff ff ff ff ff ff ff ff ff ff ff ff ff ff
                  ff ff ff ff ff ff ff ff ff ff ff ff ff ff ff ff ff ff ff ff
                  ff ff ff ff d6 d6 d6 ff 14 14 14 ff 00 00 00 ff 00 00 00 ff
                  00 00 00 ff 00 00 00 ff 00 00 00 ff 00 00 00 ff 00 00 00 ff
                  00 00 00 ff 00 00 00 ff 00 00 00 ff 00 00 00 ff e0 e0 e0 ff
                  ff ff ff ff ff ff ff ff ff ff ff ff ff ff ff ff ff ff ff ff
                  ff ff ff ff ff ff ff ff ff ff ff ff ff ff ff ff ff ff ff ff
                  ff ff ff ff 00 00 00 ff 00 00 00 ff 00 00 00 ff 00 00 00 ff
                  00 00 00 ff 00 00 00 ff 00 00 00 ff 00 00 00 ff 00 00 00 ff
                  00 00 00 ff 00 00 00 ff 00 00 00 ff 00 00 00 ff 00 00 00 ff
                  00 00 00 ff 00 00 00 ff 00 00 00 ff 00 00 00 ff 00 00 00 ff
                  8f 8f 8f ff ff ff ff ff ff ff ff ff ff ff ff ff ff ff ff ff
                  ff ff ff ff e0 e0 e0 ff 00 00 00 ff 00 00 00 ff 00 00 00 ff
                  00 00 00 ff 00 00 00 ff 00 00 00 f2 00 00 00 cb 00 00 00 ff
                  00 00 00 ff 00 00 00 ff 00 00 00 ff 00 00 00 ff 9b 9b 9b ff
                  ff ff ff ff ff ff ff ff ff ff ff ff ff ff ff ff ff ff ff ff
                  f8 f8 f8 ff 14 14 14 ff 00 00 00 ff 00 00 00 ff 00 00 00 ff
                  00 00 00 ff 00 00 00 ff 00 00 00 ff 00 00 00 ff 00 00 00 ff
                  00 00 00 ff 00 00 00 ff 00 00 00 ff 00 00 00 ff 00 00 00 ff
                  00 00 00 ff 00 00 00 ff 00 00 00 ff 00 00 00 ff 00 00 00 ff
                  b0 b0 b0 ff ff ff ff ff ff ff ff ff ff ff ff ff ff ff ff ff
                  ff ff ff ff ff ff ff ff ff ff ff ff ff ff ff ff ff ff ff ff
                  ff ff ff ff ff ff ff ff 20 20 20 ff 00 00 00 ff 00 00 00 ff
                  00 00 00 ff 00 00 00 ff 00 00 00 ff 00 00 00 ff 00 00 00 ff
                  00 00 00 ff 00 00 00 ff 03 03 03 ff ae ae ae ff ff ff ff ff
                  ff ff ff ff ff ff ff ff ff ff ff ff ff ff ff ff ff ff ff ff
                  ff ff ff ff ff ff ff ff ff ff ff ff ff ff ff ff ff ff ff ff
                  ff ff ff ff ff ff ff ff ff ff ff ff ff ff ff ff ff ff ff ff
                  c8 c8 c8 ff 0a 0a 0a ff 00 00 00 ff 00 00 00 ff 00 00 00 ff
                  00 00 00 ff 00 00 00 ff 00 00 00 ff 00 00 00 ff 00 00 00 ff
                  00 00 00 ff 00 00 00 ff e0 e0 e0 ff ff ff ff ff ff ff ff ff
                  ff ff ff ff ff ff ff ff ff ff ff ff ff ff ff ff ff ff ff ff
                  ff ff ff ff ff ff ff ff ff ff ff ff ff ff ff ff 00 00 00 ff
                  00 00 00 ff 00 00 00 ff 00 00 00 ff 00 00 00 ff 00 00 00 ff
                  00 00 00 ff 00 00 00 ff 00 00 00 ff 00 00 00 ff 00 00 00 ff
                  00 00 00 ff 00 00 00 ff 00 00 00 ff 00 00 00 ff 00 00 00 ff
                  00 00 00 ff 00 00 00 ff 09 09 09 ff ee ee ee ff ff ff ff ff
                  ff ff ff ff ff ff ff ff ff ff ff ff ff ff ff ff 9b 9b 9b ff
                  00 00 00 ff 00 00 00 ff 00 00 00 ff 00 00 00 ff 00 00 00 ff
                  00 00 00 cc 00 00 00 90 00 00 00 ff 00 00 00 ff 00 00 00 ff
                  00 00 00 ff 00 00 00 ff 43 43 43 ff ff ff ff ff ff ff ff ff
                  ff ff ff ff ff ff ff ff ff ff ff ff ff ff ff ff 76 76 76 ff
                  00 00 00 ff 00 00 00 ff 00 00 00 ff 00 00 00 ff 00 00 00 ff
                  00 00 00 ff 00 00 00 ff 00 00 00 ff 00 00 00 ff 00 00 00 ff
                  00 00 00 ff 00 00 00 ff 00 00 00 ff 00 00 00 ff 00 00 00 ff
                  00 00 00 ff 00 00 00 ff 00 00 00 ff b0 b0 b0 ff ff ff ff ff
                  ff ff ff ff ff ff ff ff ff ff ff ff ff ff ff ff ff ff ff ff
                  ff ff ff ff ff ff ff ff ff ff ff ff ff ff ff ff ff ff ff ff
                  20 20 20 ff 00 00 00 ff 00 00 00 ff 00 00 00 ff 00 00 00 ff
                  00 00 00 ff 00 00 00 ff 00 00 00 ff 00 00 00 ff 01 01 01 ff
                  9c 9c 9c ff ff ff ff ff ff ff ff ff ff ff ff ff ff ff ff ff
                  ff ff ff ff ff ff ff ff ff ff ff ff ff ff ff ff ff ff ff ff
                  ff ff ff ff ff ff ff ff ff ff ff ff ff ff ff ff ff ff ff ff
                  ff ff ff ff ff ff ff ff ff ff ff ff ff ff ff ff b8 b8 b8 ff
                  06 06 06 ff 00 00 00 ff 00 00 00 ff 00 00 00 ff 00 00 00 ff
                  00 00 00 ff 00 00 00 ff 00 00 00 ff 00 00 00 ff 00 00 00 ff
                  e0 e0 e0 ff ff ff ff ff ff ff ff ff ff ff ff ff ff ff ff ff
                  ff ff ff ff ff ff ff ff ff ff ff ff ff ff ff ff ff ff ff ff
                  ff ff ff ff ff ff ff ff 00 00 00 ff 00 00 00 ff 00 00 00 ff
                  00 00 00 ff 00 00 00 ff 00 00 00 ff 00 00 00 ff 00 00 00 ff
                  00 00 00 ff 00 00 00 ff 00 00 00 ff 00 00 00 ff 00 00 00 ff
                  00 00 00 ff 00 00 00 ff 00 00 00 ff 00 00 00 ff 00 00 00 ff
                  60 60 60 ff ff ff ff ff ff ff ff ff ff ff ff ff ff ff ff ff
                  ff ff ff ff ff ff ff ff 41 41 41 ff 00 00 00 ff 00 00 00 ff
                  00 00 00 ff 00 00 00 ff 00 00 00 ff 00 00 00 92 00 00 00 43
                  00 00 00 ff 00 00 00 ff 00 00 00 ff 00 00 00 ff 00 00 00 ff
                  01 01 01 ff d9 d9 d9 ff ff ff ff ff ff ff ff ff ff ff ff ff
                  ff ff ff ff ff ff ff ff de de de ff 02 02 02 ff 00 00 00 ff
                  00 00 00 ff 00 00 00 ff 00 00 00 ff 00 00 00 ff 00 00 00 ff
                  00 00 00 ff 00 00 00 ff 00 00 00 ff 00 00 00 ff 00 00 00 ff
                  00 00 00 ff 00 00 00 ff 00 00 00 ff 00 00 00 ff 00 00 00 ff
                  00 00 00 ff b0 b0 b0 ff ff ff ff ff ff ff ff ff ff ff ff ff
                  ff ff ff ff ff ff ff ff ff ff ff ff ff ff ff ff ff ff ff ff
                  ff ff ff ff ff ff ff ff ff ff ff ff 20 20 20 ff 00 00 00 ff
                  00 00 00 ff 00 00 00 ff 00 00 00 ff 00 00 00 ff 00 00 00 ff
                  00 00 00 ff 00 00 00 ff 88 88 88 ff ff ff ff ff ff ff ff ff
                  ff ff ff ff ff ff ff ff ff ff ff ff ff ff ff ff ff ff ff ff
                  ff ff ff ff ff ff ff ff ff ff ff ff ff ff ff ff ff ff ff ff
                  ff ff ff ff ff ff ff ff ff ff ff ff ff ff ff ff ff ff ff ff
                  ff ff ff ff ff ff ff ff ff ff ff ff a7 a7 a7 ff 01 01 01 ff
                  00 00 00 ff 00 00 00 ff 00 00 00 ff 00 00 00 ff 00 00 00 ff
                  00 00 00 ff 00 00 00 ff 00 00 00 ff e0 e0 e0 ff ff ff ff ff
                  ff ff ff ff ff ff ff ff ff ff ff ff ff ff ff ff ff ff ff ff
                  ff ff ff ff ff ff ff ff ff ff ff ff ff ff ff ff ff ff ff ff
                  00 00 00 ff 00 00 00 ff 00 00 00 ff 00 00 00 ff 00 00 00 ff
                  00 00 00 ff 00 00 00 ff 00 00 00 ff 00 00 00 ff 00 00 00 ff
                  00 00 00 ff 00 00 00 ff 00 00 00 ff 00 00 00 ff 00 00 00 ff
                  00 00 00 ff 00 00 00 ff 00 00 00 ff cb cb cb ff ff ff ff ff
                  ff ff ff ff ff ff ff ff ff ff ff ff ff ff ff ff d8 d8 d8 ff
                  01 01 01 ff 00 00 00 ff 00 00 00 ff 00 00 00 ff 00 00 00 ff
                  00 00 00 ff 00 00 00 43 00 00 00 02 00 00 00 e1 00 00 00 ff
                  00 00 00 ff 00 00 00 ff 00 00 00 ff 00 00 00 ff 70 70 70 ff
                  ff ff ff ff ff ff ff ff ff ff ff ff ff ff ff ff ff ff ff ff
                  ff ff ff ff 4b 4b 4b ff 00 00 00 ff 00 00 00 ff 00 00 00 ff
                  00 00 00 ff 00 00 00 ff 00 00 00 ff 00 00 00 ff 00 00 00 ff
                  00 00 00 ff 00 00 00 ff 00 00 00 ff 00 00 00 ff 00 00 00 ff
                  00 00 00 ff 00 00 00 ff 00 00 00 ff 00 00 00 ff b0 b0 b0 ff
                  ff ff ff ff ff ff ff ff ff ff ff ff ff ff ff ff ff ff ff ff
                  ff ff ff ff ff ff ff ff ff ff ff ff ff ff ff ff ff ff ff ff
                  ff ff ff ff 20 20 20 ff 00 00 00 ff 00 00 00 ff 00 00 00 ff
                  00 00 00 ff 00 00 00 ff 00 00 00 ff 00 00 00 ff 73 73 73 ff
                  ff ff ff ff ff ff ff ff ff ff ff ff ff ff ff ff ff ff ff ff
                  ff ff ff ff ff ff ff ff ff ff ff ff ff ff ff ff ff ff ff ff
                  ff ff ff ff ff ff ff ff ff ff ff ff ff ff ff ff ff ff ff ff
                  ff ff ff ff ff ff ff ff ff ff ff ff ff ff ff ff ff ff ff ff
                  ff ff ff ff ff ff ff ff 92 92 92 ff 00 00 00 ff 00 00 00 ff
                  00 00 00 ff 00 00 00 ff 00 00 00 ff 00 00 00 ff 00 00 00 ff
                  00 00 00 ff e0 e0 e0 ff ff ff ff ff ff ff ff ff ff ff ff ff
                  ff ff ff ff ff ff ff ff ff ff ff ff ff ff ff ff ff ff ff ff
                  ff ff ff ff ff ff ff ff ff ff ff ff 00 00 00 ff 00 00 00 ff
                  00 00 00 ff 00 00 00 ff 00 00 00 ff 00 00 00 ff 00 00 00 ff
                  00 00 00 ff 00 00 00 ff 00 00 00 ff 00 00 00 ff 00 00 00 ff
                  00 00 00 ff 00 00 00 ff 00 00 00 ff 00 00 00 ff 00 00 00 ff
                  35 35 35 ff ff ff ff ff ff ff ff ff ff ff ff ff ff ff ff ff
                  ff ff ff ff ff ff ff ff 70 70 70 ff 00 00 00 ff 00 00 00 ff
                  00 00 00 ff 00 00 00 ff 00 00 00 ff 00 00 00 e1 00 00 00 02
                  00 00 00 00 00 00 00 7b 00 00 00 ff 00 00 00 ff 00 00 00 ff
                  00 00 00 ff 00 00 00 ff 12 12 12 ff f6 f6 f6 ff ff ff ff ff
                  ff ff ff ff ff ff ff ff ff ff ff ff ff ff ff ff b4 b4 b4 ff
                  00 00 00 ff 00 00 00 ff 00 00 00 ff 00 00 00 ff 00 00 00 ff
                  00 00 00 ff 00 00 00 ff 00 00 00 ff 00 00 00 ff 00 00 00 ff
                  00 00 00 ff 00 00 00 ff 00 00 00 ff 00 00 00 ff 00 00 00 ff
                  00 00 00 ff 00 00 00 ff b0 b0 b0 ff ff ff ff ff ff ff ff ff
                  ff ff ff ff ff ff ff ff ff ff ff ff ff ff ff ff ff ff ff ff
                  ff ff ff ff ff ff ff ff ff ff ff ff ff ff ff ff 20 20 20 ff
                  00 00 00 ff 00 00 00 ff 00 00 00 ff 00 00 00 ff 00 00 00 ff
                  00 00 00 ff 60 60 60 ff ff ff ff ff ff ff ff ff ff ff ff ff
                  ff ff ff ff ff ff ff ff ff ff ff ff ff ff ff ff ff ff ff ff
                  ff ff ff ff ff ff ff ff ff ff ff ff ff ff ff ff ff ff ff ff
                  ff ff ff ff ff ff ff ff ff ff ff ff ff ff ff ff ff ff ff ff
                  ff ff ff ff ff ff ff ff ff ff ff ff ff ff ff ff ff ff ff ff
                  ff ff ff ff 7e 7e 7e ff 00 00 00 ff 00 00 00 ff 00 00 00 ff
                  00 00 00 ff 00 00 00 ff 00 00 00 ff 00 00 00 ff e0 e0 e0 ff
                  ff ff ff ff ff ff ff ff ff ff ff ff ff ff ff ff ff ff ff ff
                  ff ff ff ff ff ff ff ff ff ff ff ff ff ff ff ff ff ff ff ff
                  ff ff ff ff 00 00 00 ff 00 00 00 ff 00 00 00 ff 00 00 00 ff
                  00 00 00 ff 00 00 00 ff 00 00 00 ff 00 00 00 ff 00 00 00 ff
                  00 00 00 ff 00 00 00 ff 00 00 00 ff 00 00 00 ff 00 00 00 ff
                  00 00 00 ff 00 00 00 ff 00 00 00 ff 9f 9f 9f ff ff ff ff ff
                  ff ff ff ff ff ff ff ff ff ff ff ff ff ff ff ff f6 f6 f6 ff
                  10 10 10 ff 00 00 00 ff 00 00 00 ff 00 00 00 ff 00 00 00 ff
                  00 00 00 ff 00 00 00 7a 00 00 00 00 00 00 00 00 00 00 00 17
                  00 00 00 fa 00 00 00 ff 00 00 00 ff 00 00 00 ff 00 00 00 ff
                  00 00 00 ff 9f 9f 9f ff ff ff ff ff ff ff ff ff ff ff ff ff
                  ff ff ff ff ff ff ff ff fe fe fe ff 21 21 21 ff 00 00 00 ff
                  00 00 00 ff 00 00 00 ff 00 00 00 ff 00 00 00 ff 00 00 00 ff
                  00 00 00 ff 00 00 00 ff 00 00 00 ff 00 00 00 ff 00 00 00 ff
                  00 00 00 ff 00 00 00 ff 00 00 00 ff 00 00 00 ff 00 00 00 ff
                  b0 b0 b0 ff ff ff ff ff ff ff ff ff ff ff ff ff ff ff ff ff
                  ff ff ff ff ff ff ff ff ff ff ff ff ff ff ff ff ff ff ff ff
                  ff ff ff ff ff ff ff ff 20 20 20 ff 00 00 00 ff 00 00 00 ff
                  00 00 00 ff 00 00 00 ff 00 00 00 ff 4e 4e 4e ff fd fd fd ff
                  ff ff ff ff ff ff ff ff ff ff ff ff ff ff ff ff ff ff ff ff
                  ff ff ff ff ff ff ff ff ff ff ff ff ff ff ff ff ff ff ff ff
                  ff ff ff ff ff ff ff ff ff ff ff ff ff ff ff ff ff ff ff ff
                  ff ff ff ff ff ff ff ff ff ff ff ff ff ff ff ff ff ff ff ff
                  ff ff ff ff ff ff ff ff ff ff ff ff ff ff ff ff ff ff ff ff
                  67 67 67 ff 00 00 00 ff 00 00 00 ff 00 00 00 ff 00 00 00 ff
                  00 00 00 ff 00 00 00 ff e0 e0 e0 ff ff ff ff ff ff ff ff ff
                  ff ff ff ff ff ff ff ff ff ff ff ff ff ff ff ff ff ff ff ff
                  ff ff ff ff ff ff ff ff ff ff ff ff ff ff ff ff 00 00 00 ff
                  00 00 00 ff 00 00 00 ff 00 00 00 ff 00 00 00 ff 00 00 00 ff
                  00 00 00 ff 00 00 00 ff 00 00 00 ff 00 00 00 ff 00 00 00 ff
                  00 00 00 ff 00 00 00 ff 00 00 00 ff 00 00 00 ff 00 00 00 ff
                  12 12 12 ff f7 f7 f7 ff ff ff ff ff ff ff ff ff ff ff ff ff
                  ff ff ff ff ff ff ff ff 9d 9d 9d ff 00 00 00 ff 00 00 00 ff
                  00 00 00 ff 00 00 00 ff 00 00 00 ff 00 00 00 fa 00 00 00 16
                  00 00 00 00 00 00 00 00 00 00 00 00 00 00 00 a9 00 00 00 ff
                  00 00 00 ff 00 00 00 ff 00 00 00 ff 00 00 00 ff 35 35 35 ff
                  ff ff ff ff ff ff ff ff ff ff ff ff ff ff ff ff ff ff ff ff
                  ff ff ff ff 89 89 89 ff 00 00 00 ff 00 00 00 ff 00 00 00 ff
                  00 00 00 ff 00 00 00 ff 00 00 00 ff 00 00 00 ff 00 00 00 ff
                  00 00 00 ff 00 00 00 ff 00 00 00 ff 00 00 00 ff 00 00 00 ff
                  00 00 00 ff 00 00 00 ff 00 00 00 ff b0 b0 b0 ff ff ff ff ff
                  ff ff ff ff ff ff ff ff ff ff ff ff ff ff ff ff ff ff ff ff
                  ff ff ff ff ff ff ff ff ff ff ff ff ff ff ff ff ff ff ff ff
                  20 20 20 ff 00 00 00 ff 00 00 00 ff 00 00 00 ff 00 00 00 ff
                  3e 3e 3e ff f6 f6 f6 ff ff ff ff ff ff ff ff ff ff ff ff ff
                  ff ff ff ff ff ff ff ff ff ff ff ff ff ff ff ff ff ff ff ff
                  ff ff ff ff ff ff ff ff ff ff ff ff ff ff ff ff ff ff ff ff
                  ff ff ff ff ff ff ff ff ff ff ff ff ff ff ff ff ff ff ff ff
                  ff ff ff ff ff ff ff ff ff ff ff ff ff ff ff ff ff ff ff ff
                  ff ff ff ff ff ff ff ff ff ff ff ff fd fd fd ff 54 54 54 ff
                  00 00 00 ff 00 00 00 ff 00 00 00 ff 00 00 00 ff 00 00 00 ff
                  e0 e0 e0 ff ff ff ff ff ff ff ff ff ff ff ff ff ff ff ff ff
                  ff ff ff ff ff ff ff ff ff ff ff ff ff ff ff ff ff ff ff ff
                  ff ff ff ff ff ff ff ff 00 00 00 ff 00 00 00 ff 00 00 00 ff
                  00 00 00 ff 00 00 00 ff 00 00 00 ff 00 00 00 ff 00 00 00 ff
                  00 00 00 ff 00 00 00 ff 00 00 00 ff 00 00 00 ff 00 00 00 ff
                  00 00 00 ff 00 00 00 ff 00 00 00 ff 73 73 73 ff ff ff ff ff
                  ff ff ff ff ff ff ff ff ff ff ff ff ff ff ff ff ff ff ff ff
                  33 33 33 ff 00 00 00 ff 00 00 00 ff 00 00 00 ff 00 00 00 ff
                  00 00 00 ff 00 00 00 a7 00 00 00 00 00 00 00 00 00 00 00 00
                  00 00 00 00 00 00 00 40 00 00 00 ff 00 00 00 ff 00 00 00 ff
                  00 00 00 ff 00 00 00 ff 00 00 00 ff cc cc cc ff ff ff ff ff
                  ff ff ff ff ff ff ff ff ff ff ff ff ff ff ff ff eb eb eb ff
                  07 07 07 ff 00 00 00 ff 00 00 00 ff 00 00 00 ff 00 00 00 ff
                  00 00 00 ff 00 00 00 ff 00 00 00 ff 00 00 00 ff 00 00 00 ff
                  00 00 00 ff 00 00 00 ff 00 00 00 ff 00 00 00 ff 00 00 00 ff
                  00 00 00 ff b0 b0 b0 ff ff ff ff ff ff ff ff ff ff ff ff ff
                  ff ff ff ff ff ff ff ff ff ff ff ff ff ff ff ff ff ff ff ff
                  ff ff ff ff ff ff ff ff ff ff ff ff 20 20 20 ff 00 00 00 ff
                  00 00 00 ff 00 00 00 ff 30 30 30 ff f1 f1 f1 ff ff ff ff ff
                  ff ff ff ff ff ff ff ff ff ff ff ff ff ff ff ff ff ff ff ff
                  ff ff ff ff ff ff ff ff ff ff ff ff ff ff ff ff ff ff ff ff
                  ff ff ff ff ff ff ff ff e4 e4 e4 ff af af af ff ff ff ff ff
                  ff ff ff ff ff ff ff ff ff ff ff ff ff ff ff ff ff ff ff ff
                  ff ff ff ff ff ff ff ff ff ff ff ff ff ff ff ff ff ff ff ff
                  ff ff ff ff ff ff ff ff fa fa fa ff 43 43 43 ff 00 00 00 ff
                  00 00 00 ff 00 00 00 ff 00 00 00 ff e0 e0 e0 ff ff ff ff ff
                  ff ff ff ff ff ff ff ff ff ff ff ff ff ff ff ff ff ff ff ff
                  ff ff ff ff ff ff ff ff ff ff ff ff ff ff ff ff ff ff ff ff
                  00 00 00 ff 00 00 00 ff 00 00 00 ff 00 00 00 ff 00 00 00 ff
                  00 00 00 ff 00 00 00 ff 00 00 00 ff 00 00 00 ff 00 00 00 ff
                  00 00 00 ff 00 00 00 ff 00 00 00 ff 00 00 00 ff 00 00 00 ff
                  02 02 02 ff dc dc dc ff ff ff ff ff ff ff ff ff ff ff ff ff
                  ff ff ff ff ff ff ff ff ca ca ca ff 00 00 00 ff 00 00 00 ff
                  00 00 00 ff 00 00 00 ff 00 00 00 ff 00 00 00 ff 00 00 00 3e
                  00 00 00 00 00 00 00 00 00 00 00 00 00 00 00 00 00 00 00 00
                  00 00 00 d6 00 00 00 ff 00 00 00 ff 00 00 00 ff 00 00 00 ff
                  00 00 00 ff 62 62 62 ff ff ff ff ff ff ff ff ff ff ff ff ff
                  ff ff ff ff ff ff ff ff ff ff ff ff 5e 5e 5e ff 00 00 00 ff
                  00 00 00 ff 00 00 00 ff 00 00 00 ff 00 00 00 ff 00 00 00 ff
                  00 00 00 ff 00 00 00 ff 00 00 00 ff 00 00 00 ff 00 00 00 ff
                  00 00 00 ff 00 00 00 ff 00 00 00 ff 00 00 00 ff b0 b0 b0 ff
                  ff ff ff ff ff ff ff ff ff ff ff ff ff ff ff ff ff ff ff ff
                  ff ff ff ff ff ff ff ff ff ff ff ff ff ff ff ff ff ff ff ff
                  ff ff ff ff 20 20 20 ff 00 00 00 ff 00 00 00 ff 24 24 24 ff
                  e9 e9 e9 ff ff ff ff ff ff ff ff ff ff ff ff ff ff ff ff ff
                  ff ff ff ff ff ff ff ff ff ff ff ff ff ff ff ff ff ff ff ff
                  ff ff ff ff ff ff ff ff ff ff ff ff ff ff ff ff f1 f1 f1 ff
                  2e 2e 2e ff 06 06 06 ff bb bb bb ff ff ff ff ff ff ff ff ff
                  ff ff ff ff ff ff ff ff ff ff ff ff ff ff ff ff ff ff ff ff
                  ff ff ff ff ff ff ff ff ff ff ff ff ff ff ff ff ff ff ff ff
                  ff ff ff ff f2 f2 f2 ff 34 34 34 ff 00 00 00 ff 00 00 00 ff
                  00 00 00 ff e0 e0 e0 ff ff ff ff ff ff ff ff ff ff ff ff ff
                  ff ff ff ff ff ff ff ff ff ff ff ff ff ff ff ff ff ff ff ff
                  ff ff ff ff ff ff ff ff ff ff ff ff 00 00 00 ff 00 00 00 ff
                  00 00 00 ff 00 00 00 ff 00 00 00 ff 00 00 00 ff 00 00 00 ff
                  00 00 00 ff 00 00 00 ff 00 00 00 ff 00 00 00 ff 00 00 00 ff
                  00 00 00 ff 00 00 00 ff 00 00 00 ff 48 48 48 ff ff ff ff ff
                  ff ff ff ff ff ff ff ff ff ff ff ff ff ff ff ff ff ff ff ff
                  60 60 60 ff 00 00 00 ff 00 00 00 ff 00 00 00 ff 00 00 00 ff
                  00 00 00 ff 00 00 00 d4 00 00 00 00 00 00 00 00 00 00 00 00
                  00 00 00 00 00 00 00 00 00 00 00 00 00 00 00 6d 00 00 00 ff
                  00 00 00 ff 00 00 00 ff 00 00 00 ff 00 00 00 ff 0a 0a 0a ff
                  ef ef ef ff ff ff ff ff ff ff ff ff ff ff ff ff ff ff ff ff
                  ff ff ff ff c7 c7 c7 ff 00 00 00 ff 00 00 00 ff 00 00 00 ff
                  00 00 00 ff 00 00 00 ff 00 00 00 ff 00 00 00 ff 00 00 00 ff
                  00 00 00 ff 00 00 00 ff 00 00 00 ff 00 00 00 ff 00 00 00 ff
                  00 00 00 ff 00 00 00 ff b0 b0 b0 ff ff ff ff ff ff ff ff ff
                  ff ff ff ff ff ff ff ff ff ff ff ff ff ff ff ff ff ff ff ff
                  ff ff ff ff ff ff ff ff ff ff ff ff ff ff ff ff 20 20 20 ff
                  00 00 00 ff 1a 1a 1a ff de de de ff ff ff ff ff ff ff ff ff
                  ff ff ff ff ff ff ff ff ff ff ff ff ff ff ff ff ff ff ff ff
                  ff ff ff ff ff ff ff ff ff ff ff ff ff ff ff ff ff ff ff ff
                  ff ff ff ff fa fa fa ff 3f 3f 3f ff 00 00 00 ff 00 00 00 ff
                  0f 0f 0f ff d0 d0 d0 ff ff ff ff ff ff ff ff ff ff ff ff ff
                  ff ff ff ff ff ff ff ff ff ff ff ff ff ff ff ff ff ff ff ff
                  ff ff ff ff ff ff ff ff ff ff ff ff ff ff ff ff ff ff ff ff
                  eb eb eb ff 26 26 26 ff 00 00 00 ff 00 00 00 ff e0 e0 e0 ff
                  ff ff ff ff ff ff ff ff ff ff ff ff ff ff ff ff ff ff ff ff
                  ff ff ff ff ff ff ff ff ff ff ff ff ff ff ff ff ff ff ff ff
                  ff ff ff ff 00 00 00 ff 00 00 00 ff 00 00 00 ff 00 00 00 ff
                  00 00 00 ff 00 00 00 ff 00 00 00 ff 00 00 00 ff 00 00 00 ff
                  00 00 00 ff 00 00 00 ff 00 00 00 ff 00 00 00 ff 00 00 00 ff
                  00 00 00 ff b1 b1 b1 ff ff ff ff ff ff ff ff ff ff ff ff ff
                  ff ff ff ff ff ff ff ff ee ee ee ff 09 09 09 ff 00 00 00 ff
                  00 00 00 ff 00 00 00 ff 00 00 00 ff 00 00 00 ff 00 00 00 6b
                  00 00 00 00 00 00 00 00 00 00 00 00 00 00 00 00 00 00 00 00
                  00 00 00 00 00 00 00 0e 00 00 00 f5 00 00 00 ff 00 00 00 ff
                  00 00 00 ff 00 00 00 ff 00 00 00 ff 90 90 90 ff ff ff ff ff
                  ff ff ff ff ff ff ff ff ff ff ff ff ff ff ff ff ff ff ff ff
                  31 31 31 ff 00 00 00 ff 00 00 00 ff 00 00 00 ff 00 00 00 ff
                  00 00 00 ff 00 00 00 ff 00 00 00 ff 00 00 00 ff 00 00 00 ff
                  00 00 00 ff 00 00 00 ff 00 00 00 ff 00 00 00 ff 00 00 00 ff
                  b0 b0 b0 ff ff ff ff ff ff ff ff ff ff ff ff ff ff ff ff ff
                  ff ff ff ff ff ff ff ff ff ff ff ff ff ff ff ff ff ff ff ff
                  ff ff ff ff ff ff ff ff 20 20 20 ff 10 10 10 ff d3 d3 d3 ff
                  ff ff ff ff ff ff ff ff ff ff ff ff ff ff ff ff ff ff ff ff
                  ff ff ff ff ff ff ff ff ff ff ff ff ff ff ff ff ff ff ff ff
                  ff ff ff ff ff ff ff ff ff ff ff ff fe fe fe ff 56 56 56 ff
                  00 00 00 ff 00 00 00 ff 00 00 00 ff 00 00 00 ff 1a 1a 1a ff
                  e0 e0 e0 ff ff ff ff ff ff ff ff ff ff ff ff ff ff ff ff ff
                  ff ff ff ff ff ff ff ff ff ff ff ff ff ff ff ff ff ff ff ff
                  ff ff ff ff ff ff ff ff ff ff ff ff ff ff ff ff e1 e1 e1 ff
                  1c 1c 1c ff 00 00 00 ff e0 e0 e0 ff ff ff ff ff ff ff ff ff
                  ff ff ff ff ff ff ff ff ff ff ff ff ff ff ff ff ff ff ff ff
                  ff ff ff ff ff ff ff ff ff ff ff ff ff ff ff ff 00 00 00 ff
                  00 00 00 ff 00 00 00 ff 00 00 00 ff 00 00 00 ff 00 00 00 ff
                  00 00 00 ff 00 00 00 ff 00 00 00 ff 00 00 00 ff 00 00 00 ff
                  00 00 00 ff 00 00 00 ff 00 00 00 ff 1f 1f 1f ff fd fd fd ff
                  ff ff ff ff ff ff ff ff ff ff ff ff ff ff ff ff ff ff ff ff
                  8e 8e 8e ff 00 00 00 ff 00 00 00 ff 00 00 00 ff 00 00 00 ff
                  00 00 00 ff 00 00 00 f4 00 00 00 0e 00 00 00 00 00 00 00 00
                  00 00 00 00 00 00 00 00 00 00 00 00 00 00 00 00 00 00 00 00
                  00 00 00 9a 00 00 00 ff 00 00 00 ff 00 00 00 ff 00 00 00 ff
                  00 00 00 ff 27 27 27 ff ff ff ff ff ff ff ff ff ff ff ff ff
                  ff ff ff ff ff ff ff ff ff ff ff ff 9c 9c 9c ff 00 00 00 ff
                  00 00 00 ff 00 00 00 ff 00 00 00 ff 00 00 00 ff 00 00 00 ff
                  00 00 00 ff 00 00 00 ff 00 00 00 ff 00 00 00 ff 00 00 00 ff
                  00 00 00 ff 00 00 00 ff 00 00 00 ff b0 b0 b0 ff ff ff ff ff
                  ff ff ff ff ff ff ff ff ff ff ff ff ff ff ff ff ff ff ff ff
                  ff ff ff ff ff ff ff ff ff ff ff ff ff ff ff ff ff ff ff ff
                  2a 2a 2a ff c5 c5 c5 ff ff ff ff ff ff ff ff ff ff ff ff ff
                  ff ff ff ff ff ff ff ff ff ff ff ff ff ff ff ff ff ff ff ff
                  ff ff ff ff ff ff ff ff ff ff ff ff ff ff ff ff ff ff ff ff
                  ff ff ff ff 70 70 70 ff 00 00 00 ff 00 00 00 ff 00 00 00 ff
                  00 00 00 ff 00 00 00 ff 00 00 00 ff 28 28 28 ff ed ed ed ff
                  ff ff ff ff ff ff ff ff ff ff ff ff ff ff ff ff ff ff ff ff
                  ff ff ff ff ff ff ff ff ff ff ff ff ff ff ff ff ff ff ff ff
                  ff ff ff ff ff ff ff ff ff ff ff ff d3 d3 d3 ff 11 11 11 ff
                  e0 e0 e0 ff ff ff ff ff ff ff ff ff ff ff ff ff ff ff ff ff
                  ff ff ff ff ff ff ff ff ff ff ff ff ff ff ff ff ff ff ff ff
                  ff ff ff ff ff ff ff ff 00 00 00 ff 00 00 00 ff 00 00 00 ff
                  00 00 00 ff 00 00 00 ff 00 00 00 ff 00 00 00 ff 00 00 00 ff
                  00 00 00 ff 00 00 00 ff 00 00 00 ff 00 00 00 ff 00 00 00 ff
                  00 00 00 ff 86 86 86 ff ff ff ff ff ff ff ff ff ff ff ff ff
                  ff ff ff ff ff ff ff ff ff ff ff ff 26 26 26 ff 00 00 00 ff
                  00 00 00 ff 00 00 00 ff 00 00 00 ff 00 00 00 ff 00 00 00 99
                  00 00 00 00 00 00 00 00 00 00 00 00 00 00 00 00 00 00 00 00
                  00 00 00 00 00 00 00 00 00 00 00 00 00 00 00 30 00 00 00 ff
                  00 00 00 ff 00 00 00 ff 00 00 00 ff 00 00 00 ff 00 00 00 ff
                  bd bd bd ff ff ff ff ff ff ff ff ff ff ff ff ff ff ff ff ff
                  ff ff ff ff f5 f5 f5 ff 10 10 10 ff 00 00 00 ff 00 00 00 ff
                  00 00 00 ff 00 00 00 ff 00 00 00 ff 00 00 00 ff 00 00 00 ff
                  00 00 00 ff 00 00 00 ff 00 00 00 ff 00 00 00 ff 00 00 00 ff
                  00 00 00 ff b0 b0 b0 ff ff ff ff ff ff ff ff ff ff ff ff ff
                  ff ff ff ff ff ff ff ff ff ff ff ff ff ff ff ff ff ff ff ff
                  ff ff ff ff ff ff ff ff ff ff ff ff cd cd cd ff ff ff ff ff
                  ff ff ff ff ff ff ff ff ff ff ff ff ff ff ff ff ff ff ff ff
                  ff ff ff ff ff ff ff ff ff ff ff ff ff ff ff ff ff ff ff ff
                  ff ff ff ff ff ff ff ff ff ff ff ff 8c 8c 8c ff 00 00 00 ff
                  00 00 00 ff 00 00 00 ff 00 00 00 ff 00 00 00 ff 00 00 00 ff
                  00 00 00 ff 00 00 00 ff 3a 3a 3a ff f6 f6 f6 ff ff ff ff ff
                  ff ff ff ff ff ff ff ff ff ff ff ff ff ff ff ff ff ff ff ff
                  ff ff ff ff ff ff ff ff ff ff ff ff ff ff ff ff ff ff ff ff
                  ff ff ff ff ff ff ff ff c6 c6 c6 ff e8 e8 e8 ff ff ff ff ff
                  ff ff ff ff ff ff ff ff ff ff ff ff ff ff ff ff ff ff ff ff
                  ff ff ff ff ff ff ff ff ff ff ff ff ff ff ff ff ff ff ff ff
                  00 00 00 ff 00 00 00 ff 00 00 00 ff 00 00 00 ff 00 00 00 ff
                  00 00 00 ff 00 00 00 ff 00 00 00 ff 00 00 00 ff 00 00 00 ff
                  00 00 00 ff 00 00 00 ff 00 00 00 ff 06 06 06 ff ea ea ea ff
                  ff ff ff ff ff ff ff ff ff ff ff ff ff ff ff ff ff ff ff ff
                  bc bc bc ff 00 00 00 ff 00 00 00 ff 00 00 00 ff 00 00 00 ff
                  00 00 00 ff 00 00 00 ff 00 00 00 30 00 00 00 00 00 00 00 00
                  00 00 00 00 00 00 00 00 00 00 00 00 00 00 00 00 00 00 00 00
                  00 00 00 00 00 00 00 00 00 00 00 c7 00 00 00 ff 00 00 00 ff
                  00 00 00 ff 00 00 00 ff 00 00 00 ff 54 54 54 ff ff ff ff ff
                  ff ff ff ff ff ff ff ff ff ff ff ff ff ff ff ff ff ff ff ff
                  70 70 70 ff 00 00 00 ff 00 00 00 ff 00 00 00 ff 00 00 00 ff
                  00 00 00 ff 00 00 00 ff 00 00 00 ff 00 00 00 ff 00 00 00 ff
                  00 00 00 ff 00 00 00 ff 00 00 00 ff 00 00 00 ff b0 b0 b0 ff
                  ff ff ff ff ff ff ff ff ff ff ff ff ff ff ff ff ff ff ff ff
                  ff ff ff ff ff ff ff ff ff ff ff ff ff ff ff ff ff ff ff ff
                  ff ff ff ff ff ff ff ff ff ff ff ff ff ff ff ff ff ff ff ff
                  ff ff ff ff ff ff ff ff ff ff ff ff ff ff ff ff ff ff ff ff
                  ff ff ff ff ff ff ff ff ff ff ff ff ff ff ff ff ff ff ff ff
                  a6 a6 a6 ff 01 01 01 ff 00 00 00 ff 00 00 00 ff 00 00 00 ff
                  00 00 00 ff 00 00 00 ff 00 00 00 ff 00 00 00 ff 00 00 00 ff
                  00 00 00 ff 50 50 50 ff fd fd fd ff ff ff ff ff ff ff ff ff
                  ff ff ff ff ff ff ff ff ff ff ff ff ff ff ff ff ff ff ff ff
                  ff ff ff ff ff ff ff ff ff ff ff ff ff ff ff ff ff ff ff ff
                  ff ff ff ff ff ff ff ff ff ff ff ff ff ff ff ff ff ff ff ff
                  ff ff ff ff ff ff ff ff ff ff ff ff ff ff ff ff ff ff ff ff
                  ff ff ff ff ff ff ff ff ff ff ff ff 00 00 00 ff 00 00 00 ff
                  00 00 00 ff 00 00 00 ff 00 00 00 ff 00 00 00 ff 00 00 00 ff
                  00 00 00 ff 00 00 00 ff 00 00 00 ff 00 00 00 ff 00 00 00 ff
                  00 00 00 ff 5b 5b 5b ff ff ff ff ff ff ff ff ff ff ff ff ff
                  ff ff ff ff ff ff ff ff ff ff ff ff 52 52 52 ff 00 00 00 ff
                  00 00 00 ff 00 00 00 ff 00 00 00 ff 00 00 00 ff 00 00 00 c6
                  00 00 00 00 00 00 00 00 00 00 00 00 00 00 00 00 00 00 00 00
                  00 00 00 00 00 00 00 00 00 00 00 00 00 00 00 00 00 00 00 00
                  00 00 00 5f 00 00 00 ff 00 00 00 ff 00 00 00 ff 00 00 00 ff
                  00 00 00 ff 05 05 05 ff e6 e6 e6 ff ff ff ff ff ff ff ff ff
                  ff ff ff ff ff ff ff ff ff ff ff ff da da da ff 01 01 01 ff
                  00 00 00 ff 00 00 00 ff 00 00 00 ff 00 00 00 ff 00 00 00 ff
                  00 00 00 ff 00 00 00 ff 00 00 00 ff 00 00 00 ff 00 00 00 ff
                  00 00 00 ff 00 00 00 ff b0 b0 b0 ff ff ff ff ff ff ff ff ff
                  ff ff ff ff ff ff ff ff ff ff ff ff ff ff ff ff ff ff ff ff
                  ff ff ff ff ff ff ff ff ff ff ff ff ff ff ff ff ff ff ff ff
                  ff ff ff ff ff ff ff ff ff ff ff ff ff ff ff ff ff ff ff ff
                  ff ff ff ff ff ff ff ff ff ff ff ff ff ff ff ff ff ff ff ff
                  ff ff ff ff ff ff ff ff bc bc bc ff 06 06 06 ff 00 00 00 ff
                  00 00 00 ff 00 00 00 ff 00 00 00 ff 00 00 00 ff 00 00 00 ff
                  00 00 00 ff 00 00 00 ff 00 00 00 ff 00 00 00 ff 00 00 00 ff
                  67 67 67 ff ff ff ff ff ff ff ff ff ff ff ff ff ff ff ff ff
                  ff ff ff ff ff ff ff ff ff ff ff ff ff ff ff ff ff ff ff ff
                  ff ff ff ff ff ff ff ff ff ff ff ff ff ff ff ff ff ff ff ff
                  ff ff ff ff ff ff ff ff ff ff ff ff ff ff ff ff ff ff ff ff
                  ff ff ff ff ff ff ff ff ff ff ff ff ff ff ff ff ff ff ff ff
                  ff ff ff ff 00 00 00 ff 00 00 00 ff 00 00 00 ff 00 00 00 ff
                  00 00 00 ff 00 00 00 ff 00 00 00 ff 00 00 00 ff 00 00 00 ff
                  00 00 00 ff 00 00 00 ff 00 00 00 ff 00 00 00 ff c4 c4 c4 ff
                  ff ff ff ff ff ff ff ff ff ff ff ff ff ff ff ff ff ff ff ff
                  e5 e5 e5 ff 04 04 04 ff 00 00 00 ff 00 00 00 ff 00 00 00 ff
                  00 00 00 ff 00 00 00 ff 00 00 00 5d 00 00 00 00 00 00 00 00
                  00 00 00 00 00 00 00 00 00 00 00 00 00 00 00 00 00 00 00 00
                  00 00 00 00 00 00 00 00 00 00 00 00 00 00 00 08 00 00 00 ed
                  00 00 00 ff 00 00 00 ff 00 00 00 ff 00 00 00 ff 00 00 00 ff
                  81 81 81 ff ff ff ff ff ff ff ff ff ff ff ff ff ff ff ff ff
                  ff ff ff ff ff ff ff ff 44 44 44 ff 00 00 00 ff 00 00 00 ff
                  00 00 00 ff 00 00 00 ff 00 00 00 ff 00 00 00 ff 00 00 00 ff
                  00 00 00 ff 00 00 00 ff 00 00 00 ff 00 00 00 ff 00 00 00 ff
                  b0 b0 b0 ff ff ff ff ff ff ff ff ff ff ff ff ff ff ff ff ff
                  ff ff ff ff ff ff ff ff ff ff ff ff ff ff ff ff ff ff ff ff
                  ff ff ff ff ff ff ff ff ff ff ff ff ff ff ff ff ff ff ff ff
                  ff ff ff ff ff ff ff ff ff ff ff ff ff ff ff ff ff ff ff ff
                  ff ff ff ff ff ff ff ff ff ff ff ff ff ff ff ff d0 d0 d0 ff
                  0f 0f 0f ff 00 00 00 ff 00 00 00 ff 00 00 00 ff 00 00 00 ff
                  00 00 00 ff 00 00 00 ff 00 00 00 ff 00 00 00 ff 00 00 00 ff
                  00 00 00 ff 00 00 00 ff 00 00 00 ff 00 00 00 ff 83 83 83 ff
                  ff ff ff ff ff ff ff ff ff ff ff ff ff ff ff ff ff ff ff ff
                  ff ff ff ff ff ff ff ff ff ff ff ff ff ff ff ff ff ff ff ff
                  ff ff ff ff ff ff ff ff ff ff ff ff ff ff ff ff ff ff ff ff
                  ff ff ff ff ff ff ff ff ff ff ff ff ff ff ff ff ff ff ff ff
                  ff ff ff ff ff ff ff ff ff ff ff ff ff ff ff ff 00 00 00 ff
                  00 00 00 ff 00 00 00 ff 00 00 00 ff 00 00 00 ff 00 00 00 ff
                  00 00 00 ff 00 00 00 ff 00 00 00 ff 00 00 00 ff 00 00 00 ff
                  00 00 00 ff 2f 2f 2f ff ff ff ff ff ff ff ff ff ff ff ff ff
                  ff ff ff ff ff ff ff ff ff ff ff ff 80 80 80 ff 00 00 00 ff
                  00 00 00 ff 00 00 00 ff 00 00 00 ff 00 00 00 ff 00 00 00 ec
                  00 00 00 07 00 00 00 00 00 00 00 00 00 00 00 00 00 00 00 00
                  00 00 00 00 00 00 00 00 00 00 00 00 00 00 00 00 00 00 00 00
                  00 00 00 00 00 00 00 00 00 00 00 8c 00 00 00 ff 00 00 00 ff
                  00 00 00 ff 00 00 00 ff 00 00 00 ff 1c 1c 1c ff fc fc fc ff
                  ff ff ff ff ff ff ff ff ff ff ff ff ff ff ff ff ff ff ff ff
                  af af af ff 00 00 00 ff 00 00 00 ff 00 00 00 ff 00 00 00 ff
                  00 00 00 ff 00 00 00 ff 00 00 00 ff 00 00 00 ff 00 00 00 ff
                  00 00 00 ff 00 00 00 ff 00 00 00 ff b0 b0 b0 ff ff ff ff ff
                  ff ff ff ff ff ff ff ff ff ff ff ff ff ff ff ff ff ff ff ff
                  ff ff ff ff ff ff ff ff ff ff ff ff ff ff ff ff ff ff ff ff
                  ff ff ff ff ff ff ff ff ff ff ff ff ff ff ff ff ff ff ff ff
                  ff ff ff ff ff ff ff ff ff ff ff ff ff ff ff ff ff ff ff ff
                  ff ff ff ff e0 e0 e0 ff 1a 1a 1a ff 00 00 00 ff 00 00 00 ff
                  00 00 00 ff 00 00 00 ff 00 00 00 ff 00 00 00 ff 00 00 00 ff
                  00 00 00 ff 00 00 00 ff 00 00 00 ff 00 00 00 ff 00 00 00 ff
                  00 00 00 ff 00 00 00 ff 01 01 01 ff 9e 9e 9e ff ff ff ff ff
                  ff ff ff ff ff ff ff ff ff ff ff ff ff ff ff ff ff ff ff ff
                  ff ff ff ff ff ff ff ff ff ff ff ff ff ff ff ff ff ff ff ff
                  ff ff ff ff ff ff ff ff ff ff ff ff ff ff ff ff ff ff ff ff
                  ff ff ff ff ff ff ff ff ff ff ff ff ff ff ff ff ff ff ff ff
                  ff ff ff ff ff ff ff ff 00 00 00 ff 00 00 00 ff 00 00 00 ff
                  00 00 00 ff 00 00 00 ff 00 00 00 ff 00 00 00 ff 00 00 00 ff
                  00 00 00 ff 00 00 00 ff 00 00 00 ff 00 00 00 ff 99 99 99 ff
                  ff ff ff ff ff ff ff ff ff ff ff ff ff ff ff ff ff ff ff ff
                  fc fc fc ff 1a 1a 1a ff 00 00 00 ff 00 00 00 ff 00 00 00 ff
                  00 00 00 ff 00 00 00 ff 00 00 00 8a 00 00 00 00 00 00 00 00
                  00 00 00 00 00 00 00 00 00 00 00 00 00 00 00 00 00 00 00 00
                  00 00 00 00 00 00 00 00 00 00 00 00 00 00 00 00 00 00 00 00
                  00 00 00 24 00 00 00 fe 00 00 00 ff 00 00 00 ff 00 00 00 ff
                  00 00 00 ff 00 00 00 ff af af af ff ff ff ff ff ff ff ff ff
                  ff ff ff ff ff ff ff ff ff ff ff ff fc fc fc ff 1d 1d 1d ff
                  00 00 00 ff 00 00 00 ff 00 00 00 ff 00 00 00 ff 00 00 00 ff
                  00 00 00 ff 00 00 00 ff 00 00 00 ff 00 00 00 ff 00 00 00 ff
                  00 00 00 ff b0 b0 b0 ff ff ff ff ff ff ff ff ff ff ff ff ff
                  ff ff ff ff ff ff ff ff ff ff ff ff ff ff ff ff ff ff ff ff
                  ff ff ff ff ff ff ff ff ff ff ff ff ff ff ff ff ff ff ff ff
                  ff ff ff ff ff ff ff ff ff ff ff ff ff ff ff ff ff ff ff ff
                  ff ff ff ff ff ff ff ff ff ff ff ff ed ed ed ff 28 28 28 ff
                  00 00 00 ff 00 00 00 ff 00 00 00 ff 00 00 00 ff 00 00 00 ff
                  00 00 00 ff 00 00 00 ff 00 00 00 ff 00 00 00 ff 00 00 00 ff
                  00 00 00 ff 00 00 00 ff 00 00 00 ff 00 00 00 ff 00 00 00 ff
                  00 00 00 ff 04 04 04 ff b7 b7 b7 ff ff ff ff ff ff ff ff ff
                  ff ff ff ff ff ff ff ff ff ff ff ff ff ff ff ff ff ff ff ff
                  ff ff ff ff ff ff ff ff ff ff ff ff ff ff ff ff ff ff ff ff
                  ff ff ff ff ff ff ff ff ff ff ff ff ff ff ff ff ff ff ff ff
                  ff ff ff ff ff ff ff ff ff ff ff ff ff ff ff ff ff ff ff ff
                  00 00 00 ff 00 00 00 ff 00 00 00 ff 00 00 00 ff 00 00 00 ff
                  00 00 00 ff 00 00 00 ff 00 00 00 ff 00 00 00 ff 00 00 00 ff
                  00 00 00 ff 0e 0e 0e ff f5 f5 f5 ff ff ff ff ff ff ff ff ff
                  ff ff ff ff ff ff ff ff ff ff ff ff ad ad ad ff 00 00 00 ff
                  00 00 00 ff 00 00 00 ff 00 00 00 ff 00 00 00 ff 00 00 00 fe
                  00 00 00 22 00 00 00 00 00 00 00 00 00 00 00 00 00 00 00 00
                  00 00 00 00 00 00 00 00 00 00 00 00 00 00 00 00 00 00 00 00
                  00 00 00 00 00 00 00 00 00 00 00 00 00 00 00 00 00 00 00 b9
                  00 00 00 ff 00 00 00 ff 00 00 00 ff 00 00 00 ff 00 00 00 ff
                  45 45 45 ff ff ff ff ff ff ff ff ff ff ff ff ff ff ff ff ff
                  ff ff ff ff ff ff ff ff 82 82 82 ff 00 00 00 ff 00 00 00 ff
                  00 00 00 ff 00 00 00 ff 00 00 00 ff 00 00 00 ff 00 00 00 ff
                  00 00 00 ff 00 00 00 ff 00 00 00 ff 00 00 00 ff b0 b0 b0 ff
                  ff ff ff ff ff ff ff ff ff ff ff ff ff ff ff ff ff ff ff ff
                  ff ff ff ff ff ff ff ff ff ff ff ff ff ff ff ff ff ff ff ff
                  ff ff ff ff ff ff ff ff ff ff ff ff ff ff ff ff ff ff ff ff
                  ff ff ff ff ff ff ff ff ff ff ff ff ff ff ff ff ff ff ff ff
                  f6 f6 f6 ff 3a 3a 3a ff 00 00 00 ff 00 00 00 ff 00 00 00 ff
                  00 00 00 ff 00 00 00 ff 00 00 00 ff 00 00 00 ff 00 00 00 ff
                  00 00 00 ff 00 00 00 ff 00 00 00 ff 00 00 00 ff 00 00 00 ff
                  00 00 00 ff 00 00 00 ff 00 00 00 ff 00 00 00 ff 00 00 00 ff
                  0a 0a 0a ff cb cb cb ff ff ff ff ff ff ff ff ff ff ff ff ff
                  ff ff ff ff ff ff ff ff ff ff ff ff ff ff ff ff ff ff ff ff
                  ff ff ff ff ff ff ff ff ff ff ff ff ff ff ff ff ff ff ff ff
                  ff ff ff ff ff ff ff ff ff ff ff ff ff ff ff ff ff ff ff ff
                  ff ff ff ff ff ff ff ff ff ff ff ff 00 00 00 ff 00 00 00 ff
                  00 00 00 ff 00 00 00 ff 00 00 00 ff 00 00 00 ff 00 00 00 ff
                  00 00 00 ff 00 00 00 ff 00 00 00 ff 00 00 00 ff 6e 6e 6e ff
                  ff ff ff ff ff ff ff ff ff ff ff ff ff ff ff ff ff ff ff ff
                  ff ff ff ff 43 43 43 ff 00 00 00 ff 00 00 00 ff 00 00 00 ff
                  00 00 00 ff 00 00 00 ff 00 00 00 b7 00 00 00 00 00 00 00 00
                  00 00 00 00 00 00 00 00 00 00 00 00 00 00 00 00 00 00 00 00
                  00 00 00 00 00 00 00 00 00 00 00 00 00 00 00 00 00 00 00 00
                  00 00 00 00 00 00 00 00 00 00 00 50 00 00 00 ff 00 00 00 ff
                  00 00 00 ff 00 00 00 ff 00 00 00 ff 01 01 01 ff db db db ff
                  ff ff ff ff ff ff ff ff ff ff ff ff ff ff ff ff ff ff ff ff
                  e8 e8 e8 ff 06 06 06 ff 00 00 00 ff 00 00 00 ff 00 00 00 ff
                  00 00 00 ff 00 00 00 ff 00 00 00 ff 00 00 00 ff 00 00 00 ff
                  00 00 00 ff 00 00 00 ff b0 b0 b0 ff ff ff ff ff ff ff ff ff
                  ff ff ff ff ff ff ff ff ff ff ff ff ff ff ff ff ff ff ff ff
                  ff ff ff ff ff ff ff ff ff ff ff ff ff ff ff ff ff ff ff ff
                  ff ff ff ff ff ff ff ff ff ff ff ff ff ff ff ff ff ff ff ff
                  ff ff ff ff ff ff ff ff fd fd fd ff 50 50 50 ff 00 00 00 ff
                  00 00 00 ff 00 00 00 ff 00 00 00 ff 00 00 00 ff 00 00 00 ff
                  00 00 00 ff 00 00 00 ff 00 00 00 ff 00 00 00 ff 00 00 00 ff
                  00 00 00 ff 00 00 00 ff 00 00 00 ff 00 00 00 ff 00 00 00 ff
                  00 00 00 ff 00 00 00 ff 00 00 00 ff 00 00 00 ff 15 15 15 ff
                  dc dc dc ff ff ff ff ff ff ff ff ff ff ff ff ff ff ff ff ff
                  ff ff ff ff ff ff ff ff ff ff ff ff ff ff ff ff ff ff ff ff
                  ff ff ff ff ff ff ff ff ff ff ff ff ff ff ff ff ff ff ff ff
                  ff ff ff ff ff ff ff ff ff ff ff ff ff ff ff ff ff ff ff ff
                  ff ff ff ff 00 00 00 ff 00 00 00 ff 00 00 00 ff 00 00 00 ff
                  00 00 00 ff 00 00 00 ff 00 00 00 ff 00 00 00 ff 00 00 00 ff
                  00 00 00 ff 01 01 01 ff d7 d7 d7 ff ff ff ff ff ff ff ff ff
                  ff ff ff ff ff ff ff ff ff ff ff ff da da da ff 01 01 01 ff
                  00 00 00 ff 00 00 00 ff 00 00 00 ff 00 00 00 ff 00 00 00 ff
                  00 00 00 4f 00 00 00 00 00 00 00 00 00 00 00 00 00 00 00 00
                  00 00 00 00 00 00 00 00 00 00 00 00 00 00 00 00 00 00 00 00
                  00 00 00 00 00 00 00 00 00 00 00 00 00 00 00 00 00 00 00 00
                  00 00 00 03 00 00 00 e3 00 00 00 ff 00 00 00 ff 00 00 00 ff
                  00 00 00 ff 00 00 00 ff 73 73 73 ff ff ff ff ff ff ff ff ff
                  ff ff ff ff ff ff ff ff ff ff ff ff ff ff ff ff 57 57 57 ff
                  00 00 00 ff 00 00 00 ff 00 00 00 ff 00 00 00 ff 00 00 00 ff
                  00 00 00 ff 00 00 00 ff 00 00 00 ff 00 00 00 ff 00 00 00 ff
                  b0 b0 b0 ff ff ff ff ff ff ff ff ff ff ff ff ff ff ff ff ff
                  ff ff ff ff ff ff ff ff ff ff ff ff ff ff ff ff ff ff ff ff
                  ff ff ff ff ff ff ff ff ff ff ff ff ff ff ff ff ff ff ff ff
                  ff ff ff ff ff ff ff ff ff ff ff ff ff ff ff ff ff ff ff ff
                  67 67 67 ff 00 00 00 ff 00 00 00 ff 00 00 00 ff 00 00 00 ff
                  00 00 00 ff 00 00 00 ff 00 00 00 ff 00 00 00 ff 00 00 00 ff
                  00 00 00 ff 00 00 00 ff 00 00 00 ff 00 00 00 ff 00 00 00 ff
                  00 00 00 ff 00 00 00 ff 00 00 00 ff 00 00 00 ff 00 00 00 ff
                  00 00 00 ff 00 00 00 ff 00 00 00 ff 23 23 23 ff ea ea ea ff
                  ff ff ff ff ff ff ff ff ff ff ff ff ff ff ff ff ff ff ff ff
                  ff ff ff ff ff ff ff ff ff ff ff ff ff ff ff ff ff ff ff ff
                  ff ff ff ff ff ff ff ff ff ff ff ff ff ff ff ff ff ff ff ff
                  ff ff ff ff ff ff ff ff ff ff ff ff ff ff ff ff 00 00 00 ff
                  00 00 00 ff 00 00 00 ff 00 00 00 ff 00 00 00 ff 00 00 00 ff
                  00 00 00 ff 00 00 00 ff 00 00 00 ff 00 00 00 ff 41 41 41 ff
                  ff ff ff ff ff ff ff ff ff ff ff ff ff ff ff ff ff ff ff ff
                  ff ff ff ff 71 71 71 ff 00 00 00 ff 00 00 00 ff 00 00 00 ff
                  00 00 00 ff 00 00 00 ff 00 00 00 e2 00 00 00 03 00 00 00 00
                  00 00 00 00 00 00 00 00 00 00 00 00 00 00 00 00 00 00 00 00
                  00 00 00 00 00 00 00 00 00 00 00 00 00 00 00 00 00 00 00 00
                  00 00 00 00 00 00 00 00 00 00 00 00 00 00 00 00 00 00 00 7d
                  00 00 00 ff 00 00 00 ff 00 00 00 ff 00 00 00 ff 00 00 00 ff
                  12 12 12 ff f8 f8 f8 ff ff ff ff ff ff ff ff ff ff ff ff ff
                  ff ff ff ff ff ff ff ff c1 c1 c1 ff 00 00 00 ff 00 00 00 ff
                  00 00 00 ff 00 00 00 ff 00 00 00 ff 00 00 00 ff 00 00 00 ff
                  00 00 00 ff 00 00 00 ff 00 00 00 ff b0 b0 b0 ff ff ff ff ff
                  ff ff ff ff ff ff ff ff ff ff ff ff ff ff ff ff ff ff ff ff
                  ff ff ff ff ff ff ff ff ff ff ff ff ff ff ff ff ff ff ff ff
                  ff ff ff ff ff ff ff ff ff ff ff ff ff ff ff ff ff ff ff ff
                  ff ff ff ff ff ff ff ff 82 82 82 ff 00 00 00 ff 00 00 00 ff
                  00 00 00 ff 00 00 00 ff 00 00 00 ff 00 00 00 ff 00 00 00 ff
                  00 00 00 ff 00 00 00 ff 00 00 00 ff 00 00 00 ff 00 00 00 ff
                  00 00 00 ff 00 00 00 ff 00 00 00 ff 00 00 00 ff 00 00 00 ff
                  00 00 00 ff 00 00 00 ff 00 00 00 ff 00 00 00 ff 00 00 00 ff
                  00 00 00 ff 00 00 00 ff 34 34 34 ff f4 f4 f4 ff ff ff ff ff
                  ff ff ff ff ff ff ff ff ff ff ff ff ff ff ff ff ff ff ff ff
                  ff ff ff ff ff ff ff ff ff ff ff ff ff ff ff ff ff ff ff ff
                  ff ff ff ff ff ff ff ff ff ff ff ff ff ff ff ff ff ff ff ff
                  ff ff ff ff ff ff ff ff 00 00 00 ff 00 00 00 ff 00 00 00 ff
                  00 00 00 ff 00 00 00 ff 00 00 00 ff 00 00 00 ff 00 00 00 ff
                  00 00 00 ff 00 00 00 ff ac ac ac ff ff ff ff ff ff ff ff ff
                  ff ff ff ff ff ff ff ff ff ff ff ff f6 f6 f6 ff 12 12 12 ff
                  00 00 00 ff 00 00 00 ff 00 00 00 ff 00 00 00 ff 00 00 00 ff
                  00 00 00 7c 00 00 00 00 00 00 00 00 00 00 00 00 00 00 00 00
                  00 00 00 00 00 00 00 00 00 00 00 00 00 00 00 00 00 00 00 00
                  00 00 00 00 00 00 00 00 00 00 00 00 00 00 00 00 00 00 00 00
                  00 00 00 00 00 00 00 00 00 00 00 18 00 00 00 fb 00 00 00 ff
                  00 00 00 ff 00 00 00 ff 00 00 00 ff 00 00 00 ff a0 a0 a0 ff
                  ff ff ff ff ff ff ff ff ff ff ff ff ff ff ff ff ff ff ff ff
                  ff ff ff ff 2c 2c 2c ff 00 00 00 ff 00 00 00 ff 00 00 00 ff
                  00 00 00 ff 00 00 00 ff 00 00 00 ff 00 00 00 ff 00 00 00 ff
                  00 00 00 ff b0 b0 b0 ff ff ff ff ff ff ff ff ff ff ff ff ff
                  ff ff ff ff ff ff ff ff ff ff ff ff ff ff ff ff ff ff ff ff
                  ff ff ff ff ff ff ff ff ff ff ff ff ff ff ff ff ff ff ff ff
                  ff ff ff ff ff ff ff ff ff ff ff ff ff ff ff ff 98 98 98 ff
                  01 01 01 ff 00 00 00 ff 00 00 00 ff 00 00 00 ff 00 00 00 ff
                  00 00 00 ff 00 00 00 ff 00 00 00 ff 00 00 00 ff 00 00 00 ff
                  00 00 00 ff 00 00 00 ff 00 00 00 ff 00 00 00 ff 00 00 00 ff
                  00 00 00 ff 00 00 00 ff 00 00 00 ff 00 00 00 ff 00 00 00 ff
                  00 00 00 ff 00 00 00 ff 00 00 00 ff 00 00 00 ff 00 00 00 ff
                  00 00 00 ff 48 48 48 ff f7 f7 f7 ff ff ff ff ff ff ff ff ff
                  ff ff ff ff ff ff ff ff ff ff ff ff ff ff ff ff ff ff ff ff
                  ff ff ff ff ff ff ff ff ff ff ff ff ff ff ff ff ff ff ff ff
                  ff ff ff ff ff ff ff ff ff ff ff ff ff ff ff ff ff ff ff ff
                  00 00 00 ff 00 00 00 ff 00 00 00 ff 00 00 00 ff 00 00 00 ff
                  00 00 00 ff 00 00 00 ff 00 00 00 ff 00 00 00 ff 1a 1a 1a ff
                  fc fc fc ff ff ff ff ff ff ff ff ff ff ff ff ff ff ff ff ff
                  ff ff ff ff 9f 9f 9f ff 00 00 00 ff 00 00 00 ff 00 00 00 ff
                  00 00 00 ff 00 00 00 ff 00 00 00 fa 00 00 00 18 00 00 00 00
                  00 00 00 00 00 00 00 00 00 00 00 00 00 00 00 00 00 00 00 00
                  00 00 00 00 00 00 00 00 00 00 00 00 00 00 00 00 00 00 00 00
                  00 00 00 00 00 00 00 00 00 00 00 00 00 00 00 00 00 00 00 00
                  00 00 00 00 00 00 00 ab 00 00 00 ff 00 00 00 ff 00 00 00 ff
                  00 00 00 ff 00 00 00 ff 37 37 37 ff ff ff ff ff ff ff ff ff
                  ff ff ff ff ff ff ff ff ff ff ff ff ff ff ff ff 95 95 95 ff
                  00 00 00 ff 00 00 00 ff 00 00 00 ff 00 00 00 ff 00 00 00 ff
                  00 00 00 ff 00 00 00 ff 00 00 00 ff 00 00 00 ff b0 b0 b0 ff
                  ff ff ff ff ff ff ff ff ff ff ff ff ff ff ff ff ff ff ff ff
                  ff ff ff ff ff ff ff ff ff ff ff ff ff ff ff ff ff ff ff ff
                  ff ff ff ff ff ff ff ff ff ff ff ff ff ff ff ff ff ff ff ff
                  fd fd fd ff 7f 7f 7f ff 01 01 01 ff 00 00 00 ff 00 00 00 ff
                  00 00 00 ff 00 00 00 ff 00 00 00 ff 00 00 00 ff 00 00 00 ff
                  00 00 00 ff 00 00 00 ff 00 00 00 ff 00 00 00 ff 00 00 00 ff
                  00 00 00 ff 00 00 00 ff 00 00 00 ff 00 00 00 ff 00 00 00 ff
                  00 00 00 ff 00 00 00 ff 00 00 00 ff 00 00 00 ff 00 00 00 ff
                  00 00 00 ff 00 00 00 ff 00 00 00 ff 00 00 00 ff 00 00 00 ff
                  3c 3c 3c ff e5 e5 e5 ff ff ff ff ff ff ff ff ff ff ff ff ff
                  ff ff ff ff ff ff ff ff ff ff ff ff ff ff ff ff ff ff ff ff
                  ff ff ff ff ff ff ff ff ff ff ff ff ff ff ff ff ff ff ff ff
                  ff ff ff ff ff ff ff ff ff ff ff ff 00 00 00 ff 00 00 00 ff
                  00 00 00 ff 00 00 00 ff 00 00 00 ff 00 00 00 ff 00 00 00 ff
                  00 00 00 ff 00 00 00 ff 80 80 80 ff ff ff ff ff ff ff ff ff
                  ff ff ff ff ff ff ff ff ff ff ff ff ff ff ff ff 35 35 35 ff
                  00 00 00 ff 00 00 00 ff 00 00 00 ff 00 00 00 ff 00 00 00 ff
                  00 00 00 a9 00 00 00 00 00 00 00 00 00 00 00 00 00 00 00 00
                  00 00 00 00 00 00 00 00 00 00 00 00 00 00 00 00 00 00 00 00
                  00 00 00 00 00 00 00 00 00 00 00 00 00 00 00 00 00 00 00 00
                  00 00 00 00 00 00 00 00 00 00 00 00 00 00 00 00 00 00 00 41
                  00 00 00 ff 00 00 00 ff 00 00 00 ff 00 00 00 ff 00 00 00 ff
                  00 00 00 ff ce ce ce ff ff ff ff ff ff ff ff ff ff ff ff ff
                  ff ff ff ff ff ff ff ff f3 f3 f3 ff 0d 0d 0d ff 00 00 00 ff
                  00 00 00 ff 00 00 00 ff 00 00 00 ff 00 00 00 ff 00 00 00 ff
                  00 00 00 ff 00 00 00 ff b0 b0 b0 ff ff ff ff ff ff ff ff ff
                  ff ff ff ff ff ff ff ff ff ff ff ff ff ff ff ff ff ff ff ff
                  ff ff ff ff ff ff ff ff ff ff ff ff ff ff ff ff ff ff ff ff
                  ff ff ff ff ff ff ff ff bd bd bd ff 34 34 34 ff 00 00 00 ff
                  00 00 00 ff 00 00 00 ff 00 00 00 ff 00 00 00 ff 00 00 00 ff
                  00 00 00 ff 00 00 00 ff 00 00 00 ff 00 00 00 ff 00 00 00 ff
                  00 00 00 ff 00 00 00 ff 00 00 00 ff 00 00 00 ff 00 00 00 ff
                  00 00 00 ff 00 00 00 ff 00 00 00 ff 00 00 00 ff 00 00 00 ff
                  00 00 00 ff 00 00 00 ff 00 00 00 ff 00 00 00 ff 00 00 00 ff
                  00 00 00 ff 00 00 00 ff 00 00 00 ff 00 00 00 ff 11 11 11 ff
                  8f 8f 8f ff f7 f7 f7 ff ff ff ff ff ff ff ff ff ff ff ff ff
                  ff ff ff ff ff ff ff ff ff ff ff ff ff ff ff ff ff ff ff ff
                  ff ff ff ff ff ff ff ff ff ff ff ff ff ff ff ff ff ff ff ff
                  ff ff ff ff 00 00 00 ff 00 00 00 ff 00 00 00 ff 00 00 00 ff
                  00 00 00 ff 00 00 00 ff 00 00 00 ff 00 00 00 ff 05 05 05 ff
                  e6 e6 e6 ff ff ff ff ff ff ff ff ff ff ff ff ff ff ff ff ff
                  ff ff ff ff cc cc cc ff 00 00 00 ff 00 00 00 ff 00 00 00 ff
                  00 00 00 ff 00 00 00 ff 00 00 00 ff 00 00 00 40 00 00 00 00
                  00 00 00 00 00 00 00 00 00 00 00 00 00 00 00 00 00 00 00 00
                  00 00 00 00 00 00 00 00 00 00 00 00 00 00 00 00 00 00 00 00
                  00 00 00 00 00 00 00 00 00 00 00 00 00 00 00 00 00 00 00 00
                  00 00 00 00 00 00 00 00 00 00 00 01 00 00 00 d7 00 00 00 ff
                  00 00 00 ff 00 00 00 ff 00 00 00 ff 00 00 00 ff 64 64 64 ff
                  ff ff ff ff ff ff ff ff ff ff ff ff ff ff ff ff ff ff ff ff
                  ff ff ff ff 6a 6a 6a ff 00 00 00 ff 00 00 00 ff 00 00 00 ff
                  00 00 00 ff 00 00 00 ff 00 00 00 ff 00 00 00 ff 00 00 00 ff
                  9a 9a 9a ff e0 e0 e0 ff e0 e0 e0 ff e0 e0 e0 ff e0 e0 e0 ff
                  e0 e0 e0 ff e0 e0 e0 ff e0 e0 e0 ff e0 e0 e0 ff e0 e0 e0 ff
                  dd dd dd ff ce ce ce ff b1 b1 b1 ff 78 78 78 ff 29 29 29 ff
                  00 00 00 ff 00 00 00 ff 00 00 00 ff 00 00 00 ff 00 00 00 ff
                  00 00 00 ff 00 00 00 ff 00 00 00 ff 00 00 00 ff 00 00 00 ff
                  00 00 00 ff 00 00 00 ff 00 00 00 ff 00 00 00 ff 00 00 00 ff
                  00 00 00 ff 00 00 00 ff 00 00 00 ff 00 00 00 ff 00 00 00 ff
                  00 00 00 ff 00 00 00 ff 00 00 00 ff 00 00 00 ff 00 00 00 ff
                  00 00 00 ff 00 00 00 ff 00 00 00 ff 00 00 00 ff 00 00 00 ff
                  00 00 00 ff 00 00 00 ff 00 00 00 ff 00 00 00 ff 10 10 10 ff
                  61 61 61 ff a0 a0 a0 ff c7 c7 c7 ff d8 d8 d8 ff e0 e0 e0 ff
                  e0 e0 e0 ff e0 e0 e0 ff e0 e0 e0 ff e0 e0 e0 ff e0 e0 e0 ff
                  e0 e0 e0 ff e0 e0 e0 ff e0 e0 e0 ff e0 e0 e0 ff 00 00 00 ff
                  00 00 00 ff 00 00 00 ff 00 00 00 ff 00 00 00 ff 00 00 00 ff
                  00 00 00 ff 00 00 00 ff 54 54 54 ff ff ff ff ff ff ff ff ff
                  ff ff ff ff ff ff ff ff ff ff ff ff ff ff ff ff 62 62 62 ff
                  00 00 00 ff 00 00 00 ff 00 00 00 ff 00 00 00 ff 00 00 00 ff
                  00 00 00 d6 00 00 00 00 00 00 00 00 00 00 00 00 00 00 00 00
                  00 00 00 00 00 00 00 00 00 00 00 00 00 00 00 00 00 00 00 00
                  00 00 00 00 00 00 00 00 00 00 00 00 00 00 00 00 00 00 00 00
                  00 00 00 00 00 00 00 00 00 00 00 00 00 00 00 00 00 00 00 00
                  00 00 00 00 00 00 00 6f 00 00 00 ff 00 00 00 ff 00 00 00 ff
                  00 00 00 ff 00 00 00 ff 0b 0b 0b ff f0 f0 f0 ff ff ff ff ff
                  ff ff ff ff ff ff ff ff ff ff ff ff ff ff ff ff d4 d4 d4 ff
                  00 00 00 ff 00 00 00 ff 00 00 00 ff 00 00 00 ff 00 00 00 ff
                  00 00 00 ff 00 00 00 ff 00 00 00 ff 00 00 00 ff 00 00 00 ff
                  00 00 00 ff 00 00 00 ff 00 00 00 ff 00 00 00 ff 00 00 00 ff
                  00 00 00 ff 00 00 00 ff 00 00 00 ff 00 00 00 ff 00 00 00 ff
                  00 00 00 ff 00 00 00 ff 00 00 00 ff 00 00 00 ff 00 00 00 ff
                  00 00 00 ff 00 00 00 ff 00 00 00 ff 00 00 00 ff 00 00 00 ff
                  00 00 00 ff 00 00 00 ff 00 00 00 ff 00 00 00 ff 00 00 00 ff
                  00 00 00 ff 00 00 00 ff 00 00 00 ff 00 00 00 ff 00 00 00 ff
                  00 00 00 ff 00 00 00 ff 00 00 00 ff 00 00 00 ff 00 00 00 ff
                  00 00 00 ff 00 00 00 ff 00 00 00 ff 00 00 00 ff 00 00 00 ff
                  00 00 00 ff 00 00 00 ff 00 00 00 ff 00 00 00 ff 00 00 00 ff
                  00 00 00 ff 00 00 00 ff 00 00 00 ff 00 00 00 ff 00 00 00 ff
                  00 00 00 ff 00 00 00 ff 00 00 00 ff 00 00 00 ff 00 00 00 ff
                  00 00 00 ff 00 00 00 ff 00 00 00 ff 00 00 00 ff 00 00 00 ff
                  00 00 00 ff 00 00 00 ff 00 00 00 ff 00 00 00 ff 00 00 00 ff
                  00 00 00 ff 00 00 00 ff 00 00 00 ff 00 00 00 ff 00 00 00 ff
                  bf bf bf ff ff ff ff ff ff ff ff ff ff ff ff ff ff ff ff ff
                  ff ff ff ff ef ef ef ff 0a 0a 0a ff 00 00 00 ff 00 00 00 ff
                  00 00 00 ff 00 00 00 ff 00 00 00 ff 00 00 00 6d 00 00 00 00
                  00 00 00 00 00 00 00 00 00 00 00 00 00 00 00 00 00 00 00 00
                  00 00 00 00 00 00 00 00 00 00 00 00 00 00 00 00 00 00 00 00
                  00 00 00 00 00 00 00 00 00 00 00 00 00 00 00 00 00 00 00 00
                  00 00 00 00 00 00 00 00 00 00 00 00 00 00 00 00 00 00 00 10
                  00 00 00 f5 00 00 00 ff 00 00 00 ff 00 00 00 ff 00 00 00 ff
                  00 00 00 ff 91 91 91 ff ff ff ff ff ff ff ff ff ff ff ff ff
                  ff ff ff ff ff ff ff ff ff ff ff ff 3f 3f 3f ff 00 00 00 ff
                  00 00 00 ff 00 00 00 ff 00 00 00 ff 00 00 00 ff 00 00 00 ff
                  00 00 00 ff 00 00 00 ff 00 00 00 ff 00 00 00 ff 00 00 00 ff
                  00 00 00 ff 00 00 00 ff 00 00 00 ff 00 00 00 ff 00 00 00 ff
                  00 00 00 ff 00 00 00 ff 00 00 00 ff 00 00 00 ff 00 00 00 ff
                  00 00 00 ff 00 00 00 ff 00 00 00 ff 00 00 00 ff 00 00 00 ff
                  00 00 00 ff 00 00 00 ff 00 00 00 ff 00 00 00 ff 00 00 00 ff
                  00 00 00 ff 00 00 00 ff 00 00 00 ff 00 00 00 ff 00 00 00 ff
                  00 00 00 ff 00 00 00 ff 00 00 00 ff 00 00 00 ff 00 00 00 ff
                  00 00 00 ff 00 00 00 ff 00 00 00 ff 00 00 00 ff 00 00 00 ff
                  00 00 00 ff 00 00 00 ff 00 00 00 ff 00 00 00 ff 00 00 00 ff
                  00 00 00 ff 00 00 00 ff 00 00 00 ff 00 00 00 ff 00 00 00 ff
                  00 00 00 ff 00 00 00 ff 00 00 00 ff 00 00 00 ff 00 00 00 ff
                  00 00 00 ff 00 00 00 ff 00 00 00 ff 00 00 00 ff 00 00 00 ff
                  00 00 00 ff 00 00 00 ff 00 00 00 ff 00 00 00 ff 00 00 00 ff
                  00 00 00 ff 00 00 00 ff 00 00 00 ff 00 00 00 ff 00 00 00 ff
                  00 00 00 ff 00 00 00 ff 2a 2a 2a ff ff ff ff ff ff ff ff ff
                  ff ff ff ff ff ff ff ff ff ff ff ff ff ff ff ff 90 90 90 ff
                  00 00 00 ff 00 00 00 ff 00 00 00 ff 00 00 00 ff 00 00 00 ff
                  00 00 00 f5 00 00 00 0e 00 00 00 00 00 00 00 00 00 00 00 00
                  00 00 00 00 00 00 00 00 00 00 00 00 00 00 00 00 00 00 00 00
                  00 00 00 00 00 00 00 00 00 00 00 00 00 00 00 00 00 00 00 00
                  00 00 00 00 00 00 00 00 00 00 00 00 00 00 00 00 00 00 00 00
                  00 00 00 00 00 00 00 00 00 00 00 00 00 00 00 9c 00 00 00 ff
                  00 00 00 ff 00 00 00 ff 00 00 00 ff 00 00 00 ff 29 29 29 ff
                  ff ff ff ff ff ff ff ff ff ff ff ff ff ff ff ff ff ff ff ff
                  ff ff ff ff a8 a8 a8 ff 00 00 00 ff 00 00 00 ff 00 00 00 ff
                  00 00 00 ff 00 00 00 ff 00 00 00 ff 00 00 00 ff 00 00 00 ff
                  00 00 00 ff 00 00 00 ff 00 00 00 ff 00 00 00 ff 00 00 00 ff
                  00 00 00 ff 00 00 00 ff 00 00 00 ff 00 00 00 ff 00 00 00 ff
                  00 00 00 ff 00 00 00 ff 00 00 00 ff 00 00 00 ff 00 00 00 ff
                  00 00 00 ff 00 00 00 ff 00 00 00 ff 00 00 00 ff 00 00 00 ff
                  00 00 00 ff 00 00 00 ff 00 00 00 ff 00 00 00 ff 00 00 00 ff
                  00 00 00 ff 00 00 00 ff 00 00 00 ff 00 00 00 ff 00 00 00 ff
                  00 00 00 ff 00 00 00 ff 00 00 00 ff 00 00 00 ff 00 00 00 ff
                  00 00 00 ff 00 00 00 ff 00 00 00 ff 00 00 00 ff 00 00 00 ff
                  00 00 00 ff 00 00 00 ff 00 00 00 ff 00 00 00 ff 00 00 00 ff
                  00 00 00 ff 00 00 00 ff 00 00 00 ff 00 00 00 ff 00 00 00 ff
                  00 00 00 ff 00 00 00 ff 00 00 00 ff 00 00 00 ff 00 00 00 ff
                  00 00 00 ff 00 00 00 ff 00 00 00 ff 00 00 00 ff 00 00 00 ff
                  00 00 00 ff 00 00 00 ff 00 00 00 ff 00 00 00 ff 00 00 00 ff
                  00 00 00 ff 00 00 00 ff 00 00 00 ff 00 00 00 ff 00 00 00 ff
                  92 92 92 ff ff ff ff ff ff ff ff ff ff ff ff ff ff ff ff ff
                  ff ff ff ff ff ff ff ff 28 28 28 ff 00 00 00 ff 00 00 00 ff
                  00 00 00 ff 00 00 00 ff 00 00 00 ff 00 00 00 9b 00 00 00 00
                  00 00 00 00 00 00 00 00 00 00 00 00 00 00 00 00 00 00 00 00
                  00 00 00 00 00 00 00 00 00 00 00 00 00 00 00 00 00 00 00 00
                  00 00 00 00 00 00 00 00 00 00 00 00 00 00 00 00 00 00 00 00
                  00 00 00 00 00 00 00 00 00 00 00 00 00 00 00 00 00 00 00 00
                  00 00 00 00 00 00 00 32 00 00 00 ff 00 00 00 ff 00 00 00 ff
                  00 00 00 ff 00 00 00 ff 00 00 00 ff c0 c0 c0 ff ff ff ff ff
                  ff ff ff ff ff ff ff ff ff ff ff ff ff ff ff ff fa fa fa ff
                  18 18 18 ff 00 00 00 ff 00 00 00 ff 00 00 00 ff 00 00 00 ff
                  00 00 00 ff 00 00 00 ff 00 00 00 ff 00 00 00 ff 00 00 00 ff
                  00 00 00 ff 00 00 00 ff 00 00 00 ff 00 00 00 ff 00 00 00 ff
                  00 00 00 ff 00 00 00 ff 00 00 00 ff 00 00 00 ff 00 00 00 ff
                  00 00 00 ff 00 00 00 ff 00 00 00 ff 00 00 00 ff 00 00 00 ff
                  00 00 00 ff 00 00 00 ff 00 00 00 ff 00 00 00 ff 00 00 00 ff
                  00 00 00 ff 00 00 00 ff 00 00 00 ff 00 00 00 ff 00 00 00 ff
                  00 00 00 ff 00 00 00 ff 00 00 00 ff 00 00 00 ff 00 00 00 ff
                  00 00 00 ff 00 00 00 ff 00 00 00 ff 00 00 00 ff 00 00 00 ff
                  00 00 00 ff 00 00 00 ff 00 00 00 ff 00 00 00 ff 00 00 00 ff
                  00 00 00 ff 00 00 00 ff 00 00 00 ff 00 00 00 ff 00 00 00 ff
                  00 00 00 ff 00 00 00 ff 00 00 00 ff 00 00 00 ff 00 00 00 ff
                  00 00 00 ff 00 00 00 ff 00 00 00 ff 00 00 00 ff 00 00 00 ff
                  00 00 00 ff 00 00 00 ff 00 00 00 ff 00 00 00 ff 00 00 00 ff
                  00 00 00 ff 00 00 00 ff 00 00 00 ff 00 00 00 ff 00 00 00 ff
                  00 00 00 ff 00 00 00 ff 0c 0c 0c ff f2 f2 f2 ff ff ff ff ff
                  ff ff ff ff ff ff ff ff ff ff ff ff ff ff ff ff be be be ff
                  00 00 00 ff 00 00 00 ff 00 00 00 ff 00 00 00 ff 00 00 00 ff
                  00 00 00 ff 00 00 00 31 00 00 00 00 00 00 00 00 00 00 00 00
                  00 00 00 00 00 00 00 00 00 00 00 00 00 00 00 00 00 00 00 00
                  00 00 00 00 00 00 00 00 00 00 00 00 00 00 00 00 00 00 00 00
                  00 00 00 00 00 00 00 00 00 00 00 00 00 00 00 00 00 00 00 00
                  00 00 00 00 00 00 00 00 00 00 00 00 00 00 00 00 00 00 00 00
                  00 00 00 ca 00 00 00 ff 00 00 00 ff 00 00 00 ff 00 00 00 ff
                  00 00 00 ff 56 56 56 ff ff ff ff ff ff ff ff ff ff ff ff ff
                  ff ff ff ff ff ff ff ff ff ff ff ff 7d 7d 7d ff 00 00 00 ff
                  00 00 00 ff 00 00 00 ff 00 00 00 ff 00 00 00 ff 00 00 00 ff
                  00 00 00 ff 00 00 00 ff 00 00 00 ff 00 00 00 ff 00 00 00 ff
                  00 00 00 ff 00 00 00 ff 00 00 00 ff 00 00 00 ff 00 00 00 ff
                  00 00 00 ff 00 00 00 ff 00 00 00 ff 00 00 00 ff 00 00 00 ff
                  00 00 00 ff 00 00 00 ff 00 00 00 ff 00 00 00 ff 00 00 00 ff
                  00 00 00 ff 00 00 00 ff 00 00 00 ff 00 00 00 ff 00 00 00 ff
                  00 00 00 ff 00 00 00 ff 00 00 00 ff 00 00 00 ff 00 00 00 ff
                  00 00 00 ff 00 00 00 ff 00 00 00 ff 00 00 00 ff 00 00 00 ff
                  00 00 00 ff 00 00 00 ff 00 00 00 ff 00 00 00 ff 00 00 00 ff
                  00 00 00 ff 00 00 00 ff 00 00 00 ff 00 00 00 ff 00 00 00 ff
                  00 00 00 ff 00 00 00 ff 00 00 00 ff 00 00 00 ff 00 00 00 ff
                  00 00 00 ff 00 00 00 ff 00 00 00 ff 00 00 00 ff 00 00 00 ff
                  00 00 00 ff 00 00 00 ff 00 00 00 ff 00 00 00 ff 00 00 00 ff
                  00 00 00 ff 00 00 00 ff 00 00 00 ff 00 00 00 ff 00 00 00 ff
                  00 00 00 ff 00 00 00 ff 00 00 00 ff 00 00 00 ff 00 00 00 ff
                  67 67 67 ff ff ff ff ff ff ff ff ff ff ff ff ff ff ff ff ff
                  ff ff ff ff ff ff ff ff 54 54 54 ff 00 00 00 ff 00 00 00 ff
                  00 00 00 ff 00 00 00 ff 00 00 00 ff 00 00 00 c8 00 00 00 00
                  00 00 00 00 00 00 00 00 00 00 00 00 00 00 00 00 00 00 00 00
                  00 00 00 00 00 00 00 00 00 00 00 00 00 00 00 00 00 00 00 00
                  00 00 00 00 00 00 00 00 00 00 00 00 00 00 00 00 00 00 00 00
                  00 00 00 00 00 00 00 00 00 00 00 00 00 00 00 00 00 00 00 00
                  00 00 00 00 00 00 00 00 00 00 00 00 00 00 00 60 00 00 00 ff
                  00 00 00 ff 00 00 00 ff 00 00 00 ff 00 00 00 ff 05 05 05 ff
                  e8 e8 e8 ff ff ff ff ff ff ff ff ff ff ff ff ff ff ff ff ff
                  ff ff ff ff e3 e3 e3 ff 04 04 04 ff 00 00 00 ff 00 00 00 ff
                  00 00 00 ff 00 00 00 ff 00 00 00 ff 00 00 00 ff 00 00 00 ff
                  00 00 00 ff 00 00 00 ff 00 00 00 ff 00 00 00 ff 00 00 00 ff
                  00 00 00 ff 00 00 00 ff 00 00 00 ff 00 00 00 ff 00 00 00 ff
                  00 00 00 ff 00 00 00 ff 00 00 00 ff 00 00 00 ff 00 00 00 ff
                  00 00 00 ff 00 00 00 ff 00 00 00 ff 00 00 00 ff 00 00 00 ff
                  00 00 00 ff 00 00 00 ff 00 00 00 ff 00 00 00 ff 00 00 00 ff
                  00 00 00 ff 00 00 00 ff 00 00 00 ff 00 00 00 ff 00 00 00 ff
                  00 00 00 ff 00 00 00 ff 00 00 00 ff 00 00 00 ff 00 00 00 ff
                  00 00 00 ff 00 00 00 ff 00 00 00 ff 00 00 00 ff 00 00 00 ff
                  00 00 00 ff 00 00 00 ff 00 00 00 ff 00 00 00 ff 00 00 00 ff
                  00 00 00 ff 00 00 00 ff 00 00 00 ff 00 00 00 ff 00 00 00 ff
                  00 00 00 ff 00 00 00 ff 00 00 00 ff 00 00 00 ff 00 00 00 ff
                  00 00 00 ff 00 00 00 ff 00 00 00 ff 00 00 00 ff 00 00 00 ff
                  00 00 00 ff 00 00 00 ff 00 00 00 ff 00 00 00 ff 00 00 00 ff
                  00 00 00 ff 00 00 00 ff 00 00 00 ff d1 d1 d1 ff ff ff ff ff
                  ff ff ff ff ff ff ff ff ff ff ff ff ff ff ff ff e6 e6 e6 ff
                  05 05 05 ff 00 00 00 ff 00 00 00 ff 00 00 00 ff 00 00 00 ff
                  00 00 00 ff 00 00 00 5f 00 00 00 00 00 00 00 00 00 00 00 00
                  00 00 00 00 00 00 00 00 00 00 00 00 00 00 00 00 00 00 00 00
                  00 00 00 00 00 00 00 00 00 00 00 00 00 00 00 00 00 00 00 00
                  00 00 00 00 00 00 00 00 00 00 00 00 00 00 00 00 00 00 00 00
                  00 00 00 00 00 00 00 00 00 00 00 00 00 00 00 00 00 00 00 00
                  00 00 00 00 00 00 00 09 00 00 00 ee 00 00 00 ff 00 00 00 ff
                  00 00 00 ff 00 00 00 ff 00 00 00 ff 83 83 83 ff ff ff ff ff
                  ff ff ff ff ff ff ff ff ff ff ff ff ff ff ff ff ff ff ff ff
                  51 51 51 ff 00 00 00 ff 00 00 00 ff 00 00 00 ff 00 00 00 ff
                  00 00 00 ff 00 00 00 ff 00 00 00 ff 00 00 00 ff 00 00 00 ff
                  00 00 00 ff 00 00 00 ff 00 00 00 ff 00 00 00 ff 00 00 00 ff
                  00 00 00 ff 00 00 00 ff 00 00 00 ff 00 00 00 ff 00 00 00 ff
                  00 00 00 ff 00 00 00 ff 00 00 00 ff 00 00 00 ff 00 00 00 ff
                  00 00 00 ff 00 00 00 ff 00 00 00 ff 00 00 00 ff 00 00 00 ff
                  00 00 00 ff 00 00 00 ff 00 00 00 ff 00 00 00 ff 00 00 00 ff
                  00 00 00 ff 00 00 00 ff 00 00 00 ff 00 00 00 ff 00 00 00 ff
                  00 00 00 ff 00 00 00 ff 00 00 00 ff 00 00 00 ff 00 00 00 ff
                  00 00 00 ff 00 00 00 ff 00 00 00 ff 00 00 00 ff 00 00 00 ff
                  00 00 00 ff 00 00 00 ff 00 00 00 ff 00 00 00 ff 00 00 00 ff
                  00 00 00 ff 00 00 00 ff 00 00 00 ff 00 00 00 ff 00 00 00 ff
                  00 00 00 ff 00 00 00 ff 00 00 00 ff 00 00 00 ff 00 00 00 ff
                  00 00 00 ff 00 00 00 ff 00 00 00 ff 00 00 00 ff 00 00 00 ff
                  00 00 00 ff 00 00 00 ff 00 00 00 ff 00 00 00 ff 00 00 00 ff
                  3c 3c 3c ff ff ff ff ff ff ff ff ff ff ff ff ff ff ff ff ff
                  ff ff ff ff ff ff ff ff 81 81 81 ff 00 00 00 ff 00 00 00 ff
                  00 00 00 ff 00 00 00 ff 00 00 00 ff 00 00 00 ed 00 00 00 08
                  00 00 00 00 00 00 00 00 00 00 00 00 00 00 00 00 00 00 00 00
                  00 00 00 00 00 00 00 00 00 00 00 00 00 00 00 00 00 00 00 00
                  00 00 00 00 00 00 00 00 00 00 00 00 00 00 00 00 00 00 00 00
                  00 00 00 00 00 00 00 00 00 00 00 00 00 00 00 00 00 00 00 00
                  00 00 00 00 00 00 00 00 00 00 00 00 00 00 00 00 00 00 00 00
                  00 00 00 8e 00 00 00 ff 00 00 00 ff 00 00 00 ff 00 00 00 ff
                  00 00 00 ff 1d 1d 1d ff fd fd fd ff ff ff ff ff ff ff ff ff
                  ff ff ff ff ff ff ff ff ff ff ff ff bb bb bb ff 00 00 00 ff
                  00 00 00 ff 00 00 00 ff 00 00 00 ff 00 00 00 ff 00 00 00 ff
                  00 00 00 ff 00 00 00 ff 00 00 00 ff 00 00 00 ff 00 00 00 ff
                  00 00 00 ff 00 00 00 ff 00 00 00 ff 00 00 00 ff 00 00 00 ff
                  00 00 00 ff 00 00 00 ff 00 00 00 ff 00 00 00 ff 00 00 00 ff
                  00 00 00 ff 00 00 00 ff 00 00 00 ff 00 00 00 ff 00 00 00 ff
                  00 00 00 ff 00 00 00 ff 00 00 00 ff 00 00 00 ff 00 00 00 ff
                  00 00 00 ff 00 00 00 ff 00 00 00 ff 00 00 00 ff 00 00 00 ff
                  00 00 00 ff 00 00 00 ff 00 00 00 ff 00 00 00 ff 00 00 00 ff
                  00 00 00 ff 00 00 00 ff 00 00 00 ff 00 00 00 ff 00 00 00 ff
                  00 00 00 ff 00 00 00 ff 00 00 00 ff 00 00 00 ff 00 00 00 ff
                  00 00 00 ff 00 00 00 ff 00 00 00 ff 00 00 00 ff 00 00 00 ff
                  00 00 00 ff 00 00 00 ff 00 00 00 ff 00 00 00 ff 00 00 00 ff
                  00 00 00 ff 00 00 00 ff 00 00 00 ff 00 00 00 ff 00 00 00 ff
                  00 00 00 ff 00 00 00 ff 00 00 00 ff 00 00 00 ff 00 00 00 ff
                  00 00 00 ff 00 00 00 ff 00 00 00 ff a6 a6 a6 ff ff ff ff ff
                  ff ff ff ff ff ff ff ff ff ff ff ff ff ff ff ff fc fc fc ff
                  1c 1c 1c ff 00 00 00 ff 00 00 00 ff 00 00 00 ff 00 00 00 ff
                  00 00 00 ff 00 00 00 8c 00 00 00 00 00 00 00 00 00 00 00 00
                  00 00 00 00 00 00 00 00 00 00 00 00 00 00 00 00 00 00 00 00
                  00 00 00 00 00 00 00 00 00 00 00 00 00 00 00 00 00 00 00 00
                  00 00 00 00 00 00 00 00 00 00 00 00 00 00 00 00 00 00 00 00
                  00 00 00 00 00 00 00 00 00 00 00 00 00 00 00 00 00 00 00 00
                  00 00 00 00 00 00 00 00 00 00 00 00 00 00 00 25 00 00 00 ff
                  00 00 00 ff 00 00 00 ff 00 00 00 ff 00 00 00 ff 00 00 00 ff
                  b0 b0 b0 ff ff ff ff ff ff ff ff ff ff ff ff ff ff ff ff ff
                  ff ff ff ff ff ff ff ff 4a 4a 4a ff 00 00 00 ff 00 00 00 ff
                  00 00 00 ff 00 00 00 ff 00 00 00 ff 00 00 00 ff 00 00 00 ff
                  00 00 00 ff 00 00 00 ff 00 00 00 ff 00 00 00 ff 00 00 00 ff
                  00 00 00 ff 00 00 00 ff 00 00 00 ff 00 00 00 ff 00 00 00 ff
                  00 00 00 ff 00 00 00 ff 00 00 00 ff 00 00 00 ff 00 00 00 ff
                  00 00 00 ff 00 00 00 ff 00 00 00 ff 00 00 00 ff 00 00 00 ff
                  00 00 00 ff 00 00 00 ff 00 00 00 ff 00 00 00 ff 00 00 00 ff
                  00 00 00 ff 00 00 00 ff 00 00 00 ff 00 00 00 ff 00 00 00 ff
                  00 00 00 ff 00 00 00 ff 00 00 00 ff 00 00 00 ff 00 00 00 ff
                  00 00 00 ff 00 00 00 ff 00 00 00 ff 00 00 00 ff 00 00 00 ff
                  00 00 00 ff 00 00 00 ff 00 00 00 ff 00 00 00 ff 00 00 00 ff
                  00 00 00 ff 00 00 00 ff 00 00 00 ff 00 00 00 ff 00 00 00 ff
                  00 00 00 ff 00 00 00 ff 00 00 00 ff 00 00 00 ff 00 00 00 ff
                  00 00 00 ff 00 00 00 ff 00 00 00 ff 00 00 00 ff 00 00 00 ff
                  00 00 00 ff 00 00 00 ff 00 00 00 ff 00 00 00 ff 00 00 00 ff
                  34 34 34 ff fc fc fc ff ff ff ff ff ff ff ff ff ff ff ff ff
                  ff ff ff ff ff ff ff ff af af af ff 00 00 00 ff 00 00 00 ff
                  00 00 00 ff 00 00 00 ff 00 00 00 ff 00 00 00 fe 00 00 00 24
                  00 00 00 00 00 00 00 00 00 00 00 00 00 00 00 00 00 00 00 00
                  00 00 00 00 00 00 00 00 00 00 00 00 00 00 00 00 00 00 00 00
                  00 00 00 00 00 00 00 00 00 00 00 00 00 00 00 00 00 00 00 00
                  00 00 00 00 00 00 00 00 00 00 00 00 00 00 00 00 00 00 00 00
                  00 00 00 00 00 00 00 00 00 00 00 00 00 00 00 00 00 00 00 00
                  00 00 00 00 00 00 00 00 00 00 00 bb 00 00 00 ff 00 00 00 ff
                  00 00 00 ff 00 00 00 ff 00 00 00 ff 47 47 47 ff ff ff ff ff
                  ff ff ff ff ff ff ff ff ff ff ff ff ff ff ff ff ff ff ff ff
                  f7 f7 f7 ff 79 79 79 ff 12 12 12 ff 00 00 00 ff 00 00 00 ff
                  00 00 00 ff 00 00 00 ff 00 00 00 ff 00 00 00 ff 00 00 00 ff
                  00 00 00 ff 00 00 00 ff 00 00 00 ff 00 00 00 ff 00 00 00 ff
                  00 00 00 ff 00 00 00 ff 00 00 00 ff 00 00 00 ff 00 00 00 ff
                  00 00 00 ff 00 00 00 ff 00 00 00 ff 00 00 00 ff 00 00 00 ff
                  00 00 00 ff 00 00 00 ff 00 00 00 ff 00 00 00 ff 00 00 00 ff
                  00 00 00 ff 00 00 00 ff 00 00 00 ff 00 00 00 ff 00 00 00 ff
                  00 00 00 ff 00 00 00 ff 00 00 00 ff 00 00 00 ff 00 00 00 ff
                  00 00 00 ff 00 00 00 ff 00 00 00 ff 00 00 00 ff 00 00 00 ff
                  00 00 00 ff 00 00 00 ff 00 00 00 ff 00 00 00 ff 00 00 00 ff
                  00 00 00 ff 00 00 00 ff 00 00 00 ff 00 00 00 ff 00 00 00 ff
                  00 00 00 ff 00 00 00 ff 00 00 00 ff 00 00 00 ff 00 00 00 ff
                  00 00 00 ff 00 00 00 ff 00 00 00 ff 00 00 00 ff 00 00 00 ff
                  00 00 00 ff 00 00 00 ff 00 00 00 ff 00 00 00 ff 00 00 00 ff
                  00 00 00 ff 0d 0d 0d ff 6b 6b 6b ff ee ee ee ff ff ff ff ff
                  ff ff ff ff ff ff ff ff ff ff ff ff ff ff ff ff ff ff ff ff
                  46 46 46 ff 00 00 00 ff 00 00 00 ff 00 00 00 ff 00 00 00 ff
                  00 00 00 ff 00 00 00 ba 00 00 00 00 00 00 00 00 00 00 00 00
                  00 00 00 00 00 00 00 00 00 00 00 00 00 00 00 00 00 00 00 00
                  00 00 00 00 00 00 00 00 00 00 00 00 00 00 00 00 00 00 00 00
                  00 00 00 00 00 00 00 00 00 00 00 00 00 00 00 00 00 00 00 00
                  00 00 00 00 00 00 00 00 00 00 00 00 00 00 00 00 00 00 00 00
                  00 00 00 00 00 00 00 00 00 00 00 00 00 00 00 00 00 00 00 00
                  00 00 00 51 00 00 00 ff 00 00 00 ff 00 00 00 ff 00 00 00 ff
                  00 00 00 ff 02 02 02 ff da da da ff ff ff ff ff ff ff ff ff
                  ff ff ff ff ff ff ff ff ff ff ff ff ff ff ff ff ff ff ff ff
                  f6 f6 f6 ff 9f 9f 9f ff 35 35 35 ff 00 00 00 ff 00 00 00 ff
                  00 00 00 ff 00 00 00 ff 00 00 00 ff 00 00 00 ff 00 00 00 ff
                  00 00 00 ff 00 00 00 ff 00 00 00 ff 00 00 00 ff 00 00 00 ff
                  00 00 00 ff 00 00 00 ff 00 00 00 ff 00 00 00 ff 00 00 00 ff
                  00 00 00 ff 00 00 00 ff 00 00 00 ff 00 00 00 ff 00 00 00 ff
                  00 00 00 ff 00 00 00 ff 00 00 00 ff 00 00 00 ff 00 00 00 ff
                  00 00 00 ff 00 00 00 ff 00 00 00 ff 00 00 00 ff 00 00 00 ff
                  00 00 00 ff 00 00 00 ff 00 00 00 ff 00 00 00 ff 00 00 00 ff
                  00 00 00 ff 00 00 00 ff 00 00 00 ff 00 00 00 ff 00 00 00 ff
                  00 00 00 ff 00 00 00 ff 00 00 00 ff 00 00 00 ff 00 00 00 ff
                  00 00 00 ff 00 00 00 ff 00 00 00 ff 00 00 00 ff 00 00 00 ff
                  00 00 00 ff 00 00 00 ff 00 00 00 ff 00 00 00 ff 00 00 00 ff
                  00 00 00 ff 00 00 00 ff 00 00 00 ff 00 00 00 ff 00 00 00 ff
                  00 00 00 ff 00 00 00 ff 2d 2d 2d ff 96 96 96 ff f3 f3 f3 ff
                  ff ff ff ff ff ff ff ff ff ff ff ff ff ff ff ff ff ff ff ff
                  ff ff ff ff ff ff ff ff d8 d8 d8 ff 01 01 01 ff 00 00 00 ff
                  00 00 00 ff 00 00 00 ff 00 00 00 ff 00 00 00 ff 00 00 00 50
                  00 00 00 00 00 00 00 00 00 00 00 00 00 00 00 00 00 00 00 00
                  00 00 00 00 00 00 00 00 00 00 00 00 00 00 00 00 00 00 00 00
                  00 00 00 00 00 00 00 00 00 00 00 00 00 00 00 00 00 00 00 00
                  00 00 00 00 00 00 00 00 00 00 00 00 00 00 00 00 00 00 00 00
                  00 00 00 00 00 00 00 00 00 00 00 00 00 00 00 00 00 00 00 00
                  00 00 00 00 00 00 00 00 00 00 00 00 00 00 00 04 00 00 00 e4
                  00 00 00 ff 00 00 00 ff 00 00 00 ff 00 00 00 ff 00 00 00 ff
                  57 57 57 ff ff ff ff ff ff ff ff ff ff ff ff ff ff ff ff ff
                  ff ff ff ff ff ff ff ff ff ff ff ff ff ff ff ff ff ff ff ff
                  ff ff ff ff cc cc cc ff 61 61 61 ff 0a 0a 0a ff 00 00 00 ff
                  00 00 00 ff 00 00 00 ff 00 00 00 ff 00 00 00 ff 00 00 00 ff
                  00 00 00 ff 00 00 00 ff 00 00 00 ff 00 00 00 ff 00 00 00 ff
                  00 00 00 ff 00 00 00 ff 00 00 00 ff 00 00 00 ff 00 00 00 ff
                  00 00 00 ff 00 00 00 ff 00 00 00 ff 00 00 00 ff 00 00 00 ff
                  00 00 00 ff 00 00 00 ff 00 00 00 ff 00 00 00 ff 00 00 00 ff
                  00 00 00 ff 00 00 00 ff 00 00 00 ff 00 00 00 ff 00 00 00 ff
                  00 00 00 ff 00 00 00 ff 00 00 00 ff 00 00 00 ff 00 00 00 ff
                  00 00 00 ff 00 00 00 ff 00 00 00 ff 00 00 00 ff 00 00 00 ff
                  00 00 00 ff 00 00 00 ff 00 00 00 ff 00 00 00 ff 00 00 00 ff
                  00 00 00 ff 00 00 00 ff 00 00 00 ff 00 00 00 ff 00 00 00 ff
                  00 00 00 ff 00 00 00 ff 00 00 00 ff 00 00 00 ff 00 00 00 ff
                  00 00 00 ff 00 00 00 ff 07 07 07 ff 5b 5b 5b ff c3 c3 c3 ff
                  ff ff ff ff ff ff ff ff ff ff ff ff ff ff ff ff ff ff ff ff
                  ff ff ff ff ff ff ff ff ff ff ff ff ff ff ff ff ff ff ff ff
                  55 55 55 ff 00 00 00 ff 00 00 00 ff 00 00 00 ff 00 00 00 ff
                  00 00 00 ff 00 00 00 e3 00 00 00 04 00 00 00 00 00 00 00 00
                  00 00 00 00 00 00 00 00 00 00 00 00 00 00 00 00 00 00 00 00
                  00 00 00 00 00 00 00 00 00 00 00 00 00 00 00 00 00 00 00 00
                  00 00 00 00 00 00 00 00 00 00 00 00 00 00 00 00 00 00 00 00
                  00 00 00 00 00 00 00 00 00 00 00 00 00 00 00 00 00 00 00 00
                  00 00 00 00 00 00 00 00 00 00 00 00 00 00 00 00 00 00 00 00
                  00 00 00 00 00 00 00 00 00 00 00 80 00 00 00 ff 00 00 00 ff
                  00 00 00 ff 00 00 00 ff 00 00 00 ff 01 01 01 ff ad ad ad ff
                  ff ff ff ff ff ff ff ff ff ff ff ff ff ff ff ff ff ff ff ff
                  ff ff ff ff ff ff ff ff ff ff ff ff ff ff ff ff ff ff ff ff
                  ff ff ff ff ee ee ee ff 8f 8f 8f ff 26 26 26 ff 00 00 00 ff
                  00 00 00 ff 00 00 00 ff 00 00 00 ff 00 00 00 ff 00 00 00 ff
                  00 00 00 ff 00 00 00 ff 00 00 00 ff 00 00 00 ff 00 00 00 ff
                  00 00 00 ff 00 00 00 ff 00 00 00 ff 00 00 00 ff 00 00 00 ff
                  00 00 00 ff 00 00 00 ff 00 00 00 ff 00 00 00 ff 00 00 00 ff
                  00 00 00 ff 00 00 00 ff 00 00 00 ff 00 00 00 ff 00 00 00 ff
                  00 00 00 ff 00 00 00 ff 00 00 00 ff 00 00 00 ff 00 00 00 ff
                  00 00 00 ff 00 00 00 ff 00 00 00 ff 00 00 00 ff 00 00 00 ff
                  00 00 00 ff 00 00 00 ff 00 00 00 ff 00 00 00 ff 00 00 00 ff
                  00 00 00 ff 00 00 00 ff 00 00 00 ff 00 00 00 ff 00 00 00 ff
                  00 00 00 ff 00 00 00 ff 00 00 00 ff 00 00 00 ff 00 00 00 ff
                  00 00 00 ff 00 00 00 ff 00 00 00 ff 21 21 21 ff 88 88 88 ff
                  ea ea ea ff ff ff ff ff ff ff ff ff ff ff ff ff ff ff ff ff
                  ff ff ff ff ff ff ff ff ff ff ff ff ff ff ff ff ff ff ff ff
                  ff ff ff ff ff ff ff ff ac ac ac ff 01 01 01 ff 00 00 00 ff
                  00 00 00 ff 00 00 00 ff 00 00 00 ff 00 00 00 ff 00 00 00 7e
                  00 00 00 00 00 00 00 00 00 00 00 00 00 00 00 00 00 00 00 00
                  00 00 00 00 00 00 00 00 00 00 00 00 00 00 00 00 00 00 00 00
                  00 00 00 00 00 00 00 00 00 00 00 00 00 00 00 00 00 00 00 00
                  00 00 00 00 00 00 00 00 00 00 00 00 00 00 00 00 00 00 00 00
                  00 00 00 00 00 00 00 00 00 00 00 00 00 00 00 00 00 00 00 00
                  00 00 00 00 00 00 00 00 00 00 00 00 00 00 00 00 00 00 00 00
                  00 00 00 17 00 00 00 f7 00 00 00 ff 00 00 00 ff 00 00 00 ff
                  00 00 00 ff 00 00 00 ff 0a 0a 0a ff b4 b4 b4 ff ff ff ff ff
                  ff ff ff ff ff ff ff ff ff ff ff ff ff ff ff ff ff ff ff ff
                  ff ff ff ff ff ff ff ff ff ff ff ff ff ff ff ff ff ff ff ff
                  ff ff ff ff ff ff ff ff bc bc bc ff 52 52 52 ff 04 04 04 ff
                  00 00 00 ff 00 00 00 ff 00 00 00 ff 00 00 00 ff 00 00 00 ff
                  00 00 00 ff 00 00 00 ff 00 00 00 ff 00 00 00 ff 00 00 00 ff
                  00 00 00 ff 00 00 00 ff 00 00 00 ff 00 00 00 ff 00 00 00 ff
                  00 00 00 ff 00 00 00 ff 00 00 00 ff 00 00 00 ff 00 00 00 ff
                  00 00 00 ff 00 00 00 ff 00 00 00 ff 00 00 00 ff 00 00 00 ff
                  00 00 00 ff 00 00 00 ff 00 00 00 ff 00 00 00 ff 00 00 00 ff
                  00 00 00 ff 00 00 00 ff 00 00 00 ff 00 00 00 ff 00 00 00 ff
                  00 00 00 ff 00 00 00 ff 00 00 00 ff 00 00 00 ff 00 00 00 ff
                  00 00 00 ff 00 00 00 ff 00 00 00 ff 00 00 00 ff 00 00 00 ff
                  00 00 00 ff 00 00 00 ff 00 00 00 ff 02 02 02 ff 4d 4d 4d ff
                  b6 b6 b6 ff fe fe fe ff ff ff ff ff ff ff ff ff ff ff ff ff
                  ff ff ff ff ff ff ff ff ff ff ff ff ff ff ff ff ff ff ff ff
                  ff ff ff ff ff ff ff ff ff ff ff ff ff ff ff ff b2 b2 b2 ff
                  0a 0a 0a ff 00 00 00 ff 00 00 00 ff 00 00 00 ff 00 00 00 ff
                  00 00 00 ff 00 00 00 f7 00 00 00 15 00 00 00 00 00 00 00 00
                  00 00 00 00 00 00 00 00 00 00 00 00 00 00 00 00 00 00 00 00
                  00 00 00 00 00 00 00 00 00 00 00 00 00 00 00 00 00 00 00 00
                  00 00 00 00 00 00 00 00 00 00 00 00 00 00 00 00 00 00 00 00
                  00 00 00 00 00 00 00 00 00 00 00 00 00 00 00 00 00 00 00 00
                  00 00 00 00 00 00 00 00 00 00 00 00 00 00 00 00 00 00 00 00
                  00 00 00 00 00 00 00 00 00 00 00 00 00 00 00 00 00 00 00 8a
                  00 00 00 ff 00 00 00 ff 00 00 00 ff 00 00 00 ff 00 00 00 ff
                  00 00 00 ff 02 02 02 ff 67 67 67 ff e7 e7 e7 ff ff ff ff ff
                  ff ff ff ff ff ff ff ff ff ff ff ff ff ff ff ff ff ff ff ff
                  ff ff ff ff ff ff ff ff ff ff ff ff ff ff ff ff ff ff ff ff
                  ff ff ff ff ff ff ff ff e5 e5 e5 ff 80 80 80 ff 1a 1a 1a ff
                  00 00 00 ff 00 00 00 ff 00 00 00 ff 00 00 00 ff 00 00 00 ff
                  00 00 00 ff 00 00 00 ff 00 00 00 ff 00 00 00 ff 00 00 00 ff
                  00 00 00 ff 00 00 00 ff 00 00 00 ff 00 00 00 ff 00 00 00 ff
                  00 00 00 ff 00 00 00 ff 00 00 00 ff 00 00 00 ff 00 00 00 ff
                  00 00 00 ff 00 00 00 ff 00 00 00 ff 00 00 00 ff 00 00 00 ff
                  00 00 00 ff 00 00 00 ff 00 00 00 ff 00 00 00 ff 00 00 00 ff
                  00 00 00 ff 00 00 00 ff 00 00 00 ff 00 00 00 ff 00 00 00 ff
                  00 00 00 ff 00 00 00 ff 00 00 00 ff 00 00 00 ff 00 00 00 ff
                  00 00 00 ff 00 00 00 ff 00 00 00 ff 00 00 00 ff 16 16 16 ff
                  7a 7a 7a ff e1 e1 e1 ff ff ff ff ff ff ff ff ff ff ff ff ff
                  ff ff ff ff ff ff ff ff ff ff ff ff ff ff ff ff ff ff ff ff
                  ff ff ff ff ff ff ff ff ff ff ff ff ff ff ff ff ff ff ff ff
                  e7 e7 e7 ff 66 66 66 ff 01 01 01 ff 00 00 00 ff 00 00 00 ff
                  00 00 00 ff 00 00 00 ff 00 00 00 ff 00 00 00 ff 00 00 00 8a
                  00 00 00 00 00 00 00 00 00 00 00 00 00 00 00 00 00 00 00 00
                  00 00 00 00 00 00 00 00 00 00 00 00 00 00 00 00 00 00 00 00
                  00 00 00 00 00 00 00 00 00 00 00 00 00 00 00 00 00 00 00 00
                  00 00 00 00 00 00 00 00 00 00 00 00 00 00 00 00 00 00 00 00
                  00 00 00 00 00 00 00 00 00 00 00 00 00 00 00 00 00 00 00 00
                  00 00 00 00 00 00 00 00 00 00 00 00 00 00 00 00 00 00 00 00
                  00 00 00 00 00 00 00 00 00 00 00 0d 00 00 00 de 00 00 00 ff
                  00 00 00 ff 00 00 00 ff 00 00 00 ff 00 00 00 ff 00 00 00 ff
                  00 00 00 ff 07 07 07 ff 5d 5d 5d ff c7 c7 c7 ff ff ff ff ff
                  ff ff ff ff ff ff ff ff ff ff ff ff ff ff ff ff ff ff ff ff
                  ff ff ff ff ff ff ff ff ff ff ff ff ff ff ff ff ff ff ff ff
                  ff ff ff ff ff ff ff ff fc fc fc ff ad ad ad ff 43 43 43 ff
                  01 01 01 ff 00 00 00 ff 00 00 00 ff 00 00 00 ff 00 00 00 ff
                  00 00 00 ff 00 00 00 ff 00 00 00 ff 00 00 00 ff 00 00 00 ff
                  00 00 00 ff 00 00 00 ff 00 00 00 ff 00 00 00 ff 00 00 00 ff
                  00 00 00 ff 00 00 00 ff 00 00 00 ff 00 00 00 ff 00 00 00 ff
                  00 00 00 ff 00 00 00 ff 00 00 00 ff 00 00 00 ff 00 00 00 ff
                  00 00 00 ff 00 00 00 ff 00 00 00 ff 00 00 00 ff 00 00 00 ff
                  00 00 00 ff 00 00 00 ff 00 00 00 ff 00 00 00 ff 00 00 00 ff
                  00 00 00 ff 00 00 00 ff 00 00 00 ff 00 00 00 ff 00 00 00 ff
                  3f 3f 3f ff a7 a7 a7 ff fa fa fa ff ff ff ff ff ff ff ff ff
                  ff ff ff ff ff ff ff ff ff ff ff ff ff ff ff ff ff ff ff ff
                  ff ff ff ff ff ff ff ff ff ff ff ff ff ff ff ff ff ff ff ff
                  ff ff ff ff c5 c5 c5 ff 5c 5c 5c ff 07 07 07 ff 00 00 00 ff
                  00 00 00 ff 00 00 00 ff 00 00 00 ff 00 00 00 ff 00 00 00 ff
                  00 00 00 ff 00 00 00 dd 00 00 00 0d 00 00 00 00 00 00 00 00
                  00 00 00 00 00 00 00 00 00 00 00 00 00 00 00 00 00 00 00 00
                  00 00 00 00 00 00 00 00 00 00 00 00 00 00 00 00 00 00 00 00
                  00 00 00 00 00 00 00 00 00 00 00 00 00 00 00 00 00 00 00 00
                  00 00 00 00 00 00 00 00 00 00 00 00 00 00 00 00 00 00 00 00
                  00 00 00 00 00 00 00 00 00 00 00 00 00 00 00 00 00 00 00 00
                  00 00 00 00 00 00 00 00 00 00 00 00 00 00 00 00 00 00 00 00
                  00 00 00 00 00 00 00 34 00 00 00 f6 00 00 00 ff 00 00 00 ff
                  00 00 00 ff 00 00 00 ff 00 00 00 ff 00 00 00 ff 00 00 00 ff
                  00 00 00 ff 00 00 00 ff 30 30 30 ff 9a 9a 9a ff f5 f5 f5 ff
                  ff ff ff ff ff ff ff ff ff ff ff ff ff ff ff ff ff ff ff ff
                  ff ff ff ff ff ff ff ff ff ff ff ff ff ff ff ff ff ff ff ff
                  ff ff ff ff ff ff ff ff ff ff ff ff d9 d9 d9 ff 70 70 70 ff
                  10 10 10 ff 00 00 00 ff 00 00 00 ff 00 00 00 ff 00 00 00 ff
                  00 00 00 ff 00 00 00 ff 00 00 00 ff 00 00 00 ff 00 00 00 ff
                  00 00 00 ff 00 00 00 ff 00 00 00 ff 00 00 00 ff 00 00 00 ff
                  00 00 00 ff 00 00 00 ff 00 00 00 ff 00 00 00 ff 00 00 00 ff
                  00 00 00 ff 00 00 00 ff 00 00 00 ff 00 00 00 ff 00 00 00 ff
                  00 00 00 ff 00 00 00 ff 00 00 00 ff 00 00 00 ff 00 00 00 ff
                  00 00 00 ff 00 00 00 ff 00 00 00 ff 00 00 00 ff 00 00 00 ff
                  0e 0e 0e ff 6c 6c 6c ff d5 d5 d5 ff ff ff ff ff ff ff ff ff
                  ff ff ff ff ff ff ff ff ff ff ff ff ff ff ff ff ff ff ff ff
                  ff ff ff ff ff ff ff ff ff ff ff ff ff ff ff ff ff ff ff ff
                  ff ff ff ff f3 f3 f3 ff 97 97 97 ff 2e 2e 2e ff 00 00 00 ff
                  00 00 00 ff 00 00 00 ff 00 00 00 ff 00 00 00 ff 00 00 00 ff
                  00 00 00 ff 00 00 00 ff 00 00 00 ff 00 00 00 f6 00 00 00 31
                  00 00 00 00 00 00 00 00 00 00 00 00 00 00 00 00 00 00 00 00
                  00 00 00 00 00 00 00 00 00 00 00 00 00 00 00 00 00 00 00 00
                  00 00 00 00 00 00 00 00 00 00 00 00 00 00 00 00 00 00 00 00
                  00 00 00 00 00 00 00 00 00 00 00 00 00 00 00 00 00 00 00 00
                  00 00 00 00 00 00 00 00 00 00 00 00 00 00 00 00 00 00 00 00
                  00 00 00 00 00 00 00 00 00 00 00 00 00 00 00 00 00 00 00 00
                  00 00 00 00 00 00 00 00 00 00 00 00 00 00 00 00 00 00 00 00
                  00 00 00 48 00 00 00 f6 00 00 00 ff 00 00 00 ff 00 00 00 ff
                  00 00 00 ff 00 00 00 ff 00 00 00 ff 00 00 00 ff 00 00 00 ff
                  00 00 00 ff 00 00 00 ff 0e 0e 0e ff 6e 6e 6e ff d6 d6 d6 ff
                  ff ff ff ff ff ff ff ff ff ff ff ff ff ff ff ff ff ff ff ff
                  ff ff ff ff ff ff ff ff ff ff ff ff ff ff ff ff ff ff ff ff
                  ff ff ff ff ff ff ff ff ff ff ff ff f6 f6 f6 ff 9d 9d 9d ff
                  33 33 33 ff 00 00 00 ff 00 00 00 ff 00 00 00 ff 00 00 00 ff
                  00 00 00 ff 00 00 00 ff 00 00 00 ff 00 00 00 ff 00 00 00 ff
                  00 00 00 ff 00 00 00 ff 00 00 00 ff 00 00 00 ff 00 00 00 ff
                  00 00 00 ff 00 00 00 ff 00 00 00 ff 00 00 00 ff 00 00 00 ff
                  00 00 00 ff 00 00 00 ff 00 00 00 ff 00 00 00 ff 00 00 00 ff
                  00 00 00 ff 00 00 00 ff 00 00 00 ff 00 00 00 ff 00 00 00 ff
                  00 00 00 ff 30 30 30 ff 9a 9a 9a ff f4 f4 f4 ff ff ff ff ff
                  ff ff ff ff ff ff ff ff ff ff ff ff ff ff ff ff ff ff ff ff
                  ff ff ff ff ff ff ff ff ff ff ff ff ff ff ff ff ff ff ff ff
                  ff ff ff ff ff ff ff ff d2 d2 d2 ff 6a 6a 6a ff 0d 0d 0d ff
                  00 00 00 ff 00 00 00 ff 00 00 00 ff 00 00 00 ff 00 00 00 ff
                  00 00 00 ff 00 00 00 ff 00 00 00 ff 00 00 00 ff 00 00 00 ff
                  00 00 00 f6 00 00 00 46 00 00 00 00 00 00 00 00 00 00 00 00
                  00 00 00 00 00 00 00 00 00 00 00 00 00 00 00 00 00 00 00 00
                  00 00 00 00 00 00 00 00 00 00 00 00 00 00 00 00 00 00 00 00
                  00 00 00 00 00 00 00 00 00 00 00 00 00 00 00 00 00 00 00 00
                  00 00 00 00 00 00 00 00 00 00 00 00 00 00 00 00 00 00 00 00
                  00 00 00 00 00 00 00 00 00 00 00 00 00 00 00 00 00 00 00 00
                  00 00 00 00 00 00 00 00 00 00 00 00 00 00 00 00 00 00 00 00
                  00 00 00 00 00 00 00 00 00 00 00 00 00 00 00 00 00 00 00 39
                  00 00 00 e4 00 00 00 ff 00 00 00 ff 00 00 00 ff 00 00 00 ff
                  00 00 00 ff 00 00 00 ff 00 00 00 ff 00 00 00 ff 00 00 00 ff
                  00 00 00 ff 00 00 00 ff 01 01 01 ff 40 40 40 ff ab ab ab ff
                  fb fb fb ff ff ff ff ff ff ff ff ff ff ff ff ff ff ff ff ff
                  ff ff ff ff ff ff ff ff ff ff ff ff ff ff ff ff ff ff ff ff
                  ff ff ff ff ff ff ff ff ff ff ff ff ff ff ff ff ca ca ca ff
                  60 60 60 ff 09 09 09 ff 00 00 00 ff 00 00 00 ff 00 00 00 ff
                  00 00 00 ff 00 00 00 ff 00 00 00 ff 00 00 00 ff 00 00 00 ff
                  00 00 00 ff 00 00 00 ff 00 00 00 ff 00 00 00 ff 00 00 00 ff
                  00 00 00 ff 00 00 00 ff 00 00 00 ff 00 00 00 ff 00 00 00 ff
                  00 00 00 ff 00 00 00 ff 00 00 00 ff 00 00 00 ff 00 00 00 ff
                  00 00 00 ff 08 08 08 ff 5e 5e 5e ff c7 c7 c7 ff ff ff ff ff
                  ff ff ff ff ff ff ff ff ff ff ff ff ff ff ff ff ff ff ff ff
                  ff ff ff ff ff ff ff ff ff ff ff ff ff ff ff ff ff ff ff ff
                  ff ff ff ff ff ff ff ff f9 f9 f9 ff a5 a5 a5 ff 3c 3c 3c ff
                  00 00 00 ff 00 00 00 ff 00 00 00 ff 00 00 00 ff 00 00 00 ff
                  00 00 00 ff 00 00 00 ff 00 00 00 ff 00 00 00 ff 00 00 00 ff
                  00 00 00 ff 00 00 00 ff 00 00 00 e4 00 00 00 38 00 00 00 00
                  00 00 00 00 00 00 00 00 00 00 00 00 00 00 00 00 00 00 00 00
                  00 00 00 00 00 00 00 00 00 00 00 00 00 00 00 00 00 00 00 00
                  00 00 00 00 00 00 00 00 00 00 00 00 00 00 00 00 00 00 00 00
                  00 00 00 00 00 00 00 00 00 00 00 00 00 00 00 00 00 00 00 00
                  00 00 00 00 00 00 00 00 00 00 00 00 00 00 00 00 00 00 00 00
                  00 00 00 00 00 00 00 00 00 00 00 00 00 00 00 00 00 00 00 00
                  00 00 00 00 00 00 00 00 00 00 00 00 00 00 00 00 00 00 00 00
                  00 00 00 00 00 00 00 00 00 00 00 00 00 00 00 13 00 00 00 9b
                  00 00 00 fe 00 00 00 ff 00 00 00 ff 00 00 00 ff 00 00 00 ff
                  00 00 00 ff 00 00 00 ff 00 00 00 ff 00 00 00 ff 00 00 00 ff
                  00 00 00 ff 00 00 00 ff 00 00 00 ff 19 19 19 ff 7e 7e 7e ff
                  e3 e3 e3 ff ff ff ff ff ff ff ff ff ff ff ff ff ff ff ff ff
                  ff ff ff ff ff ff ff ff ff ff ff ff ff ff ff ff ff ff ff ff
                  ff ff ff ff ff ff ff ff ff ff ff ff ff ff ff ff ee ee ee ff
                  8e 8e 8e ff 25 25 25 ff 00 00 00 ff 00 00 00 ff 00 00 00 ff
                  00 00 00 ff 00 00 00 ff 00 00 00 ff 00 00 00 ff 00 00 00 ff
                  00 00 00 ff 00 00 00 ff 00 00 00 ff 00 00 00 ff 00 00 00 ff
                  00 00 00 ff 00 00 00 ff 00 00 00 ff 00 00 00 ff 00 00 00 ff
                  00 00 00 ff 00 00 00 ff 24 24 24 ff 8c 8c 8c ff ec ec ec ff
                  ff ff ff ff ff ff ff ff ff ff ff ff ff ff ff ff ff ff ff ff
                  ff ff ff ff ff ff ff ff ff ff ff ff ff ff ff ff ff ff ff ff
                  ff ff ff ff ff ff ff ff ff ff ff ff de de de ff 77 77 77 ff
                  15 15 15 ff 00 00 00 ff 00 00 00 ff 00 00 00 ff 00 00 00 ff
                  00 00 00 ff 00 00 00 ff 00 00 00 ff 00 00 00 ff 00 00 00 ff
                  00 00 00 ff 00 00 00 ff 00 00 00 ff 00 00 00 fd 00 00 00 9b
                  00 00 00 13 00 00 00 00 00 00 00 00 00 00 00 00 00 00 00 00
                  00 00 00 00 00 00 00 00 00 00 00 00 00 00 00 00 00 00 00 00
                  00 00 00 00 00 00 00 00 00 00 00 00 00 00 00 00 00 00 00 00
                  00 00 00 00 00 00 00 00 00 00 00 00 00 00 00 00 00 00 00 00
                  00 00 00 00 00 00 00 00 00 00 00 00 00 00 00 00 00 00 00 00
                  00 00 00 00 00 00 00 00 00 00 00 00 00 00 00 00 00 00 00 00
                  00 00 00 00 00 00 00 00 00 00 00 00 00 00 00 00 00 00 00 00
                  00 00 00 00 00 00 00 00 00 00 00 00 00 00 00 00 00 00 00 00
                  00 00 00 00 00 00 00 00 00 00 00 00 00 00 00 24 00 00 00 95
                  00 00 00 f3 00 00 00 ff 00 00 00 ff 00 00 00 ff 00 00 00 ff
                  00 00 00 ff 00 00 00 ff 00 00 00 ff 00 00 00 ff 00 00 00 ff
                  00 00 00 ff 00 00 00 ff 00 00 00 ff 04 04 04 ff 51 51 51 ff
                  bb bb bb ff ff ff ff ff ff ff ff ff ff ff ff ff ff ff ff ff
                  ff ff ff ff ff ff ff ff ff ff ff ff ff ff ff ff ff ff ff ff
                  ff ff ff ff ff ff ff ff ff ff ff ff ff ff ff ff ff ff ff ff
                  bb bb bb ff 51 51 51 ff 04 04 04 ff 00 00 00 ff 00 00 00 ff
                  00 00 00 ff 00 00 00 ff 00 00 00 ff 00 00 00 ff 00 00 00 ff
                  00 00 00 ff 00 00 00 ff 00 00 00 ff 00 00 00 ff 00 00 00 ff
                  00 00 00 ff 00 00 00 ff 03 03 03 ff 50 50 50 ff b9 b9 b9 ff
                  fe fe fe ff ff ff ff ff ff ff ff ff ff ff ff ff ff ff ff ff
                  ff ff ff ff ff ff ff ff ff ff ff ff ff ff ff ff ff ff ff ff
                  ff ff ff ff ff ff ff ff ff ff ff ff fd fd fd ff b2 b2 b2 ff
                  4a 4a 4a ff 02 02 02 ff 00 00 00 ff 00 00 00 ff 00 00 00 ff
                  00 00 00 ff 00 00 00 ff 00 00 00 ff 00 00 00 ff 00 00 00 ff
                  00 00 00 ff 00 00 00 ff 00 00 00 ff 00 00 00 ff 00 00 00 f2
                  00 00 00 95 00 00 00 24 00 00 00 00 00 00 00 00 00 00 00 00
                  00 00 00 00 00 00 00 00 00 00 00 00 00 00 00 00 00 00 00 00
                  00 00 00 00 00 00 00 00 00 00 00 00 00 00 00 00 00 00 00 00
                  00 00 00 00 00 00 00 00 00 00 00 00 00 00 00 00 00 00 00 00
                  00 00 00 00 00 00 00 00 00 00 00 00 00 00 00 00 00 00 00 00
                  00 00 00 00 00 00 00 00 00 00 00 00 00 00 00 00 00 00 00 00
                  00 00 00 00 00 00 00 00 00 00 00 00 00 00 00 00 00 00 00 00
                  00 00 00 00 00 00 00 00 00 00 00 00 00 00 00 00 00 00 00 00
                  00 00 00 00 00 00 00 00 00 00 00 00 00 00 00 00 00 00 00 00
                  00 00 00 00 00 00 00 00 00 00 00 00 00 00 00 0d 00 00 00 69
                  00 00 00 d2 00 00 00 ff 00 00 00 ff 00 00 00 ff 00 00 00 ff
                  00 00 00 ff 00 00 00 ff 00 00 00 ff 00 00 00 ff 00 00 00 ff
                  00 00 00 ff 00 00 00 ff 00 00 00 ff 00 00 00 ff 25 25 25 ff
                  8f 8f 8f ff ee ee ee ff ff ff ff ff ff ff ff ff ff ff ff ff
                  ff ff ff ff ff ff ff ff ff ff ff ff ff ff ff ff ff ff ff ff
                  ff ff ff ff ff ff ff ff ff ff ff ff ff ff ff ff ff ff ff ff
                  e4 e4 e4 ff 7f 7f 7f ff 1a 1a 1a ff 00 00 00 ff 00 00 00 ff
                  00 00 00 ff 00 00 00 ff 00 00 00 ff 00 00 00 ff 00 00 00 ff
                  00 00 00 ff 00 00 00 ff 00 00 00 ff 19 19 19 ff 7e 7e 7e ff
                  e3 e3 e3 ff ff ff ff ff ff ff ff ff ff ff ff ff ff ff ff ff
                  ff ff ff ff ff ff ff ff ff ff ff ff ff ff ff ff ff ff ff ff
                  ff ff ff ff ff ff ff ff ff ff ff ff ff ff ff ff e8 e8 e8 ff
                  85 85 85 ff 1f 1f 1f ff 00 00 00 ff 00 00 00 ff 00 00 00 ff
                  00 00 00 ff 00 00 00 ff 00 00 00 ff 00 00 00 ff 00 00 00 ff
                  00 00 00 ff 00 00 00 ff 00 00 00 ff 00 00 00 ff 00 00 00 ff
                  00 00 00 d0 00 00 00 67 00 00 00 0c 00 00 00 00 00 00 00 00
                  00 00 00 00 00 00 00 00 00 00 00 00 00 00 00 00 00 00 00 00
                  00 00 00 00 00 00 00 00 00 00 00 00 00 00 00 00 00 00 00 00
                  00 00 00 00 00 00 00 00 00 00 00 00 00 00 00 00 00 00 00 00
                  00 00 00 00 00 00 00 00 00 00 00 00 00 00 00 00 00 00 00 00
                  00 00 00 00 00 00 00 00 00 00 00 00 00 00 00 00 00 00 00 00
                  00 00 00 00 00 00 00 00 00 00 00 00 00 00 00 00 00 00 00 00
                  00 00 00 00 00 00 00 00 00 00 00 00 00 00 00 00 00 00 00 00
                  00 00 00 00 00 00 00 00 00 00 00 00 00 00 00 00 00 00 00 00
                  00 00 00 00 00 00 00 00 00 00 00 00 00 00 00 00 00 00 00 00
                  00 00 00 00 00 00 00 00 00 00 00 00 00 00 00 00 00 00 00 3d
                  00 00 00 a6 00 00 00 fa 00 00 00 ff 00 00 00 ff 00 00 00 ff
                  00 00 00 ff 00 00 00 ff 00 00 00 ff 00 00 00 ff 00 00 00 ff
                  00 00 00 ff 00 00 00 ff 00 00 00 ff 00 00 00 ff 0a 0a 0a ff
                  61 61 61 ff cb cb cb ff ff ff ff ff ff ff ff ff ff ff ff ff
                  ff ff ff ff ff ff ff ff ff ff ff ff ff ff ff ff ff ff ff ff
                  ff ff ff ff ff ff ff ff ff ff ff ff ff ff ff ff ff ff ff ff
                  fb fb fb ff ab ab ab ff 41 41 41 ff 01 01 01 ff 00 00 00 ff
                  00 00 00 ff 00 00 00 ff 00 00 00 ff 01 01 01 ff 41 41 41 ff
                  ab ab ab ff fb fb fb ff ff ff ff ff ff ff ff ff ff ff ff ff
                  ff ff ff ff ff ff ff ff ff ff ff ff ff ff ff ff ff ff ff ff
                  ff ff ff ff ff ff ff ff ff ff ff ff ff ff ff ff ff ff ff ff
                  c0 c0 c0 ff 57 57 57 ff 06 06 06 ff 00 00 00 ff 00 00 00 ff
                  00 00 00 ff 00 00 00 ff 00 00 00 ff 00 00 00 ff 00 00 00 ff
                  00 00 00 ff 00 00 00 ff 00 00 00 ff 00 00 00 ff 00 00 00 ff
                  00 00 00 f8 00 00 00 a2 00 00 00 3a 00 00 00 00 00 00 00 00
                  00 00 00 00 00 00 00 00 00 00 00 00 00 00 00 00 00 00 00 00
                  00 00 00 00 00 00 00 00 00 00 00 00 00 00 00 00 00 00 00 00
                  00 00 00 00 00 00 00 00 00 00 00 00 00 00 00 00 00 00 00 00
                  00 00 00 00 00 00 00 00 00 00 00 00 00 00 00 00 00 00 00 00
                  00 00 00 00 00 00 00 00 00 00 00 00 00 00 00 00 00 00 00 00
                  00 00 00 00 00 00 00 00 00 00 00 00 00 00 00 00 00 00 00 00
                  00 00 00 00 00 00 00 00 00 00 00 00 00 00 00 00 00 00 00 00
                  00 00 00 00 00 00 00 00 00 00 00 00 00 00 00 00 00 00 00 00
                  00 00 00 00 00 00 00 00 00 00 00 00 00 00 00 00 00 00 00 00
                  00 00 00 00 00 00 00 00 00 00 00 00 00 00 00 00 00 00 00 00
                  00 00 00 00 00 00 00 00 00 00 00 00 00 00 00 00 00 00 00 16
                  00 00 00 79 00 00 00 e1 00 00 00 ff 00 00 00 ff 00 00 00 ff
                  00 00 00 ff 00 00 00 ff 00 00 00 ff 00 00 00 ff 00 00 00 ff
                  00 00 00 ff 00 00 00 ff 00 00 00 ff 00 00 00 ff 00 00 00 ff
                  35 35 35 ff 9f 9f 9f ff f6 f6 f6 ff ff ff ff ff ff ff ff ff
                  ff ff ff ff ff ff ff ff ff ff ff ff ff ff ff ff ff ff ff ff
                  ff ff ff ff ff ff ff ff ff ff ff ff ff ff ff ff ff ff ff ff
                  ff ff ff ff d7 d7 d7 ff 6f 6f 6f ff 18 18 18 ff 1e 1e 1e ff
                  70 70 70 ff d8 d8 d8 ff ff ff ff ff ff ff ff ff ff ff ff ff
                  ff ff ff ff ff ff ff ff ff ff ff ff ff ff ff ff ff ff ff ff
                  ff ff ff ff ff ff ff ff ff ff ff ff ff ff ff ff ff ff ff ff
                  f1 f1 f1 ff 92 92 92 ff 2a 2a 2a ff 00 00 00 ff 00 00 00 ff
                  00 00 00 ff 00 00 00 ff 00 00 00 ff 00 00 00 ff 00 00 00 ff
                  00 00 00 ff 00 00 00 ff 00 00 00 ff 00 00 00 ff 00 00 00 ff
                  00 00 00 ff 00 00 00 dc 00 00 00 75 00 00 00 14 00 00 00 00
                  00 00 00 00 00 00 00 00 00 00 00 00 00 00 00 00 00 00 00 00
                  00 00 00 00 00 00 00 00 00 00 00 00 00 00 00 00 00 00 00 00
                  00 00 00 00 00 00 00 00 00 00 00 00 00 00 00 00 00 00 00 00
                  00 00 00 00 00 00 00 00 00 00 00 00 00 00 00 00 00 00 00 00
                  00 00 00 00 00 00 00 00 00 00 00 00 00 00 00 00 00 00 00 00
                  00 00 00 00 00 00 00 00 00 00 00 00 00 00 00 00 00 00 00 00
                  00 00 00 00 00 00 00 00 00 00 00 00 00 00 00 00 00 00 00 00
                  00 00 00 00 00 00 00 00 00 00 00 00 00 00 00 00 00 00 00 00
                  00 00 00 00 00 00 00 00 00 00 00 00 00 00 00 00 00 00 00 00
                  00 00 00 00 00 00 00 00 00 00 00 00 00 00 00 00 00 00 00 00
                  00 00 00 00 00 00 00 00 00 00 00 00 00 00 00 00 00 00 00 00
                  00 00 00 00 00 00 00 00 00 00 00 00 00 00 00 00 00 00 00 02
                  00 00 00 4d 00 00 00 b6 00 00 00 fe 00 00 00 ff 00 00 00 ff
                  00 00 00 ff 00 00 00 ff 00 00 00 ff 00 00 00 ff 00 00 00 ff
                  00 00 00 ff 00 00 00 ff 00 00 00 ff 00 00 00 ff 00 00 00 ff
                  12 12 12 ff 72 72 72 ff db db db ff ff ff ff ff ff ff ff ff
                  ff ff ff ff ff ff ff ff ff ff ff ff ff ff ff ff ff ff ff ff
                  ff ff ff ff ff ff ff ff ff ff ff ff ff ff ff ff ff ff ff ff
                  ff ff ff ff ff ff ff ff ff ff ff ff ff ff ff ff ff ff ff ff
                  ff ff ff ff ff ff ff ff ff ff ff ff ff ff ff ff ff ff ff ff
                  ff ff ff ff ff ff ff ff ff ff ff ff ff ff ff ff ff ff ff ff
                  ff ff ff ff ce ce ce ff 65 65 65 ff 0b 0b 0b ff 00 00 00 ff
                  00 00 00 ff 00 00 00 ff 00 00 00 ff 00 00 00 ff 00 00 00 ff
                  00 00 00 ff 00 00 00 ff 00 00 00 ff 00 00 00 ff 00 00 00 ff
                  00 00 00 ff 00 00 00 fd 00 00 00 b0 00 00 00 47 00 00 00 02
                  00 00 00 00 00 00 00 00 00 00 00 00 00 00 00 00 00 00 00 00
                  00 00 00 00 00 00 00 00 00 00 00 00 00 00 00 00 00 00 00 00
                  00 00 00 00 00 00 00 00 00 00 00 00 00 00 00 00 00 00 00 00
                  00 00 00 00 00 00 00 00 00 00 00 00 00 00 00 00 00 00 00 00
                  00 00 00 00 00 00 00 00 00 00 00 00 00 00 00 00 00 00 00 00
                  00 00 00 00 00 00 00 00 00 00 00 00 00 00 00 00 00 00 00 00
                  00 00 00 00 00 00 00 00 00 00 00 00 00 00 00 00 00 00 00 00
                  00 00 00 00 00 00 00 00 00 00 00 00 00 00 00 00 00 00 00 00
                  00 00 00 00 00 00 00 00 00 00 00 00 00 00 00 00 00 00 00 00
                  00 00 00 00 00 00 00 00 00 00 00 00 00 00 00 00 00 00 00 00
                  00 00 00 00 00 00 00 00 00 00 00 00 00 00 00 00 00 00 00 00
                  00 00 00 00 00 00 00 00 00 00 00 00 00 00 00 00 00 00 00 00
                  00 00 00 00 00 00 00 00 00 00 00 00 00 00 00 00 00 00 00 00
                  00 00 00 22 00 00 00 8a 00 00 00 ec 00 00 00 ff 00 00 00 ff
                  00 00 00 ff 00 00 00 ff 00 00 00 ff 00 00 00 ff 00 00 00 ff
                  00 00 00 ff 00 00 00 ff 00 00 00 ff 00 00 00 ff 00 00 00 ff
                  01 01 01 ff 45 45 45 ff af af af ff fc fc fc ff ff ff ff ff
                  ff ff ff ff ff ff ff ff ff ff ff ff ff ff ff ff ff ff ff ff
                  ff ff ff ff ff ff ff ff ff ff ff ff ff ff ff ff ff ff ff ff
                  ff ff ff ff ff ff ff ff ff ff ff ff ff ff ff ff ff ff ff ff
                  ff ff ff ff ff ff ff ff ff ff ff ff ff ff ff ff ff ff ff ff
                  ff ff ff ff f8 f8 f8 ff a0 a0 a0 ff 37 37 37 ff 00 00 00 ff
                  00 00 00 ff 00 00 00 ff 00 00 00 ff 00 00 00 ff 00 00 00 ff
                  00 00 00 ff 00 00 00 ff 00 00 00 ff 00 00 00 ff 00 00 00 ff
                  00 00 00 ff 00 00 00 ff 00 00 00 e7 00 00 00 82 00 00 00 1d
                  00 00 00 00 00 00 00 00 00 00 00 00 00 00 00 00 00 00 00 00
                  00 00 00 00 00 00 00 00 00 00 00 00 00 00 00 00 00 00 00 00
                  00 00 00 00 00 00 00 00 00 00 00 00 00 00 00 00 00 00 00 00
                  00 00 00 00 00 00 00 00 00 00 00 00 00 00 00 00 00 00 00 00
                  00 00 00 00 00 00 00 00 00 00 00 00 00 00 00 00 00 00 00 00
                  00 00 00 00 00 00 00 00 00 00 00 00 00 00 00 00 00 00 00 00
                  00 00 00 00 00 00 00 00 00 00 00 00 00 00 00 00 00 00 00 00
                  00 00 00 00 00 00 00 00 00 00 00 00 00 00 00 00 00 00 00 00
                  00 00 00 00 00 00 00 00 00 00 00 00 00 00 00 00 00 00 00 00
                  00 00 00 00 00 00 00 00 00 00 00 00 00 00 00 00 00 00 00 00
                  00 00 00 00 00 00 00 00 00 00 00 00 00 00 00 00 00 00 00 00
                  00 00 00 00 00 00 00 00 00 00 00 00 00 00 00 00 00 00 00 00
                  00 00 00 00 00 00 00 00 00 00 00 00 00 00 00 00 00 00 00 00
                  00 00 00 00 00 00 00 00 00 00 00 00 00 00 00 00 00 00 00 00
                  00 00 00 07 00 00 00 5e 00 00 00 c7 00 00 00 ff 00 00 00 ff
                  00 00 00 ff 00 00 00 ff 00 00 00 ff 00 00 00 ff 00 00 00 ff
                  00 00 00 ff 00 00 00 ff 00 00 00 ff 00 00 00 ff 00 00 00 ff
                  00 00 00 ff 1d 1d 1d ff 82 82 82 ff e7 e7 e7 ff ff ff ff ff
                  ff ff ff ff ff ff ff ff ff ff ff ff ff ff ff ff ff ff ff ff
                  ff ff ff ff ff ff ff ff ff ff ff ff ff ff ff ff ff ff ff ff
                  ff ff ff ff ff ff ff ff ff ff ff ff ff ff ff ff ff ff ff ff
                  ff ff ff ff ff ff ff ff db db db ff 72 72 72 ff 12 12 12 ff
                  00 00 00 ff 00 00 00 ff 00 00 00 ff 00 00 00 ff 00 00 00 ff
                  00 00 00 ff 00 00 00 ff 00 00 00 ff 00 00 00 ff 00 00 00 ff
                  00 00 00 ff 00 00 00 ff 00 00 00 ff 00 00 00 be 00 00 00 55
                  00 00 00 05 00 00 00 00 00 00 00 00 00 00 00 00 00 00 00 00
                  00 00 00 00 00 00 00 00 00 00 00 00 00 00 00 00 00 00 00 00
                  00 00 00 00 00 00 00 00 00 00 00 00 00 00 00 00 00 00 00 00
                  00 00 00 00 00 00 00 00 00 00 00 00 00 00 00 00 00 00 00 00
                  00 00 00 00 00 00 00 00 00 00 00 00 00 00 00 00 00 00 00 00
                  00 00 00 00 00 00 00 00 00 00 00 00 00 00 00 00 00 00 00 00
                  00 00 00 00 00 00 00 00 00 00 00 00 00 00 00 00 00 00 00 00
                  00 00 00 00 00 00 00 00 00 00 00 00 00 00 00 00 00 00 00 00
                  00 00 00 00 00 00 00 00 00 00 00 00 00 00 00 00 00 00 00 00
                  00 00 00 00 00 00 00 00 00 00 00 00 00 00 00 00 00 00 00 00
                  00 00 00 00 00 00 00 00 00 00 00 00 00 00 00 00 00 00 00 00
                  00 00 00 00 00 00 00 00 00 00 00 00 00 00 00 00 00 00 00 00
                  00 00 00 00 00 00 00 00 00 00 00 00 00 00 00 00 00 00 00 00
                  00 00 00 00 00 00 00 00 00 00 00 00 00 00 00 00 00 00 00 00
                  00 00 00 00 00 00 00 00 00 00 00 00 00 00 00 00 00 00 00 00
                  00 00 00 00 00 00 00 30 00 00 00 9a 00 00 00 f5 00 00 00 ff
                  00 00 00 ff 00 00 00 ff 00 00 00 ff 00 00 00 ff 00 00 00 ff
                  00 00 00 ff 00 00 00 ff 00 00 00 ff 00 00 00 ff 00 00 00 ff
                  00 00 00 ff 05 05 05 ff 56 56 56 ff c0 c0 c0 ff ff ff ff ff
                  ff ff ff ff ff ff ff ff ff ff ff ff ff ff ff ff ff ff ff ff
                  ff ff ff ff ff ff ff ff ff ff ff ff ff ff ff ff ff ff ff ff
                  ff ff ff ff ff ff ff ff fc fc fc ff ae ae ae ff 45 45 45 ff
                  01 01 01 ff 00 00 00 ff 00 00 00 ff 00 00 00 ff 00 00 00 ff
                  00 00 00 ff 00 00 00 ff 00 00 00 ff 00 00 00 ff 00 00 00 ff
                  00 00 00 ff 00 00 00 ff 00 00 00 ff 00 00 00 f0 00 00 00 90
                  00 00 00 28 00 00 00 00 00 00 00 00 00 00 00 00 00 00 00 00
                  00 00 00 00 00 00 00 00 00 00 00 00 00 00 00 00 00 00 00 00
                  00 00 00 00 00 00 00 00 00 00 00 00 00 00 00 00 00 00 00 00
                  00 00 00 00 00 00 00 00 00 00 00 00 00 00 00 00 00 00 00 00
                  00 00 00 00 00 00 00 00 00 00 00 00 00 00 00 00 00 00 00 00
                  00 00 00 00 00 00 00 00 00 00 00 00 00 00 00 00 00 00 00 00
                  00 00 00 00 00 00 00 00 00 00 00 00 00 00 00 00 00 00 00 00
                  00 00 00 00 00 00 00 00 00 00 00 00 00 00 00 00 00 00 00 00
                  00 00 00 00 00 00 00 00 00 00 00 00 00 00 00 00 00 00 00 00
                  00 00 00 00 00 00 00 00 00 00 00 00 00 00 00 00 00 00 00 00
                  00 00 00 00 00 00 00 00 00 00 00 00 00 00 00 00 00 00 00 00
                  00 00 00 00 00 00 00 00 00 00 00 00 00 00 00 00 00 00 00 00
                  00 00 00 00 00 00 00 00 00 00 00 00 00 00 00 00 00 00 00 00
                  00 00 00 00 00 00 00 00 00 00 00 00 00 00 00 00 00 00 00 00
                  00 00 00 00 00 00 00 00 00 00 00 00 00 00 00 00 00 00 00 00
                  00 00 00 00 00 00 00 00 00 00 00 00 00 00 00 00 00 00 00 00
                  00 00 00 00 00 00 00 0f 00 00 00 6e 00 00 00 d6 00 00 00 ff
                  00 00 00 ff 00 00 00 ff 00 00 00 ff 00 00 00 ff 00 00 00 ff
                  00 00 00 ff 00 00 00 ff 00 00 00 ff 00 00 00 ff 00 00 00 ff
                  00 00 00 ff 00 00 00 ff 2a 2a 2a ff 92 92 92 ff f2 f2 f2 ff
                  ff ff ff ff ff ff ff ff ff ff ff ff ff ff ff ff ff ff ff ff
                  ff ff ff ff ff ff ff ff ff ff ff ff e6 e6 e6 ff 80 80 80 ff
                  1b 1b 1b ff 00 00 00 ff 00 00 00 ff 00 00 00 ff 00 00 00 ff
                  00 00 00 ff 00 00 00 ff 00 00 00 ff 00 00 00 ff 00 00 00 ff
                  00 00 00 ff 00 00 00 ff 00 00 00 ff 00 00 00 ff 00 00 00 cc
                  00 00 00 62 00 00 00 0a 00 00 00 00 00 00 00 00 00 00 00 00
                  00 00 00 00 00 00 00 00 00 00 00 00 00 00 00 00 00 00 00 00
                  00 00 00 00 00 00 00 00 00 00 00 00 00 00 00 00 00 00 00 00
                  00 00 00 00 00 00 00 00 00 00 00 00 00 00 00 00 00 00 00 00
                  00 00 00 00 00 00 00 00 00 00 00 00 00 00 00 00 00 00 00 00
                  00 00 00 00 00 00 00 00 00 00 00 00 00 00 00 00 00 00 00 00
                  00 00 00 00 00 00 00 00 00 00 00 00 00 00 00 00 00 00 00 00
                  00 00 00 00 00 00 00 00 00 00 00 00 00 00 00 00 00 00 00 00
                  00 00 00 00 00 00 00 00 00 00 00 00 00 00 00 00 00 00 00 00
                  00 00 00 00 00 00 00 00 00 00 00 00 00 00 00 00 00 00 00 00
                  00 00 00 00 00 00 00 00 00 00 00 00 00 00 00 00 00 00 00 00
                  00 00 00 00 00 00 00 00 00 00 00 00 00 00 00 00 00 00 00 00
                  00 00 00 00 00 00 00 00 00 00 00 00 00 00 00 00 00 00 00 00
                  00 00 00 00 00 00 00 00 00 00 00 00 00 00 00 00 00 00 00 00
                  00 00 00 00 00 00 00 00 00 00 00 00 00 00 00 00 00 00 00 00
                  00 00 00 00 00 00 00 00 00 00 00 00 00 00 00 00 00 00 00 00
                  00 00 00 00 00 00 00 00 00 00 00 00 00 00 00 00 00 00 00 00
                  00 00 00 00 00 00 00 01 00 00 00 41 00 00 00 ab 00 00 00 fb
                  00 00 00 ff 00 00 00 ff 00 00 00 ff 00 00 00 ff 00 00 00 ff
                  00 00 00 ff 00 00 00 ff 00 00 00 ff 00 00 00 ff 00 00 00 ff
                  00 00 00 ff 00 00 00 ff 0b 0b 0b ff 65 65 65 ff b0 b0 b0 ff
                  e7 e7 e7 ff fd fd fd ff f8 f8 f8 ff d8 d8 d8 ff a1 a1 a1 ff
                  52 52 52 ff 04 04 04 ff 00 00 00 ff 00 00 00 ff 00 00 00 ff
                  00 00 00 ff 00 00 00 ff 00 00 00 ff 00 00 00 ff 00 00 00 ff
                  00 00 00 ff 00 00 00 ff 00 00 00 ff 00 00 00 ff 00 00 00 f6
                  00 00 00 9e 00 00 00 35 00 00 00 00 00 00 00 00 00 00 00 00
                  00 00 00 00 00 00 00 00 00 00 00 00 00 00 00 00 00 00 00 00
                  00 00 00 00 00 00 00 00 00 00 00 00 00 00 00 00 00 00 00 00
                  00 00 00 00 00 00 00 00 00 00 00 00 00 00 00 00 00 00 00 00
                  00 00 00 00 00 00 00 00 00 00 00 00 00 00 00 00 00 00 00 00
                  00 00 00 00 00 00 00 00 00 00 00 00 00 00 00 00 00 00 00 00
                  00 00 00 00 00 00 00 00 00 00 00 00 00 00 00 00 00 00 00 00
                  00 00 00 00 00 00 00 00 00 00 00 00 00 00 00 00 00 00 00 00
                  00 00 00 00 00 00 00 00 00 00 00 00 00 00 00 00 00 00 00 00
                  00 00 00 00 00 00 00 00 00 00 00 00 00 00 00 00 00 00 00 00
                  00 00 00 00 00 00 00 00 00 00 00 00 00 00 00 00 00 00 00 00
                  00 00 00 00 00 00 00 00 00 00 00 00 00 00 00 00 00 00 00 00
                  00 00 00 00 00 00 00 00 00 00 00 00 00 00 00 00 00 00 00 00
                  00 00 00 00 00 00 00 00 00 00 00 00 00 00 00 00 00 00 00 00
                  00 00 00 00 00 00 00 00 00 00 00 00 00 00 00 00 00 00 00 00
                  00 00 00 00 00 00 00 00 00 00 00 00 00 00 00 00 00 00 00 00
                  00 00 00 00 00 00 00 00 00 00 00 00 00 00 00 00 00 00 00 00
                  00 00 00 00 00 00 00 00 00 00 00 00 00 00 00 00 00 00 00 00
                  00 00 00 00 00 00 00 00 00 00 00 19 00 00 00 7e 00 00 00 e4
                  00 00 00 ff 00 00 00 ff 00 00 00 ff 00 00 00 ff 00 00 00 ff
                  00 00 00 ff 00 00 00 ff 00 00 00 ff 00 00 00 ff 00 00 00 ff
                  00 00 00 ff 00 00 00 ff 00 00 00 ff 00 00 00 ff 00 00 00 ff
                  00 00 00 ff 00 00 00 ff 00 00 00 ff 00 00 00 ff 00 00 00 ff
                  00 00 00 ff 00 00 00 ff 00 00 00 ff 00 00 00 ff 00 00 00 ff
                  00 00 00 ff 00 00 00 ff 00 00 00 ff 00 00 00 ff 00 00 00 ff
                  00 00 00 d9 00 00 00 70 00 00 00 11 00 00 00 00 00 00 00 00
                  00 00 00 00 00 00 00 00 00 00 00 00 00 00 00 00 00 00 00 00
                  00 00 00 00 00 00 00 00 00 00 00 00 00 00 00 00 00 00 00 00
                  00 00 00 00 00 00 00 00 00 00 00 00 00 00 00 00 00 00 00 00
                  00 00 00 00 00 00 00 00 00 00 00 00 00 00 00 00 00 00 00 00
                  00 00 00 00 00 00 00 00 00 00 00 00 00 00 00 00 00 00 00 00
                  00 00 00 00 00 00 00 00 00 00 00 00 00 00 00 00 00 00 00 00
                  00 00 00 00 00 00 00 00 00 00 00 00 00 00 00 00 00 00 00 00
                  00 00 00 00 00 00 00 00 00 00 00 00 00 00 00 00 00 00 00 00
                  00 00 00 00 00 00 00 00 00 00 00 00 00 00 00 00 00 00 00 00
                  00 00 00 00 00 00 00 00 00 00 00 00 00 00 00 00 00 00 00 00
                  00 00 00 00 00 00 00 00 00 00 00 00 00 00 00 00 00 00 00 00
                  00 00 00 00 00 00 00 00 00 00 00 00 00 00 00 00 00 00 00 00
                  00 00 00 00 00 00 00 00 00 00 00 00 00 00 00 00 00 00 00 00
                  00 00 00 00 00 00 00 00 00 00 00 00 00 00 00 00 00 00 00 00
                  00 00 00 00 00 00 00 00 00 00 00 00 00 00 00 00 00 00 00 00
                  00 00 00 00 00 00 00 00 00 00 00 00 00 00 00 00 00 00 00 00
                  00 00 00 00 00 00 00 00 00 00 00 00 00 00 00 00 00 00 00 00
                  00 00 00 00 00 00 00 00 00 00 00 00 00 00 00 00 00 00 00 00
                  00 00 00 00 00 00 00 00 00 00 00 04 00 00 00 51 00 00 00 bb
                  00 00 00 ff 00 00 00 ff 00 00 00 ff 00 00 00 ff 00 00 00 ff
                  00 00 00 ff 00 00 00 ff 00 00 00 ff 00 00 00 ff 00 00 00 ff
                  00 00 00 ff 00 00 00 ff 00 00 00 ff 00 00 00 ff 00 00 00 ff
                  00 00 00 ff 00 00 00 ff 00 00 00 ff 00 00 00 ff 00 00 00 ff
                  00 00 00 ff 00 00 00 ff 00 00 00 ff 00 00 00 ff 00 00 00 ff
                  00 00 00 fb 00 00 00 ac 00 00 00 42 00 00 00 01 00 00 00 00
                  00 00 00 00 00 00 00 00 00 00 00 00 00 00 00 00 00 00 00 00
                  00 00 00 00 00 00 00 00 00 00 00 00 00 00 00 00 00 00 00 00
                  00 00 00 00 00 00 00 00 00 00 00 00 00 00 00 00 00 00 00 00
                  00 00 00 00 00 00 00 00 00 00 00 00 00 00 00 00 00 00 00 00
                  00 00 00 00 00 00 00 00 00 00 00 00 00 00 00 00 00 00 00 00
                  00 00 00 00 00 00 00 00 00 00 00 00 00 00 00 00 00 00 00 00
                  00 00 00 00 00 00 00 00 00 00 00 00 00 00 00 00 00 00 00 00
                  00 00 00 00 00 00 00 00 00 00 00 00 00 00 00 00 00 00 00 00
                  00 00 00 00 00 00 00 00 00 00 00 00 00 00 00 00 00 00 00 00
                  00 00 00 00 00 00 00 00 00 00 00 00 00 00 00 00 00 00 00 00
                  00 00 00 00 00 00 00 00 00 00 00 00 00 00 00 00 00 00 00 00
                  00 00 00 00 00 00 00 00 00 00 00 00 00 00 00 00 00 00 00 00
                  00 00 00 00 00 00 00 00 00 00 00 00 00 00 00 00 00 00 00 00
                  00 00 00 00 00 00 00 00 00 00 00 00 00 00 00 00 00 00 00 00
                  00 00 00 00 00 00 00 00 00 00 00 00 00 00 00 00 00 00 00 00
                  00 00 00 00 00 00 00 00 00 00 00 00 00 00 00 00 00 00 00 00
                  00 00 00 00 00 00 00 00 00 00 00 00 00 00 00 00 00 00 00 00
                  00 00 00 00 00 00 00 00 00 00 00 00 00 00 00 00 00 00 00 00
                  00 00 00 00 00 00 00 00 00 00 00 00 00 00 00 00 00 00 00 00
                  00 00 00 00 00 00 00 00 00 00 00 00 00 00 00 26 00 00 00 8f
                  00 00 00 ee 00 00 00 ff 00 00 00 ff 00 00 00 ff 00 00 00 ff
                  00 00 00 ff 00 00 00 ff 00 00 00 ff 00 00 00 ff 00 00 00 ff
                  00 00 00 ff 00 00 00 ff 00 00 00 ff 00 00 00 ff 00 00 00 ff
                  00 00 00 ff 00 00 00 ff 00 00 00 ff 00 00 00 ff 00 00 00 ff
                  00 00 00 ff 00 00 00 e3 00 00 00 7e 00 00 00 1a 00 00 00 00
                  00 00 00 00 00 00 00 00 00 00 00 00 00 00 00 00 00 00 00 00
                  00 00 00 00 00 00 00 00 00 00 00 00 00 00 00 00 00 00 00 00
                  00 00 00 00 00 00 00 00 00 00 00 00 00 00 00 00 00 00 00 00
                  00 00 00 00 00 00 00 00 00 00 00 00 00 00 00 00 00 00 00 00
                  00 00 00 00 00 00 00 00 00 00 00 00 00 00 00 00 00 00 00 00
                  00 00 00 00 00 00 00 00 00 00 00 00 00 00 00 00 00 00 00 00
                  00 00 00 00 00 00 00 00 00 00 00 00 00 00 00 00 00 00 00 00
                  00 00 00 00 00 00 00 00 00 00 00 00 00 00 00 00 00 00 00 00
                  00 00 00 00 00 00 00 00 00 00 00 00 00 00 00 00 00 00 00 00
                  00 00 00 00 00 00 00 00 00 00 00 00 00 00 00 00 00 00 00 00
                  00 00 00 00 00 00 00 00 00 00 00 00 00 00 00 00 00 00 00 00
                  00 00 00 00 00 00 00 00 00 00 00 00 00 00 00 00 00 00 00 00
                  00 00 00 00 00 00 00 00 00 00 00 00 00 00 00 00 00 00 00 00
                  00 00 00 00 00 00 00 00 00 00 00 00 00 00 00 00 00 00 00 00
                  00 00 00 00 00 00 00 00 00 00 00 00 00 00 00 00 00 00 00 00
                  00 00 00 00 00 00 00 00 00 00 00 00 00 00 00 00 00 00 00 00
                  00 00 00 00 00 00 00 00 00 00 00 00 00 00 00 00 00 00 00 00
                  00 00 00 00 00 00 00 00 00 00 00 00 00 00 00 00 00 00 00 00
                  00 00 00 00 00 00 00 00 00 00 00 00 00 00 00 00 00 00 00 00
                  00 00 00 00 00 00 00 00 00 00 00 00 00 00 00 00 00 00 00 00
                  00 00 00 00 00 00 00 00 00 00 00 00 00 00 00 0a 00 00 00 61
                  00 00 00 cc 00 00 00 ff 00 00 00 ff 00 00 00 ff 00 00 00 ff
                  00 00 00 ff 00 00 00 ff 00 00 00 ff 00 00 00 ff 00 00 00 ff
                  00 00 00 ff 00 00 00 ff 00 00 00 ff 00 00 00 ff 00 00 00 ff
                  00 00 00 ff 00 00 00 fe 00 00 00 ba 00 00 00 50 00 00 00 04
                  00 00 00 00 00 00 00 00 00 00 00 00 00 00 00 00 00 00 00 00
                  00 00 00 00 00 00 00 00 00 00 00 00 00 00 00 00 00 00 00 00
                  00 00 00 00 00 00 00 00 00 00 00 00 00 00 00 00 00 00 00 00
                  00 00 00 00 00 00 00 00 00 00 00 00 00 00 00 00 00 00 00 00
                  00 00 00 00 00 00 00 00 00 00 00 00 00 00 00 00 00 00 00 00
                  00 00 00 00 00 00 00 00 00 00 00 00 00 00 00 00 00 00 00 00
                  00 00 00 00 00 00 00 00 00 00 00 00 00 00 00 00 00 00 00 00
                  00 00 00 00 00 00 00 00 00 00 00 00 00 00 00 00 00 00 00 00
                  00 00 00 00 00 00 00 00 00 00 00 00 00 00 00 00 00 00 00 00
                  00 00 00 00 00 00 00 00 00 00 00 00 00 00 00 00 00 00 00 00
                  00 00 00 00 00 00 00 00 00 00 00 00 00 00 00 00 00 00 00 00
                  00 00 00 00 00 00 00 00 00 00 00 00 00 00 00 00 00 00 00 00
                  00 00 00 00 00 00 00 00 00 00 00 00 00 00 00 00 00 00 00 00
                  00 00 00 00 00 00 00 00 00 00 00 00 00 00 00 00 00 00 00 00
                  00 00 00 00 00 00 00 00 00 00 00 00 00 00 00 00 00 00 00 00
                  00 00 00 00 00 00 00 00 00 00 00 00 00 00 00 00 00 00 00 00
                  00 00 00 00 00 00 00 00 00 00 00 00 00 00 00 00 00 00 00 00
                  00 00 00 00 00 00 00 00 00 00 00 00 00 00 00 00 00 00 00 00
                  00 00 00 00 00 00 00 00 00 00 00 00 00 00 00 00 00 00 00 00
                  00 00 00 00 00 00 00 00 00 00 00 00 00 00 00 00 00 00 00 00
                  00 00 00 00 00 00 00 00 00 00 00 00 00 00 00 00 00 00 00 00
                  00 00 00 00 00 00 00 00 00 00 00 00 00 00 00 00 00 00 00 35
                  00 00 00 9f 00 00 00 f6 00 00 00 ff 00 00 00 ff 00 00 00 ff
                  00 00 00 ff 00 00 00 ff 00 00 00 ff 00 00 00 ff 00 00 00 ff
                  00 00 00 ff 00 00 00 ff 00 00 00 ed 00 00 00 8c 00 00 00 24
                  00 00 00 00 00 00 00 00 00 00 00 00 00 00 00 00 00 00 00 00
                  00 00 00 00 00 00 00 00 00 00 00 00 00 00 00 00 00 00 00 00
                  00 00 00 00 00 00 00 00 00 00 00 00 00 00 00 00 00 00 00 00
                  00 00 00 00 00 00 00 00 00 00 00 00 00 00 00 00 00 00 00 00
                  00 00 00 00 00 00 00 00 00 00 00 00 00 00 00 00 00 00 00 00
                  00 00 00 00 00 00 00 00 00 00 00 00 00 00 00 00 00 00 00 00
                  00 00 00 00 00 00 00 00 00 00 00 00 00 00 00 00 00 00 00 00
                  00 00 00 00 00 00 00 00 00 00 00 00 00 00 00 00 00 00 00 00
                  00 00 00 00 00 00 00 00 00 00 00 00 00 00 00 00 00 00 00 00
                  00 00 00 00 00 00 00 00 00 00 00 00 00 00 00 00 00 00 00 00
                  00 00 00 00 00 00 00 00 00 00 00 00 00 00 00 00 00 00 00 00
                  00 00 00 00 00 00 00 00 00 00 00 00 00 00 00 00 00 00 00 00
                  00 00 00 00 00 00 00 00 00 00 00 00 00 00 00 00 00 00 00 00
                  00 00 00 00 00 00 00 00 00 00 00 00 00 00 00 00 00 00 00 00
                  00 00 00 00 00 00 00 00 00 00 00 00 00 00 00 00 00 00 00 00
                  00 00 00 00 00 00 00 00 00 00 00 00 00 00 00 00 00 00 00 00
                  00 00 00 00 00 00 00 00 00 00 00 00 00 00 00 00 00 00 00 00
                  00 00 00 00 00 00 00 00 00 00 00 00 00 00 00 00 00 00 00 00
                  00 00 00 00 00 00 00 00 00 00 00 00 00 00 00 00 00 00 00 00
                  00 00 00 00 00 00 00 00 00 00 00 00 00 00 00 00 00 00 00 00
                  00 00 00 00 00 00 00 00 00 00 00 00 00 00 00 00 00 00 00 00
                  00 00 00 00 00 00 00 00 00 00 00 00 00 00 00 00 00 00 00 00
                  00 00 00 00 00 00 00 00 00 00 00 00 00 00 00 00 00 00 00 11
                  00 00 00 5e 00 00 00 a2 00 00 00 d4 00 00 00 f6 00 00 00 ff
                  00 00 00 ff 00 00 00 ed 00 00 00 c3 00 00 00 8a 00 00 00 50
                  00 00 00 08 00 00 00 00 00 00 00 00 00 00 00 00 00 00 00 00
                  00 00 00 00 00 00 00 00 00 00 00 00 00 00 00 00 00 00 00 00
                  00 00 00 00 00 00 00 00 00 00 00 00 00 00 00 00 00 00 00 00
                  00 00 00 00 00 00 00 00 00 00 00 00 00 00 00 00 00 00 00 00
                  00 00 00 00 00 00 00 00 00 00 00 00 00 00 00 00 00 00 00 00
                  00 00 00 00 00 00 00 00 00 00 00 00 00 00 00 00 00 00 00 00
                  00 00 00 00 00 00 00 00 00 00 00 00 00 00 00 00 00 00 00 00
                  00 00 00 00 00 00 00 00 00 00 00 00 00 00 00 00 00 00 00 00
                  00 00 00 00 00 00 00 00 00 00 00 00 00 00 00 00 00 00 00 00
                  00 00 00 00 00 00 00 00 00 00 00 00 00 00 00 00 00 00 00 00
                  00 00 00 00 00 00 00 00 00 00 00 00 00 00 00 00 00 00 00 00
                  00 00 00 00 00 00 00 00 00 00 00 00 00 00 00 00
               ]
            }
      )
      dict entry(
         string "sender-pid"
         variant             int64 459019
      )
   ]
   int32 -1
signal time=1773323185.596569 sender=:1.5 -> destination=(null destination) serial=212 path=/org/freedesktop/Notifications; interface=org.freedesktop.Notifications; member=NotificationClosed
   uint32 40
   uint32 1
